-- phpMyAdmin SQL Dump
-- version 5.0.4
-- https://www.phpmyadmin.net/
--
-- Host: 127.0.0.1
-- Generation Time: Mar 19, 2021 at 04:27 AM
-- Server version: 10.4.17-MariaDB
-- PHP Version: 7.3.27

SET SQL_MODE = "NO_AUTO_VALUE_ON_ZERO";
START TRANSACTION;
SET time_zone = "+00:00";


/*!40101 SET @OLD_CHARACTER_SET_CLIENT=@@CHARACTER_SET_CLIENT */;
/*!40101 SET @OLD_CHARACTER_SET_RESULTS=@@CHARACTER_SET_RESULTS */;
/*!40101 SET @OLD_COLLATION_CONNECTION=@@COLLATION_CONNECTION */;
/*!40101 SET NAMES utf8mb4 */;

--
-- Database: `cadd`
--

-- --------------------------------------------------------

--
-- Table structure for table `admin`
--

CREATE TABLE `admin` (
  `admin_id` int(50) NOT NULL,
  `name` varchar(100) NOT NULL,
  `username` varchar(50) NOT NULL,
  `email` varchar(100) NOT NULL,
  `password` varchar(250) NOT NULL,
  `branch_id` varchar(50) NOT NULL,
  `level` int(11) DEFAULT 1,
  `profile` varchar(300) DEFAULT NULL
) ENGINE=MyISAM DEFAULT CHARSET=latin1;

--
-- Dumping data for table `admin`
--

INSERT INTO `admin` (`admin_id`, `name`, `username`, `email`, `password`, `branch_id`, `level`, `profile`) VALUES
(124, 'Manuja Somarathne', 'manujas', 'manujas@ewisl.net', '3767dbde77b93f390415313d5321efae', '', 1, 'user.png'),
(101, 'Admin KandyRoot', 'admin_k', 'achila.nilaweera@gmail.com', '21232f297a57a5a743894a0e4a801fc3', '201', 1, '58290-fb_img_1485097960410.jpg'),
(133, 'Admin_Jaffna', 'admin_jaffna', 'amilad@ewisl.net', '3767dbde77b93f390415313d5321efae', '207', 2, 'user.png'),
(134, 'accounts_admin', 'admin_acc', 'admin@gmail.com', '3767dbde77b93f390415313d5321efae', '', 1, '72032-bg1.jpg'),
(132, 'Admin_Kuru', 'admin_Kuru', 'amilad@ewisl.net', '3767dbde77b93f390415313d5321efae', '202', 2, 'user.png'),
(123, 'Buddhi Priyanga', 'buddhis', 'buddhis@ewisl.net', '3767dbde77b93f390415313d5321efae', '201', 1, 'user.png'),
(130, 'Co_Kurunagala', 'Co_Kurunagala', 'info@caddcentre.lk', '3767dbde77b93f390415313d5321efae', '202', 3, '50138-cadd.png'),
(131, 'Co_Jaffna', 'Co_Jaffna', 'info@caddcentre.lk', '17adef7d46d7c3a0097476263c253ca6', '207', 3, 'user.png'),
(125, 'Accounts', 'samank', 'samank@ewisl.net', '3767dbde77b93f390415313d5321efae', '201', 2, 'user.png'),
(126, 'Co_Kollupitiya', 'Co_Kollupitiya', 'info@caddcentre.lk', '3767dbde77b93f390415313d5321efae', '210', 3, 'user.png'),
(127, 'Co-Malabe', 'Co-Malabe', 'info@caddcentre.lk', '3767dbde77b93f390415313d5321efae', '200', 3, 'user.png'),
(128, 'Admin Malabe', 'admin_m', 'info@caddcentre.lk', '3767dbde77b93f390415313d5321efae', '200', 2, 'user.png'),
(129, 'Admin Kollupitiya', 'adminkol', 'info@caddcentre.lk', '3767dbde77b93f390415313d5321efae', '210', 2, 'user.png'),
(122, 'Kandy_Co', 'Kandy_Co', 'caddkandy@gmail.com', '3767dbde77b93f390415313d5321efae', '201', 3, 'user.png');

-- --------------------------------------------------------

--
-- Table structure for table `branch`
--

CREATE TABLE `branch` (
  `branch_id` int(50) NOT NULL,
  `name` varchar(100) NOT NULL
) ENGINE=MyISAM DEFAULT CHARSET=latin1;

--
-- Dumping data for table `branch`
--

INSERT INTO `branch` (`branch_id`, `name`) VALUES
(200, 'Malabe'),
(201, 'Kandy'),
(202, 'Kurunagala'),
(204, 'Kegalle'),
(205, 'Batticaloa'),
(206, 'Bandarawela'),
(207, 'Jaffna'),
(208, 'Polonnaruwa'),
(209, 'Anuradhapura'),
(210, 'Kollupitiya');

-- --------------------------------------------------------

--
-- Table structure for table `branch_per`
--

CREATE TABLE `branch_per` (
  `branch_per_id` int(50) NOT NULL,
  `percentage` int(3) NOT NULL,
  `date` varchar(100) DEFAULT NULL,
  `editedBy` varchar(100) DEFAULT NULL
) ENGINE=MyISAM DEFAULT CHARSET=latin1;

--
-- Dumping data for table `branch_per`
--

INSERT INTO `branch_per` (`branch_per_id`, `percentage`, `date`, `editedBy`) VALUES
(200, 100, '2017-10-09', 'admin'),
(201, 20, '2017-09-01', 'admin root'),
(202, 20, '2017-09-01', 'admin root'),
(203, 100, '2017-10-09', 'admin'),
(204, 20, '2017-09-01', 'admin root'),
(205, 20, '2017-10-09', 'admin'),
(206, 20, '2017-09-01', 'admin root'),
(207, 20, '2017-09-01', 'admin root'),
(208, 25, '2017-09-01', 'admin root'),
(209, 25, '2017-09-01', 'admin root'),
(210, 100, '2017-10-09', 'admin');

-- --------------------------------------------------------

--
-- Table structure for table `course`
--

CREATE TABLE `course` (
  `course_id` int(200) NOT NULL,
  `c_name` varchar(150) NOT NULL,
  `course_fee` int(100) NOT NULL,
  `duration` varchar(100) NOT NULL,
  `state` varchar(10) DEFAULT 'T',
  `addedDate` varchar(54) DEFAULT NULL,
  `expdate` varchar(54) DEFAULT NULL
) ENGINE=MyISAM DEFAULT CHARSET=latin1;

--
-- Dumping data for table `course`
--

INSERT INTO `course` (`course_id`, `c_name`, `course_fee`, `duration`, `state`, `addedDate`, `expdate`) VALUES
(1, 'FCADD(AUTOCAD)', 25000, '4', 'F', '2017-09-19', '2020-09-27'),
(2, 'FCADD MEP', 27500, '2.5', 'F', '2017-09-19', '2020-09-27'),
(3, 'REVIT', 32500, '2.5', 'F', '2017-09-19', '2020-09-27'),
(4, 'REVIT MEP', 32500, '2.5', 'F', '2017-09-19', '2020-09-27'),
(5, 'DID', 100000, '8', 'F', '2017-09-19', '2020-09-27'),
(6, 'DID MASTER DIP.', 175000, '12', 'F', '2017-09-19', '2020-09-27'),
(7, 'DPPM', 32500, '3', 'F', '2017-09-19', '2020-09-27'),
(8, 'PRO - E', 45000, '2.5', 'F', '2017-09-19', '2020-09-27'),
(9, 'PPP (PRIMAVERA)', 32500, '2.5', 'F', '2017-09-19', '2020-09-27'),
(10, 'QS', 32500, '2.5', 'F', '2017-09-19', '2020-09-27'),
(11, 'MANUAL DRAFT', 20000, '2.5', 'F', '2017-09-19', '2020-09-27'),
(12, '3DS MAX', 25000, '3', 'F', '2017-09-19', '2020-09-27'),
(13, 'CIVIL 3D', 37500, '3', 'F', '2017-09-19', '2020-09-27'),
(14, 'STAAD PRO', 36000, '2.5', 'F', '2017-09-19', '2020-09-27'),
(15, 'SOLID WORK', 37500, '4', 'F', '2017-09-19', '2020-09-27'),
(16, 'QTO', 20000, '6', 'F', '2017-09-19', '2017-09-19'),
(17, 'Navis Works', 30000, '2.5', 'F', '2017-09-19', '2020-09-27'),
(18, 'SAP 2000', 40000, '2.5', 'F', '2017-09-19', '2020-09-27'),
(19, 'Corel Draw', 20000, '1', 'F', '2017-09-19', '2020-09-27'),
(20, 'Photoshop', 20000, '1', 'F', '2017-09-19', '2020-09-27'),
(21, 'Illustrator', 20000, '1', 'F', '2017-09-19', '2020-09-27'),
(22, 'Indesign', 20000, '1', 'F', '2017-09-19', '2020-09-27'),
(23, 'MEP QS', 25000, '2.5', 'F', '2017-09-19', '2020-09-27'),
(24, 'E-TABS', 40000, '2.5', 'F', '2017-09-19', '2020-09-27'),
(25, 'AUTOCAD ELECTRICAL', 28000, '2.5', 'F', '2017-09-19', '2020-09-27'),
(26, 'PMP', 40000, '1', 'F', '2017-09-19', '2020-09-27'),
(27, 'CAPM', 30000, '1', 'F', '2017-09-19', '2020-09-27'),
(28, 'FOUNDATION - PMI', 20000, '1', 'F', '2017-09-19', '2020-09-27'),
(29, 'FCADD(AUTOCAD)', 25000, '4', 'F', '2020-09-27', '2020-09-27'),
(30, 'REVIT', 37500, '2.5', 'F', '2020-09-27', '2020-09-27'),
(31, 'FCADD MEP', 25000, '2.5', 'T', '2020-09-27', NULL),
(32, 'FCADD(AUTOCAD)', 25000, '4', 'T', '2020-09-27', NULL),
(33, 'REVIT', 37500, '2.5', 'T', '2020-09-27', NULL),
(34, 'REVIT MEP', 37500, '2.5', 'T', '2020-09-27', NULL),
(35, 'DID', 115000, '8', 'T', '2020-09-27', NULL),
(36, 'DID MASTER DIP.', 201500, '12', 'T', '2020-09-27', NULL),
(37, 'DPPM', 37500, '3', 'T', '2020-09-27', NULL),
(38, 'PRO - E', 52000, '2.5', 'T', '2020-09-27', NULL),
(39, 'PPP (PRIMAVERA)', 37500, '2.5', 'T', '2020-09-27', NULL),
(40, 'QS', 37500, '4', 'T', '2020-09-27', NULL),
(41, 'MANUAL DRAFT', 23000, '2.5', 'T', '2020-09-27', NULL),
(42, '3DS MAX', 29000, '3', 'T', '2020-09-27', NULL),
(43, 'STAAD PRO', 41500, '2.5', 'T', '2020-09-27', NULL),
(44, 'CIVIL 3D', 43500, '3', 'T', '2020-09-27', NULL),
(45, 'SOLID WORK', 43500, '4', 'T', '2020-09-27', NULL),
(46, 'Navis Works', 34500, '2.5', 'T', '2020-09-27', NULL),
(47, 'SAP 2000', 46000, '2.5', 'T', '2020-09-27', NULL),
(48, 'Corel Draw', 23000, '1', 'T', '2020-09-27', NULL),
(49, 'Photoshop', 23000, '1', 'T', '2020-09-27', NULL),
(50, 'Illustrator', 23000, '1', 'T', '2020-09-27', NULL),
(51, 'Indesign', 23000, '1', 'T', '2020-09-27', NULL),
(52, 'MEP QS', 29000, '2.5', 'T', '2020-09-27', NULL),
(53, 'E-TABS', 46000, '2.5', 'T', '2020-09-27', NULL),
(54, 'AUTOCAD ELECTRICAL', 35000, '2.5', 'T', '2020-09-27', NULL),
(55, 'PMP', 46000, '1', 'T', '2020-09-27', NULL),
(56, 'CAPM', 34500, '1', 'T', '2020-09-27', NULL),
(57, 'FOUNDATION - PMI', 23000, '1', 'T', '2020-09-27', NULL);

-- --------------------------------------------------------

--
-- Table structure for table `course_installment`
--

CREATE TABLE `course_installment` (
  `course_id` int(50) NOT NULL,
  `installment_01` int(100) DEFAULT NULL,
  `installment_02` int(100) DEFAULT NULL,
  `installment_03` int(100) DEFAULT NULL
) ENGINE=MyISAM DEFAULT CHARSET=latin1;

--
-- Dumping data for table `course_installment`
--

INSERT INTO `course_installment` (`course_id`, `installment_01`, `installment_02`, `installment_03`) VALUES
(14, 14000, 11000, 11000),
(13, 15500, 11000, 11000),
(12, 10000, 7500, 7500),
(11, 12000, 8000, 0),
(10, 13500, 9500, 9500),
(9, 20000, 12500, 0),
(8, 18000, 13500, 13500),
(7, 13500, 9500, 9500),
(6, 70000, 52500, 52500),
(5, 40000, 30000, 30000),
(4, 20000, 12500, 0),
(3, 20000, 12500, 0),
(2, 11500, 8000, 8000),
(1, 10000, 7500, 7500),
(15, 15500, 11000, 11000),
(16, 12000, 8000, 0),
(17, 18000, 12000, 0),
(18, 24000, 16000, 0),
(19, 12000, 8000, 0),
(20, 12000, 8000, 0),
(21, 12000, 8000, 0),
(22, 12000, 8000, 0),
(23, 10000, 7500, 7500),
(24, 24000, 16000, 0),
(25, 16000, 12000, 0),
(26, 40000, 0, 0),
(27, 30000, 0, 0),
(28, 20000, 0, 0),
(29, 10000, 7500, 7500),
(30, 20000, 10000, 7500),
(31, 10000, 7500, 7500),
(32, 10000, 7500, 7500),
(33, 20000, 10000, 7500),
(34, 20000, 10000, 7500),
(35, 40000, 40000, 35000),
(36, 80000, 80000, 41500),
(37, 20000, 10000, 7500),
(38, 25000, 13500, 13500),
(39, 20000, 10000, 7500),
(40, 20000, 10000, 7500),
(41, 12000, 5500, 5500),
(42, 12000, 9500, 7500),
(43, 20000, 11000, 10500),
(44, 20000, 12000, 11500),
(45, 20000, 12000, 11500),
(46, 16000, 12000, 6500),
(47, 26000, 20000, 0),
(48, 12000, 5500, 5500),
(49, 12000, 5500, 5500),
(50, 12000, 5500, 5500),
(51, 12000, 5500, 5500),
(52, 12000, 10000, 7000),
(53, 20000, 16000, 10000),
(54, 15000, 10000, 10000),
(55, 23000, 11500, 11500),
(56, 20000, 14500, 0),
(57, 13000, 10000, 0);

-- --------------------------------------------------------

--
-- Table structure for table `c_assign`
--

CREATE TABLE `c_assign` (
  `id` int(11) NOT NULL,
  `l_name` varchar(55) NOT NULL,
  `c_name` varchar(100) NOT NULL,
  `rate` varchar(50) NOT NULL,
  `tot_hr` time NOT NULL,
  `hr` time NOT NULL,
  `from_date` date DEFAULT NULL,
  `to_date` date DEFAULT NULL,
  `status` varchar(10) NOT NULL
) ENGINE=InnoDB DEFAULT CHARSET=utf8mb4;

-- --------------------------------------------------------

--
-- Table structure for table `discount_group`
--

CREATE TABLE `discount_group` (
  `id` int(50) NOT NULL,
  `memStart` int(100) DEFAULT NULL,
  `memEnd` int(100) DEFAULT NULL,
  `discount` varchar(100) DEFAULT NULL
) ENGINE=MyISAM DEFAULT CHARSET=latin1;

--
-- Dumping data for table `discount_group`
--

INSERT INTO `discount_group` (`id`, `memStart`, `memEnd`, `discount`) VALUES
(29, 5, 10, '0.2'),
(30, 11, 15, '0.25'),
(31, 16, 20, '0.30'),
(32, 21, 100, '0.40'),
(33, 1, 4, '0');

-- --------------------------------------------------------

--
-- Table structure for table `discount_member`
--

CREATE TABLE `discount_member` (
  `id` int(50) NOT NULL,
  `prev_courses` int(50) DEFAULT NULL,
  `fullPay_discount` varchar(50) DEFAULT NULL,
  `halfPay_discount` varchar(50) DEFAULT NULL
) ENGINE=MyISAM DEFAULT CHARSET=latin1;

--
-- Dumping data for table `discount_member`
--

INSERT INTO `discount_member` (`id`, `prev_courses`, `fullPay_discount`, `halfPay_discount`) VALUES
(1, 1, '10', '0'),
(2, 2, '10', '0'),
(3, 3, '15', '5'),
(4, 4, '15', '5'),
(5, 5, '20', '10'),
(6, 6, '20', '10');

-- --------------------------------------------------------

--
-- Table structure for table `lecture_reg`
--

CREATE TABLE `lecture_reg` (
  `id` int(11) NOT NULL,
  `nic` varchar(11) NOT NULL,
  `f_name` varchar(50) NOT NULL,
  `l_name` varchar(50) NOT NULL,
  `email` varchar(100) NOT NULL,
  `phone` int(15) NOT NULL,
  `password` varchar(55) NOT NULL,
  `r_date` date NOT NULL
) ENGINE=InnoDB DEFAULT CHARSET=utf8mb4;

-- --------------------------------------------------------

--
-- Table structure for table `lec_pay`
--

CREATE TABLE `lec_pay` (
  `id` int(8) NOT NULL,
  `l_name` varchar(30) DEFAULT NULL,
  `c_name` varchar(30) DEFAULT NULL,
  `tot` time DEFAULT NULL,
  `rate` varchar(20) DEFAULT NULL,
  `pay` float NOT NULL,
  `pay_month` varchar(20) NOT NULL,
  `sy_date` date DEFAULT NULL,
  `as_id` int(11) NOT NULL,
  `approve` varchar(10) NOT NULL,
  `finalize` varchar(20) NOT NULL
) ENGINE=InnoDB DEFAULT CHARSET=utf8mb4;

-- --------------------------------------------------------

--
-- Table structure for table `log`
--

CREATE TABLE `log` (
  `log_id` int(255) NOT NULL,
  `log_admin_id` varchar(50) DEFAULT NULL,
  `start_time` varchar(100) DEFAULT NULL,
  `end_time` varchar(100) DEFAULT NULL,
  `date` varchar(100) DEFAULT NULL,
  `log_details` varchar(500) DEFAULT NULL
) ENGINE=MyISAM DEFAULT CHARSET=latin1;

--
-- Dumping data for table `log`
--

INSERT INTO `log` (`log_id`, `log_admin_id`, `start_time`, `end_time`, `date`, `log_details`) VALUES
(1, 'admin_k', '1506581480', 'newaccount', '2017-09-28', 'Level 3 account created for Malabe DataEntry'),
(2, 'admin_k', '1506581609', 'uptdaccount', '2017-09-28', 'Malabe DataEntry2`s Account details updated!'),
(3, 'admin', '1506581978', 'uptdaccount', '2017-09-28', 'Malabe DataEntry2`s account deleted!'),
(4, 'admin_k', '1506587031', 'uptdaccount', '2017-09-28', 'Kegalle BranchManager`s Account details updated!'),
(5, 'admin_k', '1506587061', 'newaccount', '2017-09-28', 'Level 3 account created for test acc'),
(6, 'admin_k', '1506587087', 'uptdaccount', '2017-09-28', 'test acc`s account deleted!'),
(7, 'admin', '1506589208', 'newaccount', '2017-09-28', 'Level 2 account created for test'),
(8, 'admin_k', '1506610549', 'uptdaccount', '2017-09-28', 'test`s account deleted!'),
(9, 'admin_k', '1506669003', 'newaccount', '2017-09-29', 'Level 1 account created for Test user'),
(10, 'admin', '1506928892', 'newcourse', '2017-10-02', 'New student registered : NIC : 941681581V  '),
(11, 'admin', '1506929528', 'newcourse', '2017-10-02', 'New student registered : NIC : 946132616V  '),
(12, 'admin', '1507036996', 'uptdaccount', '2017-10-03', 'Manuja somarathna`s Account details updated!'),
(13, 'admin', '1507037076', 'uptdaccount', '2017-10-03', 'Kurunagala CADD`s Account details updated!'),
(14, 'admin', '1507038086', 'uptdaccount', '2017-10-03', 'Test user`s account deleted!'),
(15, 'admin', '1507088530', 'newcourse', '2017-10-03', 'New student registered : NIC : 983242677V  '),
(16, 'admin', '1507089302', 'newcourse', '2017-10-03', 'New student registered : NIC : 860971682V  '),
(17, 'admin', '1507089961', 'newcourse', '2017-10-03', 'New student registered : NIC : 851683771V  '),
(18, 'admin', '1507090705', 'newcourse', '2017-10-03', 'New student registered : NIC : 863630452V  '),
(19, 'admin', '1507091756', 'newcourse', '2017-10-03', 'New student registered : NIC : 805212870V  '),
(20, 'admin', '1507092165', 'newcourse', '2017-10-03', 'New student registered : NIC : 886370016V  '),
(21, 'admin', '1507092547', 'newcourse', '2017-10-03', 'New student registered : NIC : 960832795V  '),
(22, 'admin', '1507092651', 'uptdaccount', '2017-10-03', 'Sumudu Lakshika`s Account details updated!'),
(23, 'admin', '1507092793', 'uptdaccount', '2017-10-03', 'Sumudu Lakshika`s account deleted!'),
(24, 'admin', '1507092841', 'newaccount', '2017-10-03', 'Level 2 account created for Sumudu Lakshika'),
(25, 'cadd_k', '1507094062', 'newcourse', '2017-10-04', 'New student registered : NIC : 792990398V  '),
(26, 'cadd_k', '1507094397', 'newcourse', '2017-10-04', 'New student registered : NIC : 633520321V  '),
(27, 'cadd_k', '1507094762', 'newcourse', '2017-10-04', 'New student registered : NIC : 913024010V  '),
(28, 'cadd_k', '1507095126', 'newcourse', '2017-10-04', 'New student registered : NIC : 870861788V  '),
(29, 'cadd_k', '1507095384', 'newcourse', '2017-10-04', 'New student registered : NIC : 832754978V  '),
(30, 'admin', '1507539964', 'edbranch', '2017-10-09', 'Batticaloa branch details updated.'),
(31, 'admin', '1507540208', 'newaccount', '2017-10-09', 'Level 1 account created for Financial Manager'),
(32, 'admin', '1507541157', 'uptdaccount', '2017-10-09', 'Chinthaka Dissanayake`s account deleted!'),
(33, 'admin', '1507541168', 'uptdaccount', '2017-10-09', 'Vimukthi Mudalige`s account deleted!'),
(34, 'admin', '1507544878', 'edbranch', '2017-10-09', 'Malabe branch details updated.'),
(35, 'admin', '1507544893', 'edbranch', '2017-10-09', 'Colombo branch details updated.'),
(36, 'admin', '1507544985', 'edbranch', '2017-10-09', 'Kollupitiya branch details updated.'),
(37, 'admin_k', '1507547289', 'uptdaccount', '2017-10-09', 'Colombo DataEntry`s Account details updated!'),
(38, 'admin_k', '1507547348', 'uptdaccount', '2017-10-09', 'Kollupitiya DataEntry`s Account details updated!'),
(39, 'cadd_k', '1507609196', 'newcourse', '2017-10-09', 'New student registered : NIC : 960190297V  '),
(40, 'admin', '1507711214', 'newaccount', '2017-10-11', 'Level 2 account created for Kandy DataEntry'),
(41, 'cadd_k', '1507712121', 'newcourse', '2017-10-11', 'New student registered : NIC : 883442695V  '),
(42, 'cadd_k', '1507712841', 'newcourse', '2017-10-11', 'New student registered : NIC : 942673982V  '),
(43, 'cadd_k', '1507713345', 'newcourse', '2017-10-11', 'New student registered : NIC : 922013098V  '),
(44, 'cadd_k', '1507713744', 'newcourse', '2017-10-11', 'New student registered : NIC : 617521040V  '),
(45, 'cadd_k', '1507715030', 'newcourse', '2017-10-11', 'New student registered : NIC : 886790155V  '),
(46, 'cadd_k', '1507715290', 'newcourse', '2017-10-11', 'New student registered : NIC : 703102166V  '),
(47, 'cadd_k', '1507716641', 'newcourse', '2017-10-11', 'New student registered : NIC : 199981910013  '),
(48, 'cadd_k', '1507716885', 'newcourse', '2017-10-11', 'New student registered : NIC : 980043100V  '),
(49, 'cadd_k', '1507717156', 'newcourse', '2017-10-11', 'New student registered : NIC : 871311315V  '),
(50, 'cadd_k', '1507717432', 'newcourse', '2017-10-11', 'New student registered : NIC : 636290696V  '),
(51, 'cadd_k', '1507717753', 'newcourse', '2017-10-11', 'New student registered : NIC : 937864108V  '),
(52, 'cadd_k', '1507718255', 'newcourse', '2017-10-11', 'New student registered : NIC : 922174369V  '),
(53, 'cadd_k', '1507718586', 'newcourse', '2017-10-11', 'New student registered : NIC : 807322974V  '),
(54, 'cadd_k', '1507798649', 'newcourse', '2017-10-12', 'New student registered : NIC : 801732470V  '),
(55, 'cadd_k', '1507799029', 'newcourse', '2017-10-12', 'New student registered : NIC : 933023648V  '),
(56, 'cadd_k', '1507799250', 'newcourse', '2017-10-12', 'New student registered : NIC : 961282179V  '),
(57, 'cadd_k', '1507883071', 'newcourse', '2017-10-13', 'New student registered : NIC : 610965371V  '),
(58, 'cadd_k', '1507883352', 'newcourse', '2017-10-13', 'New student registered : NIC : 892353379V  '),
(59, 'cadd_k', '1507883605', 'newcourse', '2017-10-13', 'New student registered : NIC : 937651171V  '),
(60, 'cadd_k', '1507883882', 'newcourse', '2017-10-13', 'New student registered : NIC : 860661373V  '),
(61, 'cadd_k', '1507884437', 'newcourse', '2017-10-13', 'New student registered : NIC : 831410663V  '),
(62, 'cadd_k', '1507885066', 'newcourse', '2017-10-13', 'New student registered : NIC : 832020460V  '),
(63, 'cadd_k', '1507885490', 'newcourse', '2017-10-13', 'New student registered : NIC : 872473823V  '),
(64, 'cadd_k', '1507885719', 'newcourse', '2017-10-13', 'New student registered : NIC : 872961089V  '),
(65, 'cadd_k', '1507885944', 'newcourse', '2017-10-13', 'New student registered : NIC : 881601052V  '),
(66, 'cadd_k', '1507886210', 'newcourse', '2017-10-13', 'New student registered : NIC : 932744481V  '),
(67, 'cadd_k', '1507887493', 'newcourse', '2017-10-13', 'New student registered : NIC : 821910960V  '),
(68, 'cadd_k', '1507887662', 'newcourse', '2017-10-13', 'New student registered : NIC : 852743107V  '),
(69, 'cadd_k', '1507887832', 'newcourse', '2017-10-13', 'New student registered : NIC : 930762261V  '),
(70, 'cadd_k', '1507888852', 'newcourse', '2017-10-13', 'New student registered : NIC : 932503930V  '),
(71, 'cadd_k', '1507889022', 'newcourse', '2017-10-13', 'New student registered : NIC : 626532497V  '),
(72, 'cadd_k', '1507889173', 'newcourse', '2017-10-13', 'New student registered : NIC : 813260123V  '),
(73, 'cadd_k', '1507889432', 'newcourse', '2017-10-13', 'New student registered : NIC : 941032427V  '),
(74, 'cadd_k', '1507889621', 'newcourse', '2017-10-13', 'New student registered : NIC : 901930368V  '),
(75, 'cadd_k', '1507889885', 'newcourse', '2017-10-13', 'New student registered : NIC : 892171556V  '),
(76, 'cadd_k', '1507890048', 'newcourse', '2017-10-13', 'New student registered : NIC : 870991193V  '),
(77, 'cadd_k', '1507890213', 'newcourse', '2017-10-13', 'New student registered : NIC : 926273728V  '),
(78, 'cadd_k', '1508137868', 'newcourse', '2017-10-16', 'New student registered : NIC : 883480783V  '),
(79, 'cadd_k', '1508139937', 'newcourse', '2017-10-16', 'New student registered : NIC : 945650850V  '),
(80, 'cadd_k', '1508140397', 'newcourse', '2017-10-16', 'New student registered : NIC : 791230489V  '),
(81, 'cadd_k', '1508140884', 'newcourse', '2017-10-16', 'New student registered : NIC : 841600134V  '),
(82, 'cadd_k', '1508141198', 'newcourse', '2017-10-16', 'New student registered : NIC : 910720147V  '),
(83, 'cadd_k', '1508141421', 'newcourse', '2017-10-16', 'New student registered : NIC : 855053292V  '),
(84, 'cadd_k', '1508142639', 'newcourse', '2017-10-16', 'New student registered : NIC : 960043715V  '),
(85, 'cadd_k', '1508142916', 'newcourse', '2017-10-16', 'New student registered : NIC : 955400070V  '),
(86, 'cadd_k', '1508143222', 'newcourse', '2017-10-16', 'New student registered : NIC : 946370924V  '),
(87, 'cadd_k', '1508143660', 'newcourse', '2017-10-16', 'New student registered : NIC : 956870739V  '),
(88, 'cadd_k', '1508144053', 'newcourse', '2017-10-16', 'New student registered : NIC : 938221685V  '),
(89, 'cadd_k', '1508226718', 'newcourse', '2017-10-17', 'New student registered : NIC : 870841019V  '),
(90, 'cadd_k', '1508226994', 'newcourse', '2017-10-17', 'New student registered : NIC : 923521720V  '),
(91, 'cadd_k', '1508227412', 'newcourse', '2017-10-17', 'New student registered : NIC : 913320336V  '),
(92, 'cadd_k', '1508230216', 'newcourse', '2017-10-17', 'New student registered : NIC : 930793353V  '),
(93, 'cadd_k', '1508230803', 'newcourse', '2017-10-17', 'New student registered : NIC : 942081758V  '),
(94, 'cadd_k', '1508231712', 'newcourse', '2017-10-17', 'New student registered : NIC : 892140146V  '),
(95, 'cadd_k', '1508231982', 'newcourse', '2017-10-17', 'New student registered : NIC : 867470859V  '),
(96, 'cadd_k', '1508232212', 'newcourse', '2017-10-17', 'New student registered : NIC : 851914366V  '),
(97, 'cadd_k', '1508384925', 'newcourse', '2017-10-18', 'New student registered : NIC : 878283252V  '),
(98, 'cadd_k', '1508385354', 'newcourse', '2017-10-18', 'New student registered : NIC : 932012227V  '),
(99, 'cadd_k', '1508385924', 'newcourse', '2017-10-18', 'New student registered : NIC : 956160090V  '),
(100, 'cadd_k', '1508386310', 'newcourse', '2017-10-18', 'New student registered : NIC : 872703942V  '),
(101, 'cadd_k', '1508386740', 'newcourse', '2017-10-18', 'New student registered : NIC : 958144229V  '),
(102, 'Admin', '1508485096', 'newaccount', '2017-10-20', 'Level 2 account created for Kandy_cadd'),
(103, 'kandy_cadd', '1508485988', 'newcourse', '2017-10-20', 'New student registered : NIC : 870611781V  '),
(104, 'Admin', '1508487238', 'newaccount', '2017-10-20', 'Level 3 account created for Nexgen_kandy'),
(105, 'admin', '1508497702', 'newaccount', '2017-10-20', 'Level 2 account created for test'),
(106, 'nexgen_cadd', '1508742739', 'newcourse', '2017-10-23', 'New student registered : NIC : 912241432V  '),
(107, 'nexgen_cadd', '1508750238', 'newcourse', '2017-10-23', 'New student registered : NIC : 960081463V  '),
(108, 'nexgen_cadd', '1508751064', 'newcourse', '2017-10-23', 'New student registered : NIC : 882534103V  '),
(109, 'nexgen_cadd', '1508752941', 'newcourse', '2017-10-23', 'New student registered : NIC : 940023408V  '),
(110, 'nexgen_cadd', '1508753220', 'newcourse', '2017-10-23', 'New student registered : NIC : 931052403V  '),
(111, 'nexgen_cadd', '1508753459', 'newcourse', '2017-10-23', 'New student registered : NIC : 891971729V  '),
(112, 'nexgen_cadd', '1508755121', 'newcourse', '2017-10-23', 'New student registered : NIC : 903520639V  '),
(113, 'nexgen_cadd', '1508755887', 'newcourse', '2017-10-23', 'New student registered : NIC : 908272978V  '),
(114, 'nexgen_cadd', '1508756227', 'newcourse', '2017-10-23', 'New student registered : NIC : 922174369V  '),
(115, 'nexgen_cadd', '1508756445', 'newcourse', '2017-10-23', 'New student registered : NIC : 932402130V  '),
(116, 'nexgen_cadd', '1508756750', 'newcourse', '2017-10-23', 'New student registered : NIC : 922013098V  '),
(117, 'nexgen_cadd', '1508812976', 'newcourse', '2017-10-23', 'New student registered : NIC : 982282608V  '),
(118, 'cadd_k', '1508824364', 'newcourse', '2017-10-24', 'New student registered : NIC : 960190297V  '),
(119, 'cadd_k', '1508824649', 'newcourse', '2017-10-24', 'New student registered : NIC : 913090942V  '),
(120, 'cadd_k', '1508825183', 'newcourse', '2017-10-24', 'New student registered : NIC : 872603727V  '),
(121, 'cadd_k', '1508825556', 'newcourse', '2017-10-24', 'New student registered : NIC : 936530460V  '),
(122, 'admin', '1509077615', 'newaccount', '2017-10-26', 'Level 2 account created for Lakmal'),
(123, 'cadd_k', '1510031884', 'newcourse', '2017-11-06', 'New student registered : NIC : 805212870V  '),
(124, 'cadd_k', '1510549326', 'newcourse', '2017-11-12', 'New student registered : NIC : 987062835V  '),
(125, 'cadd_k', '1510550391', 'newcourse', '2017-11-12', 'New student registered : NIC : 963271646V  '),
(126, 'cadd_k', '1510550972', 'newcourse', '2017-11-12', 'New student registered : NIC : 943362890V  '),
(127, 'cadd_k', '1510552007', 'newcourse', '2017-11-12', 'New student registered : NIC : 930430811V  '),
(128, 'cadd_k', '1510725967', 'newcourse', '2017-11-15', 'New student registered : NIC : 822380026V  '),
(129, 'admin_k', '1510891911', 'newaccount', '2017-11-16', 'Level 2 account created for Malabe DataEntry'),
(130, 'cadd_malabe', '1510988362', 'newcourse', '2017-11-18', 'New student registered : NIC : 973540734V  '),
(131, 'cadd_k', '1510997956', 'newcourse', '2017-11-18', 'New student registered : NIC : 947162489V  '),
(132, 'cadd_k', '1510998282', 'newcourse', '2017-11-18', 'New student registered : NIC : 891630492V  '),
(133, 'cadd_k', '1510998586', 'newcourse', '2017-11-18', 'New student registered : NIC : 941570275V  '),
(134, 'cadd_k', '1510998843', 'newcourse', '2017-11-18', 'New student registered : NIC : 910960300V  '),
(135, 'cadd_k', '1510999018', 'newcourse', '2017-11-18', 'New student registered : NIC : 923014659V  '),
(136, 'cadd_k', '1511068196', 'newcourse', '2017-11-18', 'New student registered : NIC : 936834094V  '),
(137, 'cadd_k', '1511069526', 'newcourse', '2017-11-18', 'New student registered : NIC : 755322652V  '),
(138, 'cadd_k', '1511069736', 'newcourse', '2017-11-18', 'New student registered : NIC : 876370590V  '),
(139, 'cadd_k', '1511072348', 'newcourse', '2017-11-19', 'New student registered : NIC : 841390288V  '),
(140, 'nexgen_cadd', '1511250510', 'newcourse', '2017-11-21', 'New student registered : NIC : 946080810V  '),
(141, 'nexgen_cadd', '1511250822', 'newcourse', '2017-11-21', 'New student registered : NIC : 953413493V  '),
(142, 'nexgen_cadd', '1511252974', 'newcourse', '2017-11-21', 'New student registered : NIC : 198412602018  '),
(143, 'nexgen_cadd', '1511253190', 'newcourse', '2017-11-21', 'New student registered : NIC : 832011827V  '),
(144, 'nexgen_cadd', '1511255991', 'newcourse', '2017-11-21', 'New student registered : NIC : 905792180V  '),
(145, 'nexgen_cadd', '1511257045', 'newcourse', '2017-11-21', 'New student registered : NIC : 871941548V  '),
(146, 'nexgen_cadd', '1511257246', 'newcourse', '2017-11-21', 'New student registered : NIC : 970730907V  '),
(147, 'nexgen_cadd', '1511258082', 'newcourse', '2017-11-21', 'New student registered : NIC : 800010047V  '),
(148, 'cadd_malabe', '1511325683', 'newcourse', '2017-11-21', 'New student registered : NIC : 982431328V  '),
(149, 'cadd_malabe', '1511325934', 'newcourse', '2017-11-21', 'New student registered : NIC : 956432391V  '),
(150, 'cadd_malabe', '1511326109', 'newcourse', '2017-11-21', 'New student registered : NIC : 199918210283  '),
(151, 'cadd_malabe', '1511326246', 'newcourse', '2017-11-21', 'New student registered : NIC : 976860136V  '),
(152, 'cadd_malabe', '1511326445', 'newcourse', '2017-11-21', 'New student registered : NIC : 770234654V  '),
(153, 'cadd_malabe', '1511945237', 'newcourse', '2017-11-29', 'New student registered : NIC : 973394282V  '),
(154, 'cadd_malabe', '1512020126', 'newcourse', '2017-11-29', 'New student registered : NIC : 958260237V  '),
(155, 'cadd_malabe', '1512020268', 'newcourse', '2017-11-29', 'New student registered : NIC : 953083523v  '),
(156, 'cadd_malabe', '1512020526', 'newcourse', '2017-11-29', 'New student registered : NIC : 967932302v  '),
(157, 'cadd_malabe', '1512020930', 'newcourse', '2017-11-29', 'New student registered : NIC : 956241936V  '),
(158, 'cadd_malabe', '1512021063', 'newcourse', '2017-11-29', 'New student registered : NIC : 970313800V  '),
(159, 'cadd_malabe', '1512021206', 'newcourse', '2017-11-29', 'New student registered : NIC : 961082030V  '),
(160, 'cadd_malabe', '1512021318', 'newcourse', '2017-11-29', 'New student registered : NIC : 961163617V  '),
(161, 'cadd_malabe', '1512021468', 'newcourse', '2017-11-29', 'New student registered : NIC : 690700740V  '),
(162, 'cadd_malabe', '1512021630', 'newcourse', '2017-11-30', 'New student registered : NIC : 961940281V  '),
(163, 'cadd_malabe', '1512021955', 'newcourse', '2017-11-30', 'New student registered : NIC : 951780405V  '),
(164, 'cadd_malabe', '1512022080', 'newcourse', '2017-11-30', 'New student registered : NIC : 950382813V  '),
(165, 'cadd_malabe', '1512022274', 'newcourse', '2017-11-30', 'New student registered : NIC : 963193742v  '),
(166, 'cadd_malabe', '1512022402', 'newcourse', '2017-11-30', 'New student registered : NIC : 957830046V  '),
(167, 'cadd_malabe', '1512023681', 'newcourse', '2017-11-30', 'New student registered : NIC : 956351456V  '),
(168, 'cadd_malabe', '1512023794', 'newcourse', '2017-11-30', 'New student registered : NIC : 841653980V  '),
(169, 'cadd_malabe', '1512023921', 'newcourse', '2017-11-30', 'New student registered : NIC : 930212474v  '),
(170, 'cadd_malabe', '1512024041', 'newcourse', '2017-11-30', 'New student registered : NIC : 861172546V  '),
(171, 'cadd_malabe', '1512024610', 'newcourse', '2017-11-30', 'New student registered : NIC : 675191077V  '),
(172, 'cadd_malabe', '1512024712', 'newcourse', '2017-11-30', 'New student registered : NIC : 970160400V  '),
(173, 'cadd_malabe', '1512024835', 'newcourse', '2017-11-30', 'New student registered : NIC : 196924602610  '),
(174, 'cadd_malabe', '1512024914', 'newcourse', '2017-11-30', 'New student registered : NIC : 862150104V  '),
(175, 'cadd_malabe', '1512025082', 'newcourse', '2017-11-30', 'New student registered : NIC : 830960392V  '),
(176, 'cadd_malabe', '1512025307', 'newcourse', '2017-11-30', 'New student registered : NIC : 895381853V  '),
(177, 'cadd_malabe', '1512025574', 'newcourse', '2017-11-30', 'New student registered : NIC : 897960320V  '),
(178, 'cadd_malabe', '1512027772', 'newcourse', '2017-11-30', 'New student registered : NIC : 946830429V  '),
(179, 'cadd_malabe', '1512029951', 'newcourse', '2017-11-30', 'New student registered : NIC : 968031058V  '),
(180, 'cadd_malabe', '1512030173', 'newcourse', '2017-11-30', 'New student registered : NIC : 961440041V  '),
(181, 'cadd_malabe', '1512030286', 'newcourse', '2017-11-30', 'New student registered : NIC : 961222834V  '),
(182, 'cadd_malabe', '1512030417', 'newcourse', '2017-11-30', 'New student registered : NIC : 941482643V  '),
(183, 'cadd_malabe', '1512030640', 'newcourse', '2017-11-30', 'New student registered : NIC : 610764649V  '),
(184, 'cadd_k', '1512030644', 'newcourse', '2017-11-30', 'New student registered : NIC : 913421264V  '),
(185, 'cadd_malabe', '1512030861', 'newcourse', '2017-11-30', 'New student registered : NIC : 870182945V  '),
(186, 'cadd_malabe', '1512031001', 'newcourse', '2017-11-30', 'New student registered : NIC : 832221910V  '),
(187, 'cadd_malabe', '1512031195', 'newcourse', '2017-11-30', 'New student registered : NIC : 967452033V  '),
(188, 'cadd_malabe', '1512031522', 'newcourse', '2017-11-30', 'New student registered : NIC : 963254350V  '),
(189, 'cadd_malabe', '1512034290', 'newcourse', '2017-11-30', 'New student registered : NIC : 960700740V  '),
(190, 'cadd_malabe', '1512622007', 'newcourse', '2017-12-06', 'New student registered : NIC : 962931898V  '),
(191, 'cadd_malabe', '1512622120', 'newcourse', '2017-12-06', 'New student registered : NIC : 963372809V  '),
(192, 'cadd_malabe', '1512622240', 'newcourse', '2017-12-06', 'New student registered : NIC : 961731143V  '),
(193, 'cadd_malabe', '1512622348', 'newcourse', '2017-12-06', 'New student registered : NIC : 960861264V  '),
(194, 'cadd_malabe', '1512622440', 'newcourse', '2017-12-06', 'New student registered : NIC : 951470937V  '),
(195, 'cadd_malabe', '1512622571', 'newcourse', '2017-12-06', 'New student registered : NIC : 966551500V  '),
(196, 'cadd_malabe', '1512623294', 'newcourse', '2017-12-06', 'New student registered : NIC : 966301023V  '),
(197, 'cadd_malabe', '1512623383', 'newcourse', '2017-12-06', 'New student registered : NIC : 698050605V  '),
(198, 'cadd_malabe', '1512623643', 'newcourse', '2017-12-06', 'New student registered : NIC : 968050605V  '),
(199, 'cadd_malabe', '1512797484', 'newcourse', '2017-12-08', 'New student registered : NIC : 960320980V  '),
(200, 'cadd_malabe', '1512797622', 'newcourse', '2017-12-08', 'New student registered : NIC : 953133253V  '),
(201, 'cadd_malabe', '1512797724', 'newcourse', '2017-12-08', 'New student registered : NIC : 962682049V  '),
(202, 'cadd_malabe', '1512798273', 'newcourse', '2017-12-08', 'New student registered : NIC : 951300519V  '),
(203, 'cadd_malabe', '1512799144', 'newcourse', '2017-12-08', 'New student registered : NIC : 947411055V  '),
(204, 'cadd_malabe', '1512799282', 'newcourse', '2017-12-09', 'New student registered : NIC : 956451353V  '),
(205, 'cadd_malabe', '1512799495', 'newcourse', '2017-12-09', 'New student registered : NIC : 951381624V  '),
(206, 'cadd_malabe', '1512800158', 'newcourse', '2017-12-09', 'New student registered : NIC : 961022681V  '),
(207, 'cadd_malabe', '1513052083', 'newcourse', '2017-12-11', 'New student registered : NIC : 953071690V  '),
(208, 'cadd_malabe', '1513052178', 'newcourse', '2017-12-11', 'New student registered : NIC : 948562375V  '),
(209, 'cadd_malabe', '1513052259', 'newcourse', '2017-12-11', 'New student registered : NIC : 965392360V  '),
(210, 'cadd_malabe', '1513052961', 'newcourse', '2017-12-11', 'New student registered : NIC : 942121059V  '),
(211, 'cadd_k', '1513139381', 'newcourse', '2017-12-12', 'New student registered : NIC : 960581954V  '),
(212, 'cadd_k', '1513141143', 'newcourse', '2017-12-12', 'New student registered : NIC : 947321781V  '),
(213, 'cadd_k', '1513141938', 'newcourse', '2017-12-12', 'New student registered : NIC : 937161735V  '),
(214, 'cadd_k', '1513142309', 'newcourse', '2017-12-12', 'New student registered : NIC : 963654375V  '),
(215, 'cadd_k', '1513142674', 'newcourse', '2017-12-12', 'New student registered : NIC : 946672882V  '),
(216, 'cadd_k', '1513143005', 'newcourse', '2017-12-12', 'New student registered : NIC : 196503210053  '),
(217, 'cadd_k', '1513143404', 'newcourse', '2017-12-12', 'New student registered : NIC : 872383450V  '),
(218, 'cadd_k', '1513143554', 'newcourse', '2017-12-12', 'New student registered : NIC : 958420862V  '),
(219, 'cadd_k', '1513144546', 'newcourse', '2017-12-12', 'New student registered : NIC : 938643261V  '),
(220, 'cadd_malabe', '1513404718', 'newcourse', '2017-12-16', 'New student registered : NIC : 951341223V  '),
(221, 'cadd_malabe', '1513404835', 'newcourse', '2017-12-16', 'New student registered : NIC : 972742570V  '),
(222, 'cadd_malabe', '1513404992', 'newcourse', '2017-12-16', 'New student registered : NIC : 958063989V  '),
(223, 'cadd_malabe', '1513405092', 'newcourse', '2017-12-16', 'New student registered : NIC : 956373000V  '),
(224, 'cadd_malabe', '1513405203', 'newcourse', '2017-12-16', 'New student registered : NIC : 957502024V  '),
(225, 'cadd_malabe', '1513405709', 'newcourse', '2017-12-16', 'New student registered : NIC : 962621651V  '),
(226, 'cadd_malabe', '1513406160', 'newcourse', '2017-12-16', 'New student registered : NIC : 957460810V  '),
(227, 'cadd_k', '1513573524', 'newcourse', '2017-12-17', 'New student registered : NIC : 973404067V  '),
(228, 'nexgen_cadd', '1513999310', 'newcourse', '2017-12-22', 'New student registered : NIC : 947379413V  '),
(229, 'nexgen_cadd', '1513999529', 'newcourse', '2017-12-22', 'New student registered : NIC : 552910419V  '),
(230, 'nexgen_cadd', '1513999845', 'newcourse', '2017-12-22', 'New student registered : NIC : 952273256V  '),
(231, 'nexgen_cadd', '1514349504', 'newcourse', '2017-12-26', 'New student registered : NIC : 990220077v  '),
(232, 'nexgen_cadd', '1514349937', 'newcourse', '2017-12-26', 'New student registered : NIC : 987213272v  '),
(233, 'nexgen_cadd', '1514351585', 'newcourse', '2017-12-26', 'New student registered : NIC : 866463816v  '),
(234, 'nexgen_cadd', '1514355835', 'newcourse', '2017-12-27', 'New student registered : NIC : 966454326v  '),
(235, 'cadd_k', '1514956151', 'newcourse', '2018-01-02', 'New student registered : NIC : 861470610V  '),
(236, 'cadd_k', '1516162100', 'newcourse', '2018-01-16', 'New student registered : NIC : 943570477V  '),
(237, 'cadd_k', '1516162645', 'newcourse', '2018-01-16', 'New student registered : NIC : 768590400V  '),
(238, 'cadd_k', '1516162865', 'newcourse', '2018-01-16', 'New student registered : NIC : 870021828V  '),
(239, 'cadd_k', '1516164091', 'newcourse', '2018-01-16', 'New student registered : NIC : 911910748V  '),
(240, 'cadd_k', '1516599615', 'newcourse', '2018-01-21', 'New student registered : NIC : 901752460V  '),
(241, 'cadd_k', '1516602094', 'newcourse', '2018-01-22', 'New student registered : NIC : 901460213V  '),
(242, 'cadd_malabe', '1516681047', 'newcourse', '2018-01-22', 'New student registered : NIC : 823154645V  '),
(243, 'cadd_malabe', '1516682856', 'newcourse', '2018-01-22', 'New student registered : NIC : 981270851V  '),
(244, 'cadd_malabe', '1516683018', 'newcourse', '2018-01-22', 'New student registered : NIC : 983161316V  '),
(245, 'cadd_malabe', '1516683586', 'newcourse', '2018-01-22', 'New student registered : NIC : 892671192V  '),
(246, 'cadd_malabe', '1516683999', 'newcourse', '2018-01-22', 'New student registered : NIC : 915992048V  '),
(247, 'cadd_malabe', '1516684448', 'newcourse', '2018-01-22', 'New student registered : NIC : 932430258V  '),
(248, 'cadd_malabe', '1516684655', 'newcourse', '2018-01-22', 'New student registered : NIC : 881003821V  '),
(249, 'cadd_malabe', '1516685347', 'newcourse', '2018-01-22', 'New student registered : NIC : 199553500995  '),
(250, 'cadd_malabe', '1516685963', 'newcourse', '2018-01-22', 'New student registered : NIC : 976561481V  '),
(251, 'cadd_malabe', '1516686118', 'newcourse', '2018-01-22', 'New student registered : NIC : 966092297V  '),
(252, 'cadd_malabe', '1516686265', 'newcourse', '2018-01-22', 'New student registered : NIC : 977663520V  '),
(253, 'cadd_malabe', '1516686521', 'newcourse', '2018-01-22', 'New student registered : NIC : 950741627V  '),
(254, 'cadd_malabe', '1516686709', 'newcourse', '2018-01-22', 'New student registered : NIC : 961662133V  '),
(255, 'cadd_malabe', '1516686905', 'newcourse', '2018-01-22', 'New student registered : NIC : 966311754V  '),
(256, 'cadd_malabe', '1516687113', 'newcourse', '2018-01-22', 'New student registered : NIC : 975811158V  '),
(257, 'cadd_malabe', '1516687238', 'newcourse', '2018-01-23', 'New student registered : NIC : 976840151v  '),
(258, 'cadd_malabe', '1516688832', 'newcourse', '2018-01-23', 'New student registered : NIC : 916433328V  '),
(259, 'cadd_malabe', '1516688939', 'newcourse', '2018-01-23', 'New student registered : NIC : 982852382V  '),
(260, 'cadd_malabe', '1516689157', 'newcourse', '2018-01-23', 'New student registered : NIC : 977471206V  '),
(261, 'cadd_malabe', '1516697115', 'newcourse', '2018-01-23', 'New student registered : NIC : 962060064v  '),
(262, 'cadd_malabe', '1516697470', 'newcourse', '2018-01-23', 'New student registered : NIC : 960980166V  '),
(263, 'cadd_malabe', '1516697595', 'newcourse', '2018-01-23', 'New student registered : NIC : 973391526V  '),
(264, 'cadd_malabe', '1516698465', 'newcourse', '2018-01-23', 'New student registered : NIC : 199814600588  '),
(265, 'cadd_malabe', '1516698656', 'newcourse', '2018-01-23', 'New student registered : NIC : 892530114V  '),
(266, 'cadd_malabe', '1516699400', 'newcourse', '2018-01-23', 'New student registered : NIC : 972673536V  '),
(267, 'cadd_malabe', '1516699525', 'newcourse', '2018-01-23', 'New student registered : NIC : 978370209V  '),
(268, 'cadd_malabe', '1516700128', 'newcourse', '2018-01-23', 'New student registered : NIC : 982821789V  '),
(269, 'cadd_malabe', '1516700270', 'newcourse', '2018-01-23', 'New student registered : NIC : 931732811V  '),
(270, 'cadd_malabe', '1516700345', 'newcourse', '2018-01-23', 'New student registered : NIC : 935972264V  '),
(271, 'cadd_malabe', '1516700637', 'newcourse', '2018-01-23', 'New student registered : NIC : 920581145V  '),
(272, 'cadd_malabe', '1516700711', 'newcourse', '2018-01-23', 'New student registered : NIC : 861780015V  '),
(273, 'cadd_malabe', '1516700902', 'newcourse', '2018-01-23', 'New student registered : NIC : 932200600V  '),
(274, 'cadd_malabe', '1516701036', 'newcourse', '2018-01-23', 'New student registered : NIC : 712143465V  '),
(275, 'cadd_malabe', '1516774441', 'newcourse', '2018-01-24', 'New student registered : NIC : 872233032V  '),
(276, 'cadd_malabe', '1516774519', 'newcourse', '2018-01-24', 'New student registered : NIC : 803250022V  '),
(277, 'cadd_malabe', '1516774593', 'newcourse', '2018-01-24', 'New student registered : NIC : 700562638V  '),
(278, 'cadd_k', '1517201382', 'newcourse', '2018-01-28', 'New student registered : NIC : 818394233V  '),
(279, 'cadd_k', '1517201744', 'newcourse', '2018-01-28', 'New student registered : NIC : 912261590V  '),
(280, 'cadd_k', '1517977497', 'newcourse', '2018-02-06', 'New student registered : NIC : 863022738V  '),
(281, 'cadd_k', '1518416831', 'newcourse', '2018-02-12', 'New student registered : NIC : 852550945V  '),
(282, 'cadd_k', '1519023756', 'newcourse', '2018-02-19', 'New student registered : NIC : 198314900918  '),
(283, 'cadd_k', '1519024887', 'newcourse', '2018-02-19', 'New student registered : NIC : 957261906V  '),
(284, 'cadd_k', '1519798195', 'newcourse', '2018-02-28', 'New student registered : NIC : 910163345V  '),
(285, 'cadd_k', '1520916708', 'newcourse', '2018-03-12', 'New student registered : NIC : 992922958V  '),
(286, 'cadd_k', '1522042053', 'newcourse', '2018-03-26', 'New student registered : NIC : 921640676V  '),
(287, 'cadd_k', '1522042927', 'newcourse', '2018-03-26', 'New student registered : NIC : 742861902V  '),
(288, 'cadd_k', '1522048368', 'newcourse', '2018-03-26', 'New student registered : NIC : 850691088V  '),
(289, 'cadd_k', '1522048561', 'newcourse', '2018-03-26', 'New student registered : NIC : 892154015V  '),
(290, 'cadd_k', '1522048715', 'newcourse', '2018-03-26', 'New student registered : NIC : 953301792V  '),
(291, 'cadd_k', '1524206738', 'newcourse', '2018-04-20', 'New student registered : NIC : 895083801V  '),
(292, 'cadd_k', '1524207251', 'newcourse', '2018-04-20', 'New student registered : NIC : 931701037V  '),
(293, 'cadd_k', '1524207427', 'newcourse', '2018-04-20', 'New student registered : NIC : 922994226V  '),
(294, 'cadd_k', '1524207633', 'newcourse', '2018-04-20', 'New student registered : NIC : 922190828V  '),
(295, 'cadd_k', '1524207770', 'newcourse', '2018-04-20', 'New student registered : NIC : 941700578V  '),
(296, 'cadd_k', '1524207981', 'newcourse', '2018-04-20', 'New student registered : NIC : 927642956V  '),
(297, 'cadd_k', '1524208975', 'newcourse', '2018-04-20', 'New student registered : NIC : 940411009V  '),
(298, 'cadd_k', '1525150057', 'newcourse', '2018-04-30', 'New student registered : NIC : 885141102V  '),
(299, 'cadd_k', '1525151304', 'newcourse', '2018-05-01', 'New student registered : NIC : 940292794V  '),
(300, 'cadd_k', '1525151657', 'newcourse', '2018-05-01', 'New student registered : NIC : 962322573V  '),
(301, 'cadd_k', '1525152159', 'newcourse', '2018-05-01', 'New student registered : NIC : 977852072V  '),
(302, 'cadd_k', '1526619965', 'newcourse', '2018-05-18', 'New student registered : NIC : 875201395V  '),
(303, 'cadd_k', '1527492447', 'newcourse', '2018-05-28', 'New student registered : NIC : 200019500458  '),
(304, 'cadd_k', '1527493065', 'newcourse', '2018-05-28', 'New student registered : NIC : 925531294V  '),
(305, 'cadd_k', '1527493322', 'newcourse', '2018-05-28', 'New student registered : NIC : 945522810V  '),
(306, 'cadd_k', '1527493531', 'newcourse', '2018-05-28', 'New student registered : NIC : 952180665V  '),
(307, 'cadd_k', '1527493654', 'newcourse', '2018-05-28', 'New student registered : NIC : 905331710V  '),
(308, 'cadd_k', '1527493825', 'newcourse', '2018-05-28', 'New student registered : NIC : 882620123V  '),
(309, 'cadd_k', '1527493977', 'newcourse', '2018-05-28', 'New student registered : NIC : 907030687V  '),
(310, 'admin_k', '1528175073', 'uptdaccount', '2018-06-05', 'Admin KandyRoot`s Account details updated!'),
(311, 'admin_k', '1528177571', 'newaccount', '2018-06-05', 'Level 3 account created for chathuri_nexgen'),
(312, 'cadd_k', '1528965825', 'newcourse', '2018-06-14', 'New student registered : NIC : 965433775V  '),
(313, 'cadd_k', '1529133266', 'newcourse', '2018-06-16', 'New student registered : NIC : 911570092V  '),
(314, 'cadd_k', '1529134747', 'newcourse', '2018-06-16', 'New student registered : NIC : 870680260V  '),
(315, 'cadd_k', '1529135569', 'newcourse', '2018-06-16', 'New student registered : NIC : 921150105V  '),
(316, 'cadd_k', '1529135868', 'newcourse', '2018-06-16', 'New student registered : NIC : 941181996V  '),
(317, 'cadd_k', '1529136231', 'newcourse', '2018-06-16', 'New student registered : NIC : 932191628V  '),
(318, 'cadd_k', '1530161064', 'newcourse', '2018-06-27', 'New student registered : NIC : 770512387V  '),
(319, 'cadd_k', '1530161816', 'newcourse', '2018-06-27', 'New student registered : NIC : 942972482V  '),
(320, 'cadd_k', '1531197187', 'newcourse', '2018-07-09', 'New student registered : NIC : 960522346V  '),
(321, 'cadd_k', '1532409720', 'newcourse', '2018-07-24', 'New student registered : NIC : 927810859V  '),
(322, 'cadd_k', '1532410078', 'newcourse', '2018-07-24', 'New student registered : NIC : 920070523V  '),
(323, 'cadd_k', '1532410361', 'newcourse', '2018-07-24', 'New student registered : NIC : 790640000V  '),
(324, 'cadd_k', '1532410502', 'newcourse', '2018-07-24', 'New student registered : NIC : 843060420V  '),
(325, 'cadd_k', '1532410703', 'newcourse', '2018-07-24', 'New student registered : NIC : 198408101077  '),
(326, 'cadd_k', '1532410990', 'newcourse', '2018-07-24', 'New student registered : NIC : 951410853V  '),
(327, 'cadd_k', '1532411112', 'newcourse', '2018-07-24', 'New student registered : NIC : 930694029V  '),
(328, 'cadd_k', '1533790327', 'newcourse', '2018-08-08', 'New student registered : NIC : 917481679V  '),
(329, 'cadd_k', '1533791207', 'newcourse', '2018-08-09', 'New student registered : NIC : 890350054V  '),
(330, 'cadd_k', '1533792816', 'newcourse', '2018-08-09', 'New student registered : NIC : 953002477V  '),
(331, 'cadd_k', '1533793217', 'newcourse', '2018-08-09', 'New student registered : NIC : 931532758V  '),
(332, 'cadd_k', '1533797881', 'newcourse', '2018-08-09', 'New student registered : NIC : 950751584V  '),
(333, 'cadd_k', '1537262450', 'newcourse', '2018-09-18', 'New student registered : NIC : 951251151v  '),
(334, 'cadd_k', '1537263269', 'newcourse', '2018-09-18', 'New student registered : NIC : 973303538V  '),
(335, 'cadd_k', '1537264579', 'newcourse', '2018-09-18', 'New student registered : NIC : 891460864V  '),
(336, 'cadd_k', '1537265199', 'newcourse', '2018-09-18', 'New student registered : NIC : 882643960V  '),
(337, 'cadd_k', '1537265795', 'newcourse', '2018-09-18', 'New student registered : NIC : 872161465V  '),
(338, 'cadd_k', '1538385804', 'newcourse', '2018-10-01', 'New student registered : NIC : 917292701v  '),
(339, 'cadd_k', '1538386196', 'newcourse', '2018-10-01', 'New student registered : NIC : 922431256v  '),
(340, 'admin_k', '1600582916', 'newaccount', '2020-09-20', 'Level 3 account created for Kandy_Co'),
(341, 'Kandy_Co', '1600583209', 'newcourse', '2020-09-20', 'New student registered : NIC : 200022500760  '),
(342, 'admin_k', '1600939663', 'uptdaccount', '2020-09-24', 'Kollupitiya DataEntry`s account deleted!'),
(343, 'admin_k', '1600939668', 'uptdaccount', '2020-09-24', 'Kurunagala DataEntry`s account deleted!'),
(344, 'admin_k', '1600939673', 'uptdaccount', '2020-09-24', 'Kegalle BranchManager`s account deleted!'),
(345, 'admin_k', '1600939678', 'uptdaccount', '2020-09-24', 'Sumudu Lakshika`s account deleted!'),
(346, 'admin_k', '1600939682', 'uptdaccount', '2020-09-24', 'Kandy DataEntry`s account deleted!'),
(347, 'admin_k', '1600939687', 'uptdaccount', '2020-09-24', 'Malabe DataEntry`s account deleted!'),
(348, 'admin_k', '1600939693', 'uptdaccount', '2020-09-24', 'Lakmal`s account deleted!'),
(349, 'admin_k', '1600939697', 'uptdaccount', '2020-09-24', 'Nexgen Campus - Kandy `s account deleted!'),
(350, 'admin_k', '1600939701', 'uptdaccount', '2020-09-24', 'test`s account deleted!'),
(351, 'admin_k', '1600939704', 'uptdaccount', '2020-09-24', 'Nexgen_kandy`s account deleted!'),
(352, 'admin_k', '1600939707', 'uptdaccount', '2020-09-24', 'S.T.Maxlin`s account deleted!'),
(353, 'admin_k', '1600940296', 'newaccount', '2020-09-24', 'Level 2 account created for Buddhi Priyanga'),
(354, 'admin_k', '1600940417', 'uptdaccount', '2020-09-24', 'Financial Manager`s Account details updated!'),
(355, 'admin_k', '1600940615', 'uptdaccount', '2020-09-24', 'Financial Manager`s account deleted!'),
(356, 'admin_k', '1600940631', 'uptdaccount', '2020-09-24', 'Buddhi Priyanga`s Account details updated!'),
(357, 'admin_k', '1600941151', 'uptdaccount', '2020-09-24', 'Manuja somarathna`s account deleted!'),
(358, 'admin_k', '1600941185', 'newaccount', '2020-09-24', 'Level 1 account created for Manuja Somarathne'),
(359, 'admin_k', '1600941446', 'newaccount', '2020-09-24', 'Level 2 account created for Accounts'),
(360, 'admin_k', '1600942617', 'newaccount', '2020-09-24', 'Level 3 account created for Co_Kollupitiya'),
(361, 'admin_k', '1600942719', 'newaccount', '2020-09-24', 'Level 3 account created for Co-Malabe'),
(362, 'admin_k', '1600942726', 'uptdaccount', '2020-09-24', 'Co_Kollupitiya`s Account details updated!'),
(363, 'admin_k', '1600942799', 'newaccount', '2020-09-24', 'Level 2 account created for Admin Malabe'),
(364, 'admin_k', '1600942854', 'newaccount', '2020-09-24', 'Level 2 account created for Admin Kollupitiya'),
(365, 'admin_k', '1600963880', 'newaccount', '2020-09-24', 'Level 3 account created for Co_Kurunagala'),
(366, 'admin_k', '1600963907', 'newaccount', '2020-09-24', 'Level 3 account created for Co_Jaffna'),
(367, 'admin_k', '1600963949', 'newaccount', '2020-09-24', 'Level 2 account created for Admin_Kuru'),
(368, 'admin_k', '1600963974', 'newaccount', '2020-09-24', 'Level 2 account created for Admin_Jaffna'),
(369, 'admin_k', '1601009447', 'uptdaccount', '2020-09-25', 'Accounts`s Account details updated!'),
(370, 'admin_k', '1601009469', 'uptdaccount', '2020-09-25', 'Accounts`s Account details updated!'),
(371, 'admin_k', '1601009496', 'uptdaccount', '2020-09-25', 'Accounts`s Account details updated!'),
(372, 'admin_k', '1601009627', 'uptdaccount', '2020-09-25', 'Accounts`s Account details updated!'),
(373, 'admin_k', '1601009677', 'uptdaccount', '2020-09-25', 'Accounts`s Account details updated!'),
(374, 'Co_Kurunagala', '1601099836', 'newcourse', '2020-09-26', 'New student registered : NIC : 199333204494  '),
(375, 'Co_Kurunagala', '1601100118', 'newcourse', '2020-09-26', 'New student registered : NIC : 981382200v  '),
(376, 'Co_Kurunagala', '1601100440', 'newcourse', '2020-09-26', 'New student registered : NIC : 931080458v  '),
(377, 'Co_Kurunagala', '1601102519', 'newcourse', '2020-09-26', 'New student registered : NIC : 932571170v  '),
(378, 'Co_Kurunagala', '1601113658', 'newcourse', '2020-09-26', 'New student registered : NIC : 946960489v  '),
(379, 'Co_Kurunagala', '1601114380', 'newcourse', '2020-09-26', 'New student registered : NIC : 960020570v  '),
(380, 'Co_Kurunagala', '1601115555', 'newcourse', '2020-09-26', 'New student registered : NIC : 938172994v  '),
(381, 'admin_k', '1601188963', 'upcourse', '2020-09-27', 'FCADD(AUTOCAD) course details has been updated.'),
(382, 'admin_k', '1601189005', 'upcourse', '2020-09-27', 'REVIT course details has been updated.'),
(383, 'admin_k', '1601189048', 'upcourse', '2020-09-27', 'FCADD MEP course details has been updated.'),
(384, 'admin_k', '1601189096', 'upcourse', '2020-09-27', 'FCADD(AUTOCAD) course details has been updated.'),
(385, 'admin_k', '1601189112', 'upcourse', '2020-09-27', 'REVIT course details has been updated.'),
(386, 'admin_k', '1601189138', 'upcourse', '2020-09-27', 'REVIT MEP course details has been updated.'),
(387, 'admin_k', '1601189199', 'upcourse', '2020-09-27', 'DID course details has been updated.'),
(388, 'admin_k', '1601189355', 'upcourse', '2020-09-27', 'DID MASTER DIP. course details has been updated.'),
(389, 'admin_k', '1601189494', 'upcourse', '2020-09-27', 'DPPM course details has been updated.'),
(390, 'admin_k', '1601189544', 'upcourse', '2020-09-27', 'PRO - E course details has been updated.'),
(391, 'admin_k', '1601189572', 'upcourse', '2020-09-27', 'PPP (PRIMAVERA) course details has been updated.'),
(392, 'admin_k', '1601189609', 'upcourse', '2020-09-27', 'QS course details has been updated.'),
(393, 'admin_k', '1601189639', 'upcourse', '2020-09-27', 'MANUAL DRAFT course details has been updated.'),
(394, 'admin_k', '1601189673', 'upcourse', '2020-09-27', '3DS MAX course details has been updated.'),
(395, 'admin_k', '1601189716', 'upcourse', '2020-09-27', 'STAAD PRO course details has been updated.'),
(396, 'admin_k', '1601189750', 'upcourse', '2020-09-27', 'CIVIL 3D course details has been updated.'),
(397, 'admin_k', '1601189783', 'upcourse', '2020-09-27', 'SOLID WORK course details has been updated.'),
(398, 'admin_k', '1601190045', 'upcourse', '2020-09-27', 'Navis Works course details has been updated.'),
(399, 'admin_k', '1601190145', 'upcourse', '2020-09-27', 'SAP 2000 course details has been updated.'),
(400, 'admin_k', '1601190218', 'upcourse', '2020-09-27', 'Corel Draw course details has been updated.'),
(401, 'admin_k', '1601190259', 'upcourse', '2020-09-27', 'Photoshop course details has been updated.'),
(402, 'admin_k', '1601190307', 'upcourse', '2020-09-27', 'Illustrator course details has been updated.'),
(403, 'admin_k', '1601190337', 'upcourse', '2020-09-27', 'Indesign course details has been updated.'),
(404, 'admin_k', '1601190445', 'upcourse', '2020-09-27', 'MEP QS course details has been updated.'),
(405, 'admin_k', '1601191259', 'upcourse', '2020-09-27', 'E-TABS course details has been updated.'),
(406, '', '1601193489', 'upcourse', '2020-09-27', 'AUTOCAD ELECTRICAL course details has been updated.'),
(407, 'admin_k', '1601194880', 'upcourse', '2020-09-27', 'PMP course details has been updated.'),
(408, 'admin_k', '1601194928', 'upcourse', '2020-09-27', 'CAPM course details has been updated.'),
(409, 'admin_k', '1601194961', 'upcourse', '2020-09-27', 'FOUNDATION - PMI course details has been updated.'),
(410, 'Co_Kurunagala', '1601368918', 'newcourse', '2020-09-29', 'New student registered : NIC : 961132592v  '),
(411, 'Co_Kurunagala', '1601371649', 'newcourse', '2020-09-29', 'New student registered : NIC : 968302086v  '),
(412, 'Co_Kurunagala', '1601371894', 'newcourse', '2020-09-29', 'New student registered : NIC : 947360272v  '),
(413, 'Co_Kurunagala', '1601372094', 'newcourse', '2020-09-29', 'New student registered : NIC : 966991445v  '),
(414, 'Co_Kurunagala', '1601374054', 'newcourse', '2020-09-29', 'New student registered : NIC : 968244027v  '),
(415, 'Co_Kurunagala', '1601374243', 'newcourse', '2020-09-29', 'New student registered : NIC : 970382488v  '),
(416, 'Co_Kurunagala', '1601374682', 'newcourse', '2020-09-29', 'New student registered : NIC : 973100688v  '),
(417, 'Co_Kurunagala', '1601375028', 'newcourse', '2020-09-29', 'New student registered : NIC : 672641250v  '),
(418, 'Kandy_Co', '1601788708', 'newcourse', '2020-10-04', 'New student registered : NIC : 200129704561  '),
(419, 'Kandy_Co', '1601788825', 'newcourse', '2020-10-04', 'New student registered : NIC : 200263510059  '),
(420, 'Kandy_Co', '1601788966', 'newcourse', '2020-10-04', 'New student registered : NIC : 200133503609  '),
(421, 'Kandy_Co', '1601789290', 'newcourse', '2020-10-04', 'New student registered : NIC : 967942758V  '),
(422, '', '1601791411', 'newcourse', '2020-10-04', 'New student registered : NIC : 992185880V  '),
(423, 'Kandy_Co', '1601791749', 'newcourse', '2020-10-04', 'New student registered : NIC : 890191096V  '),
(424, 'Kandy_Co', '1601791966', 'newcourse', '2020-10-04', 'New student registered : NIC : 985220930V  '),
(425, 'Kandy_Co', '1601792283', 'newcourse', '2020-10-04', 'New student registered : NIC : 930263230V  '),
(426, 'Kandy_Co', '1601792495', 'newcourse', '2020-10-04', 'New student registered : NIC : 918663657V  '),
(427, 'Kandy_Co', '1601793126', 'newcourse', '2020-10-04', 'New student registered : NIC : 995831937V  '),
(428, 'Kandy_Co', '1601794039', 'newcourse', '2020-10-04', 'New student registered : NIC : 992972670V  '),
(429, 'Kandy_Co', '1601794378', 'newcourse', '2020-10-04', 'New student registered : NIC : 811593796V  '),
(430, 'Kandy_Co', '1601796683', 'newcourse', '2020-10-04', 'New student registered : NIC : 926561065V  '),
(431, 'admin_k', '1603786318', 'newaccount', '2020-10-27', 'Level 1 account created for accounts_admin'),
(432, 'Co_Kollupitiya ', '1605513609', 'newcourse', '2020-11-16', 'New student registered : NIC : 199718203240  '),
(433, 'Co_Kollupitiya', '1605606136', 'newcourse', '2020-11-17', 'New student registered : NIC : 200112002182  '),
(434, 'Co_Kollupitiya', '1605766422', 'newcourse', '2020-11-19', 'New student registered : NIC : 200032701507  '),
(435, 'Co_Kollupitiya', '1605766524', 'newcourse', '2020-11-19', 'New student registered : NIC : 200135502857  '),
(436, 'Co_Kollupitiya', '1605766650', 'newcourse', '2020-11-19', 'New student registered : NIC : 200111902578  '),
(437, 'Co_Kollupitiya', '1605767224', 'newcourse', '2020-11-19', 'New student registered : NIC : 933240010V  '),
(438, 'Co_Kollupitiya', '1605767336', 'newcourse', '2020-11-19', 'New student registered : NIC : 968052411V  '),
(439, 'Co_Kollupitiya', '1605767586', 'newcourse', '2020-11-19', 'New student registered : NIC : 920561888V  '),
(440, 'Co_Kollupitiya', '1605769635', 'newcourse', '2020-11-19', 'New student registered : NIC : 901950830V  '),
(441, 'Co_Kollupitiya', '1605770416', 'newcourse', '2020-11-19', 'New student registered : NIC : 199014802268  '),
(442, 'Co_Kollupitiya', '1605770835', 'newcourse', '2020-11-19', 'New student registered : NIC : 960802209V  '),
(443, 'Co_Kollupitiya', '1605770986', 'newcourse', '2020-11-19', 'New student registered : NIC : 963271387V  '),
(444, 'Co_Kollupitiya', '1605771444', 'newcourse', '2020-11-19', 'New student registered : NIC : 199229900077  '),
(445, 'Co_Kollupitiya', '1605783496', 'newcourse', '2020-11-19', 'New student registered : NIC : 991963324V  '),
(446, 'Co_Kollupitiya', '1605783760', 'newcourse', '2020-11-19', 'New student registered : NIC : 946011401V  '),
(447, 'Co_Kollupitiya', '1605784182', 'newcourse', '2020-11-19', 'New student registered : NIC : 932160854V  '),
(448, 'Co_Kollupitiya', '1605784516', 'newcourse', '2020-11-19', 'New student registered : NIC : 962260942V  '),
(449, 'Co_Kollupitiya', '1605785392', 'newcourse', '2020-11-19', 'New student registered : NIC : 200067402888  '),
(450, 'Co_Kollupitiya', '1605786511', 'newcourse', '2020-11-19', 'New student registered : NIC : 956750172V  '),
(451, 'Co_Kollupitiya', '1605786920', 'newcourse', '2020-11-19', 'New student registered : NIC : 200025203880  '),
(452, 'Co_Kollupitiya', '1605787343', 'newcourse', '2020-11-19', 'New student registered : NIC : 896243500V  '),
(453, 'Co_Kollupitiya', '1605787819', 'newcourse', '2020-11-19', 'New student registered : NIC : 199610601865  '),
(454, 'Co_Kollupitiya', '1605788077', 'newcourse', '2020-11-19', 'New student registered : NIC : 983011721V  '),
(455, 'Co_Kollupitiya', '1605788436', 'newcourse', '2020-11-19', 'New student registered : NIC : 199417000667  '),
(456, 'Co_Kollupitiya', '1605788583', 'newcourse', '2020-11-19', 'New student registered : NIC : 802150580V  '),
(457, 'Co_Kollupitiya', '1605850250', 'newcourse', '2020-11-20', 'New student registered : NIC : 990631344V  '),
(458, 'Co_Kollupitiya', '1605851046', 'newcourse', '2020-11-20', 'New student registered : NIC : 930530212V  '),
(459, 'Co_Kollupitiya', '1605851252', 'newcourse', '2020-11-20', 'New student registered : NIC : 971790628V  '),
(460, 'Co_Kollupitiya', '1605851451', 'newcourse', '2020-11-20', 'New student registered : NIC : 199728810038  '),
(461, 'Co_Kollupitiya', '1605851609', 'newcourse', '2020-11-20', 'New student registered : NIC : 863472784V  '),
(462, 'Co_Kollupitiya', '1605851819', 'newcourse', '2020-11-20', 'New student registered : NIC : 199851102169  '),
(463, 'Co_Kollupitiya', '1605852048', 'newcourse', '2020-11-20', 'New student registered : NIC : 200001503554  '),
(464, 'Co_Kollupitiya', '1605852626', 'newcourse', '2020-11-20', 'New student registered : NIC : 972422215V  '),
(465, 'Co_Kollupitiya', '1605852766', 'newcourse', '2020-11-20', 'New student registered : NIC : 943310700V  '),
(466, 'Co_Kollupitiya', '1605852965', 'newcourse', '2020-11-20', 'New student registered : NIC : 199626802642  '),
(467, 'Co_Kollupitiya', '1605854534', 'newcourse', '2020-11-20', 'New student registered : NIC : 990872333V  '),
(468, 'Co_Kollupitiya', '1605862163', 'newcourse', '2020-11-20', 'New student registered : NIC : 200014402720  '),
(469, 'Co_Kollupitiya', '1605862768', 'newcourse', '2020-11-20', 'New student registered : NIC : 200082904084  '),
(470, 'Co_Kollupitiya', '1605863152', 'newcourse', '2020-11-20', 'New student registered : NIC : 199710901525  '),
(471, 'Co_Kollupitiya', '1605863360', 'newcourse', '2020-11-20', 'New student registered : NIC : 977593727V  '),
(472, 'Co_Kollupitiya', '1605863549', 'newcourse', '2020-11-20', 'New student registered : NIC : 970702920V  '),
(473, 'Co_Kollupitiya', '1605863718', 'newcourse', '2020-11-20', 'New student registered : NIC : 200307411097  '),
(474, 'Co_Kollupitiya', '1605864191', 'newcourse', '2020-11-20', 'New student registered : NIC : 896360540V  '),
(475, 'Co_Kollupitiya', '1605864520', 'newcourse', '2020-11-20', 'New student registered : NIC : 977460816V  '),
(476, 'Co_Kollupitiya', '1605864722', 'newcourse', '2020-11-20', 'New student registered : NIC : 977590213V  ');
INSERT INTO `log` (`log_id`, `log_admin_id`, `start_time`, `end_time`, `date`, `log_details`) VALUES
(477, 'Co_Kollupitiya', '1605864962', 'newcourse', '2020-11-20', 'New student registered : NIC : 199935210104  '),
(478, 'Co_Kollupitiya', '1605865248', 'newcourse', '2020-11-20', 'New student registered : NIC : 956981743V  '),
(479, '', '1605868286', 'newcourse', '2020-11-20', 'New student registered : NIC : 750251692V  '),
(480, 'Co_Kollupitiya', '1605869707', 'newcourse', '2020-11-20', 'New student registered : NIC : 891850620V  '),
(481, 'Co_Kollupitiya', '1605869915', 'newcourse', '2020-11-20', 'New student registered : NIC : 822291503V  '),
(482, 'Co_Kollupitiya', '1605870110', 'newcourse', '2020-11-20', 'New student registered : NIC : 910281682V  '),
(483, 'Co_Kollupitiya', '1605870281', 'newcourse', '2020-11-20', 'New student registered : NIC : 753431888V  '),
(484, 'Co_Kollupitiya', '1605870552', 'newcourse', '2020-11-20', 'New student registered : NIC : 901470111V  '),
(485, 'Co_Kollupitiya', '1605870945', 'newcourse', '2020-11-20', 'New student registered : NIC : 952970763V  '),
(486, 'Co_Kollupitiya', '1605871630', 'newcourse', '2020-11-20', 'New student registered : NIC : 940143411V  '),
(487, 'Co_Kollupitiya', '1605871896', 'newcourse', '2020-11-20', 'New student registered : NIC : 199677402066  '),
(488, 'Co_Kollupitiya', '1605872213', 'newcourse', '2020-11-20', 'New student registered : NIC : 200017802946  '),
(489, 'Co_Kollupitiya', '1605872515', 'newcourse', '2020-11-20', 'New student registered : NIC : 983010270V  '),
(490, '', '1605876085', 'newcourse', '2020-11-20', 'New student registered : NIC : 199933110070  '),
(491, 'Co_Kollupitiya', '1605876341', 'newcourse', '2020-11-20', 'New student registered : NIC : 200002903208  '),
(492, 'Co_Kollupitiya', '1605876596', 'newcourse', '2020-11-20', 'New student registered : NIC : 982944082V  '),
(493, 'Co_Kollupitiya', '1605876779', 'newcourse', '2020-11-20', 'New student registered : NIC : 928250466V  '),
(494, 'Co_Kollupitiya', '1605877209', 'newcourse', '2020-11-20', 'New student registered : NIC : 886530609V  '),
(495, 'Co_Kollupitiya', '1605877403', 'newcourse', '2020-11-20', 'New student registered : NIC : 200035002231  '),
(496, 'Co_Kollupitiya', '1605878214', 'newcourse', '2020-11-20', 'New student registered : NIC : 861152006V  '),
(497, 'Co_Kollupitiya', '1605878342', 'newcourse', '2020-11-20', 'New student registered : NIC : 910803360V  '),
(498, 'Co_Kollupitiya', '1605878487', 'newcourse', '2020-11-20', 'New student registered : NIC : 200026802465  '),
(499, 'Co_Kollupitiya', '1605878697', 'newcourse', '2020-11-20', 'New student registered : NIC : 958650388V  '),
(500, 'Co_Kollupitiya', '1605879094', 'newcourse', '2020-11-20', 'New student registered : NIC : 199826601250  '),
(501, 'Co_Kollupitiya', '1605880092', 'newcourse', '2020-11-20', 'New student registered : NIC : 200024403983  '),
(502, 'Co_Kollupitiya', '1605880293', 'newcourse', '2020-11-20', 'New student registered : NIC : 200112203988  '),
(503, 'Co_Kollupitiya', '1605880477', 'newcourse', '2020-11-20', 'New student registered : NIC : 863162319V  '),
(504, 'Co_Kollupitiya', '1605880742', 'newcourse', '2020-11-20', 'New student registered : NIC : 953343100V  '),
(505, 'Co_Kollupitiya', '1606133849', 'newcourse', '2020-11-23', 'New student registered : NIC : 197932104030  '),
(506, 'Co_Kollupitiya', '1606134802', 'newcourse', '2020-11-23', 'New student registered : NIC : 983530680V  '),
(507, 'Co_Kollupitiya', '1606135178', 'newcourse', '2020-11-23', 'New student registered : NIC : 199813603515  '),
(508, 'Co_Kollupitiya', '1606135423', 'newcourse', '2020-11-23', 'New student registered : NIC : 199855901792  '),
(509, 'Co_Kollupitiya', '1606136229', 'newcourse', '2020-11-23', 'New student registered : NIC : 925842702V  '),
(510, 'Co_Kollupitiya', '1606136726', 'newcourse', '2020-11-23', 'New student registered : NIC : 962291848V  '),
(511, 'Co_Kollupitiya', '1606136980', 'newcourse', '2020-11-23', 'New student registered : NIC : 936060226V  '),
(512, 'Co_Kollupitiya', '1606137482', 'newcourse', '2020-11-23', 'New student registered : NIC : 961822750V  '),
(513, 'Co_Kollupitiya', '1606138988', 'newcourse', '2020-11-23', 'New student registered : NIC : 942921160V  '),
(514, 'Co_Kollupitiya', '1606139132', 'newcourse', '2020-11-23', 'New student registered : NIC : 972551716V  '),
(515, 'Co_Kollupitiya', '1606139372', 'newcourse', '2020-11-23', 'New student registered : NIC : 936001190V  '),
(516, 'Co_Kollupitiya', '1606139617', 'newcourse', '2020-11-23', 'New student registered : NIC : 199736203273  '),
(517, 'Co_Kollupitiya', '1606139904', 'newcourse', '2020-11-23', 'New student registered : NIC : 961740037V  '),
(518, 'Co_Kollupitiya', '1606140364', 'newcourse', '2020-11-23', 'New student registered : NIC : 961271886V  '),
(519, 'Co_Kollupitiya', '1606140605', 'newcourse', '2020-11-23', 'New student registered : NIC : 951810770V  '),
(520, 'Co_Kollupitiya', '1606140799', 'newcourse', '2020-11-23', 'New student registered : NIC : 978303617V  '),
(521, 'Co_Kollupitiya', '1606141002', 'newcourse', '2020-11-23', 'New student registered : NIC : 667690870V  '),
(522, 'Co_Kollupitiya', '1606141195', 'newcourse', '2020-11-23', 'New student registered : NIC : 868302577V  '),
(523, 'Co_Kollupitiya', '1606141511', 'newcourse', '2020-11-23', 'New student registered : NIC : 200383000240  '),
(524, 'Co_Kollupitiya', '1606203518', 'newcourse', '2020-11-24', 'New student registered : NIC : 200036602182  '),
(525, 'Co_Kollupitiya', '1606203952', 'newcourse', '2020-11-24', 'New student registered : NIC : 965303014V  '),
(526, 'Co_Kollupitiya', '1606204102', 'newcourse', '2020-11-24', 'New student registered : NIC : 975042499V  '),
(527, 'Co_Kollupitiya', '1606209553', 'newcourse', '2020-11-24', 'New student registered : NIC : 950902353V  '),
(528, 'Co_Kollupitiya', '1606210102', 'newcourse', '2020-11-24', 'New student registered : NIC : 199923701501  '),
(529, 'Co_Kollupitiya', '1606210286', 'newcourse', '2020-11-24', 'New student registered : NIC : 991543090V  '),
(530, 'Co_Kollupitiya', '1606210694', 'newcourse', '2020-11-24', 'New student registered : NIC : 930331066V  '),
(531, 'Co_Kollupitiya', '1606210820', 'newcourse', '2020-11-24', 'New student registered : NIC : 990802122V  '),
(532, 'Co_Kollupitiya', '1606211034', 'newcourse', '2020-11-24', 'New student registered : NIC : 911100665V  '),
(533, 'Co_Kollupitiya', '1606211366', 'newcourse', '2020-11-24', 'New student registered : NIC : 883363736V  '),
(534, 'Co_Kollupitiya', '1606211738', 'newcourse', '2020-11-24', 'New student registered : NIC : 199312901742  '),
(535, 'Co_Kollupitiya', '1606211940', 'newcourse', '2020-11-24', 'New student registered : NIC : 951504017V  '),
(536, 'Co_Kollupitiya', '1606212164', 'newcourse', '2020-11-24', 'New student registered : NIC : 992410108V  '),
(537, '', '1606221126', 'newcourse', '2020-11-24', 'New student registered : NIC : 947700073V  '),
(538, '', '1606223754', 'newcourse', '2020-11-24', 'New student registered : NIC : 940652812V  '),
(539, 'Co_Kollupitiya', '1606224191', 'newcourse', '2020-11-24', 'New student registered : NIC : 200322212917  '),
(540, 'Co_Kollupitiya', '1606224618', 'newcourse', '2020-11-24', 'New student registered : NIC : 199709301144  '),
(541, 'Co_Kollupitiya', '1606225090', 'newcourse', '2020-11-24', 'New student registered : NIC : 963334478V  '),
(542, 'Co_Kollupitiya', '1606225495', 'newcourse', '2020-11-24', 'New student registered : NIC : 972401390V  '),
(543, 'Co_Kollupitiya', '1606225770', 'newcourse', '2020-11-24', 'New student registered : NIC : 977844274V  '),
(544, 'Co_Kollupitiya', '1606226001', 'newcourse', '2020-11-24', 'New student registered : NIC : 962570070V  '),
(545, 'Co_Kollupitiya', '1606226182', 'newcourse', '2020-11-24', 'New student registered : NIC : 978500684V  '),
(546, 'Co_Kollupitiya', '1606226342', 'newcourse', '2020-11-24', 'New student registered : NIC : 970203540V  '),
(547, 'Co_Kollupitiya', '1606226524', 'newcourse', '2020-11-24', 'New student registered : NIC : 977131073V  '),
(548, 'Co_Kollupitiya', '1606226730', 'newcourse', '2020-11-24', 'New student registered : NIC : 962692737V  '),
(549, 'Co_Kollupitiya', '1606226897', 'newcourse', '2020-11-24', 'New student registered : NIC : 972610950V  '),
(550, 'Co_Kollupitiya', '1606301300', 'newcourse', '2020-11-25', 'New student registered : NIC : 200111402236  '),
(551, 'Co_Kollupitiya', '1606301464', 'newcourse', '2020-11-25', 'New student registered : NIC : 200027503168  '),
(552, 'Co_Kollupitiya', '1606301812', 'newcourse', '2020-11-25', 'New student registered : NIC : 987270373V  '),
(553, 'Co_Kollupitiya', '1606302197', 'newcourse', '2020-11-25', 'New student registered : NIC : 763161110V  '),
(554, 'Co_Kollupitiya', '1606302358', 'newcourse', '2020-11-25', 'New student registered : NIC : 940310709V  '),
(555, 'Co_Kollupitiya', '1606302501', 'newcourse', '2020-11-25', 'New student registered : NIC : 980081354V  '),
(556, 'Co_Kollupitiya', '1606302949', 'newcourse', '2020-11-25', 'New student registered : NIC : 200050301104  '),
(557, 'Co_Kollupitiya', '1606303291', 'newcourse', '2020-11-25', 'New student registered : NIC : 941062342V  '),
(558, 'Co_Kollupitiya', '1606303483', 'newcourse', '2020-11-25', 'New student registered : NIC : 923061975V  '),
(559, 'Co_Kollupitiya', '1606304174', 'newcourse', '2020-11-25', 'New student registered : NIC : 973083040V  '),
(560, 'Co_Kollupitiya', '1606390298', 'newcourse', '2020-11-26', 'New student registered : NIC : 971610115V  '),
(561, 'Co_Kollupitiya', '1606391538', 'newcourse', '2020-11-26', 'New student registered : NIC : 988570494V  '),
(562, 'Co_Kollupitiya', '1606391760', 'newcourse', '2020-11-26', 'New student registered : NIC : 977990521V  '),
(563, 'Co_Kollupitiya', '1606391976', 'newcourse', '2020-11-26', 'New student registered : NIC : 952650165V  '),
(564, 'Co_Kollupitiya', '1606392145', 'newcourse', '2020-11-26', 'New student registered : NIC : 911403013V  '),
(565, 'Co_Kollupitiya', '1606392658', 'newcourse', '2020-11-26', 'New student registered : NIC : 916430361V  '),
(566, 'Co_Kollupitiya', '1606394840', 'newcourse', '2020-11-26', 'New student registered : NIC : 861360113V  '),
(567, 'Co_Kollupitiya', '1606395107', 'newcourse', '2020-11-26', 'New student registered : NIC : 198709303479  '),
(568, 'Co_Kollupitiya', '1606395641', 'newcourse', '2020-11-26', 'New student registered : NIC : 198430201000  '),
(569, 'Co_Kollupitiya', '1606396032', 'newcourse', '2020-11-26', 'New student registered : NIC : 956041589V  '),
(570, 'Co_Kollupitiya', '1606397222', 'newcourse', '2020-11-26', 'New student registered : NIC : 981083040V  '),
(571, 'Co_Kollupitiya', '1606397563', 'newcourse', '2020-11-26', 'New student registered : NIC : 972741078V  '),
(572, 'Co_Kollupitiya', '1606398401', 'newcourse', '2020-11-26', 'New student registered : NIC : 830710345V  '),
(573, 'Co_Kollupitiya', '1606398811', 'newcourse', '2020-11-26', 'New student registered : NIC : 948450666V  '),
(574, 'Co_Kollupitiya', '1606399033', 'newcourse', '2020-11-26', 'New student registered : NIC : 822430686V  '),
(575, 'Co_Kollupitiya', '1606399240', 'newcourse', '2020-11-26', 'New student registered : NIC : 199408503346  '),
(576, 'Co_Kollupitiya', '1606399387', 'newcourse', '2020-11-26', 'New student registered : NIC : 972292117V  '),
(577, 'Co_Kollupitiya', '1606399599', 'newcourse', '2020-11-26', 'New student registered : NIC : 199935710268  '),
(578, 'Co_Kollupitiya', '1606399711', 'newcourse', '2020-11-26', 'New student registered : NIC : 953310201V  '),
(579, 'Co_Kollupitiya', '1606399903', 'newcourse', '2020-11-26', 'New student registered : NIC : 910612166V  '),
(580, 'Co_Kollupitiya', '1606400361', 'newcourse', '2020-11-26', 'New student registered : NIC : 932962535V  '),
(581, 'Co_Kollupitiya', '1606400472', 'newcourse', '2020-11-26', 'New student registered : NIC : 937852142V  '),
(582, 'Co_Kollupitiya', '1606400635', 'newcourse', '2020-11-26', 'New student registered : NIC : 933662772V  '),
(583, 'Co_Kollupitiya', '1606400797', 'newcourse', '2020-11-26', 'New student registered : NIC : 813662795V  '),
(584, 'Co_Kollupitiya', '1606400987', 'newcourse', '2020-11-26', 'New student registered : NIC : 921362242V  '),
(585, 'Co_Kollupitiya', '1606401505', 'newcourse', '2020-11-26', 'New student registered : NIC : 852352078V  '),
(586, 'Co_Kollupitiya', '1606401693', 'newcourse', '2020-11-26', 'New student registered : NIC : 896570919V  '),
(587, 'Co_Kollupitiya', '1606401995', 'newcourse', '2020-11-26', 'New student registered : NIC : 841302753V  '),
(588, 'Co_Kollupitiya', '1606486285', 'newcourse', '2020-11-27', 'New student registered : NIC : 199413510014  '),
(589, 'Co_Kollupitiya', '1606486649', 'newcourse', '2020-11-27', 'New student registered : NIC : 850120250V  '),
(590, 'Co_Kollupitiya', '1606487126', 'newcourse', '2020-11-27', 'New student registered : NIC : 938590400V  '),
(591, 'Co_Kollupitiya', '1606487331', 'newcourse', '2020-11-27', 'New student registered : NIC : 981711769V  '),
(592, 'Co_Kollupitiya', '1606487525', 'newcourse', '2020-11-27', 'New student registered : NIC : 923593381V  '),
(593, 'Co_Kollupitiya', '1606487742', 'newcourse', '2020-11-27', 'New student registered : NIC : 820943732V  '),
(594, 'Co_Kollupitiya', '1606807886', 'newcourse', '2020-12-01', 'New student registered : NIC : 938473528V  '),
(595, 'Co_Kollupitiya', '1606808057', 'newcourse', '2020-12-01', 'New student registered : NIC : 893030875V  '),
(596, 'Co_Kollupitiya', '1606809296', 'newcourse', '2020-12-01', 'New student registered : NIC : 960892810V  '),
(597, 'Co_Kollupitiya', '1606809630', 'newcourse', '2020-12-01', 'New student registered : NIC : 900534701V  '),
(598, 'Co_Kollupitiya', '1606809766', 'newcourse', '2020-12-01', 'New student registered : NIC : 891310030V  '),
(599, 'Co_Kollupitiya', '1606809919', 'newcourse', '2020-12-01', 'New student registered : NIC : 960710681V  '),
(600, 'Co_Kollupitiya', '1606810051', 'newcourse', '2020-12-01', 'New student registered : NIC : 199727201476  '),
(601, 'Co_Kollupitiya', '1606810200', 'newcourse', '2020-12-01', 'New student registered : NIC : 717222873V  '),
(602, 'Co_Kollupitiya', '1606810358', 'newcourse', '2020-12-01', 'New student registered : NIC : 976091418V  '),
(603, 'Co_Kollupitiya', '1606810610', 'newcourse', '2020-12-01', 'New student registered : NIC : 977920515V  '),
(604, 'Co_Kollupitiya', '1606810919', 'newcourse', '2020-12-01', 'New student registered : NIC : 199603200271  '),
(605, 'Co_Kollupitiya', '1606811693', 'newcourse', '2020-12-01', 'New student registered : NIC : 985302995V  '),
(606, 'Co_Kollupitiya', '1606811829', 'newcourse', '2020-12-01', 'New student registered : NIC : 967690139V  '),
(607, 'Co_Kollupitiya', '1606811978', 'newcourse', '2020-12-01', 'New student registered : NIC : 972111392V  '),
(608, 'Co_Kollupitiya', '1606812163', 'newcourse', '2020-12-01', 'New student registered : NIC : 976450671V  '),
(609, 'Co_Kollupitiya', '1606812723', 'newcourse', '2020-12-01', 'New student registered : NIC : 966971096V  '),
(610, 'Co_Kollupitiya', '1606812904', 'newcourse', '2020-12-01', 'New student registered : NIC : 970921095V  '),
(611, 'Co_Kollupitiya', '1606813016', 'newcourse', '2020-12-01', 'New student registered : NIC : 993142026V  '),
(612, 'Co_Kollupitiya', '1606813590', 'newcourse', '2020-12-01', 'New student registered : NIC : 982201357V  '),
(613, 'Co_Kollupitiya', '1606813898', 'newcourse', '2020-12-01', 'New student registered : NIC : 200252610129  '),
(614, 'Co_Kollupitiya', '1606815375', 'newcourse', '2020-12-01', 'New student registered : NIC : 965170901V  '),
(615, 'Co_Kollupitiya', '1606815552', 'newcourse', '2020-12-01', 'New student registered : NIC : 199832410375  '),
(616, 'Co_Kollupitiya', '1606815662', 'newcourse', '2020-12-01', 'New student registered : NIC : 200029301872  '),
(617, 'Co_Kollupitiya', '1606815803', 'newcourse', '2020-12-01', 'New student registered : NIC : 200068302712  '),
(618, 'Co_Kollupitiya', '1606815935', 'newcourse', '2020-12-01', 'New student registered : NIC : 733191996V  '),
(619, 'Co_Kollupitiya', '1606821304', 'newcourse', '2020-12-01', 'New student registered : NIC : 923020438V  '),
(620, 'Co_Kollupitiya', '1606821703', 'newcourse', '2020-12-01', 'New student registered : NIC : 983151892V  '),
(621, 'Co_Kollupitiya', '1606822000', 'newcourse', '2020-12-01', 'New student registered : NIC : 200400512826  '),
(622, 'Co_Kollupitiya', '1606822129', 'newcourse', '2020-12-01', 'New student registered : NIC : 972191051V  '),
(623, 'Co_Kollupitiya', '1606822260', 'newcourse', '2020-12-01', 'New student registered : NIC : 982801923V  '),
(624, 'Co_Kollupitiya', '1606822372', 'newcourse', '2020-12-01', 'New student registered : NIC : 973042793V  '),
(625, 'Co_Kollupitiya', '1606822500', 'newcourse', '2020-12-01', 'New student registered : NIC : 992330333V  '),
(626, 'Co_Kollupitiya', '1606822832', 'newcourse', '2020-12-01', 'New student registered : NIC : 935480337V  '),
(627, 'Co_Kollupitiya', '1606822972', 'newcourse', '2020-12-01', 'New student registered : NIC : 943143412V  '),
(628, 'Co_Kollupitiya', '1606823105', 'newcourse', '2020-12-01', 'New student registered : NIC : 903031026V  '),
(629, 'Co_Kollupitiya', '1606823424', 'newcourse', '2020-12-01', 'New student registered : NIC : 993311839V  '),
(630, 'Co_Kollupitiya', '1606823586', 'newcourse', '2020-12-01', 'New student registered : NIC : 950963450V  '),
(631, 'Co_Kollupitiya', '1606823726', 'newcourse', '2020-12-01', 'New student registered : NIC : 199701603697  '),
(632, 'Co_Kollupitiya', '1606823878', 'newcourse', '2020-12-01', 'New student registered : NIC : 901791481V  '),
(633, 'Co_Kollupitiya', '1606824033', 'newcourse', '2020-12-01', 'New student registered : NIC : 911630567V  '),
(634, 'Co_Kollupitiya', '1606824169', 'newcourse', '2020-12-01', 'New student registered : NIC : 967020451V  '),
(635, 'Co_Kollupitiya', '1606824318', 'newcourse', '2020-12-01', 'New student registered : NIC : 771480160V  '),
(636, 'Co_Kollupitiya', '1606824452', 'newcourse', '2020-12-01', 'New student registered : NIC : 743363515V  '),
(637, 'Co_Kollupitiya', '1606824673', 'newcourse', '2020-12-01', 'New student registered : NIC : 866373574V  '),
(638, 'Co_Kollupitiya', '1606825069', 'newcourse', '2020-12-01', 'New student registered : NIC : 978393403V  '),
(639, 'Co_Kollupitiya', '1606825243', 'newcourse', '2020-12-01', 'New student registered : NIC : 821551668V  '),
(640, 'Co_Kollupitiya', '1606825381', 'newcourse', '2020-12-01', 'New student registered : NIC : 881891948V  '),
(641, 'Co_Kollupitiya', '1606825518', 'newcourse', '2020-12-01', 'New student registered : NIC : 200067502042  '),
(642, 'Co_Kollupitiya', '1606825681', 'newcourse', '2020-12-01', 'New student registered : NIC : 200071301475  '),
(643, 'Co_Kollupitiya', '1606825795', 'newcourse', '2020-12-01', 'New student registered : NIC : 913272609V  '),
(644, 'Co_Kollupitiya', '1606827188', 'newcourse', '2020-12-01', 'New student registered : NIC : 975100782V  '),
(645, 'Co_Kollupitiya', '1606827324', 'newcourse', '2020-12-01', 'New student registered : NIC : 912991580V  '),
(646, 'Co_Kollupitiya', '1606827519', 'newcourse', '2020-12-01', 'New student registered : NIC : 992621141V  '),
(647, 'Co_Kollupitiya', '1606827653', 'newcourse', '2020-12-01', 'New student registered : NIC : 922871990V  '),
(648, 'Co_Kollupitiya', '1606827810', 'newcourse', '2020-12-01', 'New student registered : NIC : 199918600215  '),
(649, 'Co_Kollupitiya', '1606827975', 'newcourse', '2020-12-01', 'New student registered : NIC : 199331703283  '),
(650, 'Co_Kollupitiya', '1606828120', 'newcourse', '2020-12-01', 'New student registered : NIC : 197208600708  '),
(651, 'Co_Kollupitiya', '1606828252', 'newcourse', '2020-12-01', 'New student registered : NIC : 198409000940  '),
(652, 'Co_Kollupitiya', '1606828401', 'newcourse', '2020-12-01', 'New student registered : NIC : 971301813V  '),
(653, 'Co_Kollupitiya', '1606828535', 'newcourse', '2020-12-01', 'New student registered : NIC : 972162817V  '),
(654, 'Co_Kollupitiya', '1606828726', 'newcourse', '2020-12-01', 'New student registered : NIC : 199366303420  '),
(655, 'Co_Kollupitiya', '1606828841', 'newcourse', '2020-12-01', 'New student registered : NIC : 199831700161  '),
(656, 'Co_Kollupitiya', '1606829047', 'newcourse', '2020-12-01', 'New student registered : NIC : 966511214V  '),
(657, 'Co_Kollupitiya', '1606829207', 'newcourse', '2020-12-01', 'New student registered : NIC : 943643334V  '),
(658, 'Co_Kollupitiya', '1606829321', 'newcourse', '2020-12-01', 'New student registered : NIC : 971023945V  '),
(659, 'Co_Kollupitiya', '1606829441', 'newcourse', '2020-12-01', 'New student registered : NIC : 958110545V  ');

-- --------------------------------------------------------

--
-- Table structure for table `payment`
--

CREATE TABLE `payment` (
  `pay_id` int(250) NOT NULL,
  `std_id` int(100) NOT NULL,
  `course_id` int(100) NOT NULL,
  `discount` varchar(100) NOT NULL DEFAULT '0',
  `tot_amount` varchar(100) NOT NULL,
  `type` varchar(50) DEFAULT NULL,
  `pay_date` date DEFAULT NULL,
  `discount_remark` varchar(500) DEFAULT NULL,
  `approvalState` varchar(5) DEFAULT 'T'
) ENGINE=MyISAM DEFAULT CHARSET=latin1;

--
-- Dumping data for table `payment`
--

INSERT INTO `payment` (`pay_id`, `std_id`, `course_id`, `discount`, `tot_amount`, `type`, `pay_date`, `discount_remark`, `approvalState`) VALUES
(1, 14, 4, '0', '32500', 'HalfPay', '2017-10-04', '', 'T'),
(2, 13, 7, '0', '32500', 'HalfPay', '2017-10-04', '', 'T'),
(3, 12, 7, '0', '32500', 'HalfPay', '2017-10-04', '', 'T'),
(4, 11, 7, '0', '32500', 'HalfPay', '2017-10-04', '', 'T'),
(5, 10, 13, '0', '37500', 'HalfPay', '2017-10-04', '', 'T'),
(6, 9, 1, '0', '25000', 'HalfPay', '2017-10-04', '', 'T'),
(7, 9, 12, '0', '25000', 'HalfPay', '2017-10-04', '', 'T'),
(8, 9, 3, '1625', '30875', 'HalfPay', '2017-11-07', '', 'TC'),
(9, 8, 1, '0', '25000', 'HalfPay', '2017-10-04', '', 'T'),
(10, 8, 3, '0', '32500', 'HalfPay', '2017-10-04', '', 'T'),
(11, 7, 3, '0', '65000', 'SPC', '2017-10-04', '', 'T'),
(12, 6, 13, '0', '37500', 'HalfPay', '2017-10-04', '', 'T'),
(13, 6, 4, '0', '32500', 'HalfPay', '2017-10-04', '', 'T'),
(14, 5, 13, '0', '37500', 'HalfPay', '2017-10-04', '', 'T'),
(15, 4, 1, '0', '25000', 'HalfPay', '2017-10-04', '', 'T'),
(16, 3, 1, '2500', '22500', 'SPC', '2017-10-04', '', 'T'),
(17, 0, 0, '', '', '', '0000-00-00', '', 'T'),
(18, 1, 9, '0', '32500', 'HalfPay', '2017-10-04', '', 'T'),
(19, 2, 9, '3250', '29250', 'SPC', '2017-10-04', '', 'T'),
(20, 15, 12, '0', '25000', 'HalfPay', '2017-10-09', '', 'T'),
(21, 16, 1, '0', '25000', 'HalfPay', '2017-10-11', '', 'T'),
(22, 17, 1, '5000', '20000', 'FullPay', '2017-10-11', '', 'T'),
(23, 18, 5, '0', '100000', 'HalfPay', '2017-10-11', '', 'T'),
(24, 19, 3, '6500', '26000', 'SPC', '2017-10-11', '5 student group.', 'T'),
(25, 20, 3, '6500', '26000', 'SPC', '2017-10-11', '5 students group.', 'T'),
(26, 21, 3, '6500', '26000', 'SPC', '2017-10-11', '5 students group.', 'T'),
(27, 22, 1, '0', '25000', 'HalfPay', '2017-10-11', '', 'T'),
(28, 23, 1, '0', '25000', 'HalfPay', '2017-10-11', '', 'T'),
(29, 24, 3, '0', '32500', 'HalfPay', '2017-10-11', '', 'T'),
(30, 25, 3, '6500', '26000', 'SPC', '2017-10-11', '5 students group.', 'T'),
(31, 26, 1, '2500', '22500', 'SPC', '2017-10-11', '', 'T'),
(32, 18, 7, '0', '32500', 'HalfPay', '2017-10-11', '', 'T'),
(33, 27, 7, '0', '32500', 'HalfPay', '2017-10-11', '', 'T'),
(34, 28, 7, '3250', '29250', 'SPC', '2017-10-11', '', 'T'),
(35, 29, 3, '6500', '26000', 'SPC', '2017-10-12', '5 students group.', 'T'),
(36, 30, 3, '0', '32500', 'HalfPay', '2017-10-12', '', 'T'),
(37, 31, 7, '0', '32500', 'HalfPay', '2017-10-12', '', 'T'),
(38, 32, 9, '0', '32500', 'HalfPay', '2017-10-13', '', 'T'),
(39, 33, 9, '0', '32500', 'HalfPay', '2017-10-13', '', 'T'),
(40, 34, 5, '0', '100000', 'HalfPay', '2017-10-13', '', 'T'),
(41, 35, 13, '7500', '30000', 'SPC', '2017-10-13', '10 students group.', 'T'),
(42, 36, 13, '7500', '30000', 'SPC', '2017-10-13', '10 students group.', 'T'),
(43, 37, 15, '3750', '33750', 'SPC', '2017-10-13', '', 'T'),
(44, 38, 15, '3750', '33750', 'SPC', '2017-10-13', '', 'T'),
(45, 39, 15, '3750', '33750', 'SPC', '2017-10-13', '', 'T'),
(46, 40, 13, '7500', '30000', 'SPC', '2017-10-13', '10 students group.', 'T'),
(47, 42, 13, '7500', '30000', 'SPC', '2017-10-13', '10 students group.', 'T'),
(48, 43, 13, '7500', '30000', 'SPC', '2017-10-13', '10 students group.', 'T'),
(49, 44, 13, '2200', '35300', 'HalfPay', '2017-10-13', '', 'T'),
(50, 45, 13, '7500', '30000', 'SPC', '2017-10-13', '10 students group.', 'T'),
(51, 46, 13, '3750', '33750', 'SPC', '2017-10-13', '', 'T'),
(52, 47, 7, '0', '32500', 'HalfPay', '2017-10-13', '', 'T'),
(53, 48, 7, '0', '32500', 'HalfPay', '2017-10-13', '', 'T'),
(54, 49, 3, '0', '32500', 'HalfPay', '2017-10-13', '', 'T'),
(55, 50, 13, '7500', '30000', 'SPC', '2017-10-13', '10 students group.', 'T'),
(56, 51, 13, '7500', '30000', 'SPC', '2017-10-13', '10 students group.', 'T'),
(57, 52, 13, '2200', '35300', 'HalfPay', '2017-10-13', '10 group', 'T'),
(58, 0, 0, '', '', '', '0000-00-00', '', 'T'),
(59, 53, 1, '0', '37500', 'SPC', '2017-10-16', 'Individual class', 'T'),
(60, 54, 5, '0', '100000', 'HalfPay', '2017-10-16', '', 'T'),
(61, 55, 13, '7500', '30000', 'SPC', '2017-10-16', '10 students group.', 'T'),
(62, 56, 13, '7500', '30000', 'SPC', '2017-10-16', '10 students group.', 'T'),
(63, 57, 13, '7500', '30000', 'SPC', '2017-10-16', '10 students group.', 'T'),
(64, 58, 3, '0', '32500', 'HalfPay', '2017-10-16', '', 'T'),
(65, 59, 1, '0', '25000', 'HalfPay', '2017-10-16', '', 'T'),
(66, 60, 1, '0', '25000', 'HalfPay', '2017-10-16', '', 'T'),
(67, 61, 1, '0', '25000', 'HalfPay', '2017-10-16', '', 'T'),
(68, 62, 1, '0', '25000', 'HalfPay', '2017-10-16', '', 'T'),
(69, 63, 1, '0', '25000', 'HalfPay', '2017-10-16', '', 'T'),
(70, 64, 1, '2500', '22500', 'SPC', '2017-10-17', '', 'T'),
(71, 65, 1, '2500', '22500', 'SPC', '2017-10-17', '', 'T'),
(72, 66, 1, '2500', '22500', 'SPC', '2017-10-17', '', 'T'),
(73, 67, 1, '2500', '22500', 'SPC', '2017-10-17', '', 'T'),
(74, 68, 1, '0', '25000', 'SPC', '2017-11-07', '', 'TC'),
(75, 69, 3, '0', '32500', 'HalfPay', '2017-10-17', '', 'T'),
(76, 70, 3, '0', '32500', 'HalfPay', '2017-10-17', '', 'T'),
(77, 71, 3, '0', '32500', 'HalfPay', '2017-10-17', '', 'T'),
(78, 72, 3, '0', '32500', 'HalfPay', '2017-10-18', '', 'T'),
(79, 73, 1, '2500', '22500', 'SPC', '2017-10-18', '', 'T'),
(80, 74, 1, '2500', '22500', 'SPC', '2017-10-18', '', 'T'),
(81, 75, 1, '2500', '22500', 'SPC', '2017-10-18', '', 'T'),
(82, 76, 9, '3250', '29250', 'SPC', '2017-10-18', '', 'T'),
(83, 46, 3, '0', '32500', 'HalfPay', '2017-10-20', '', 'T'),
(84, 6, 3, '0', '32500', 'HalfPay', '2017-10-20', '', 'T'),
(85, 41, 1, '0', '25000', 'HalfPay', '2017-10-20', '', 'T'),
(101, 95, 1, '0', '25000', 'HalfPay', '2017-11-12', '', 'T'),
(86, 77, 1, '0', '25000', 'HalfPay', '2017-10-20', '', 'T'),
(87, 78, 1, '0', '25000', 'HalfPay', '2017-10-07', '', 'T'),
(88, 79, 1, '0', '25000', 'HalfPay', '2017-10-07', '', 'T'),
(89, 80, 1, '0', '25000', 'HalfPay', '2017-09-30', '', 'T'),
(90, 83, 1, '0', '25000', 'HalfPay', '2017-09-30', '', 'T'),
(91, 84, 9, '0', '32500', 'HalfPay', '2017-10-15', '', 'T'),
(92, 85, 9, '3250', '29250', 'FullPay', '2017-10-15', 'Full Payment', 'T'),
(93, 86, 9, '3250', '29250', 'FullPay', '2017-10-15', 'Full Payment', 'T'),
(94, 87, 9, '4875', '27625', 'FullPay', '2017-10-15', 'With the approval from MD Nexgen', 'T'),
(95, 88, 9, '4875', '27625', 'FullPay', '2017-10-23', 'With the approval from MD Nexgen', 'T'),
(96, 89, 1, '0', '25000', 'HalfPay', '2017-10-21', '', 'T'),
(97, 91, 25, '0', '28000', 'HalfPay', '2017-10-24', '', 'T'),
(98, 92, 25, '14000', '14000', 'SPC', '2017-10-24', '', 'T'),
(99, 93, 25, '14000', '14000', 'SPC', '2017-10-24', '', 'T'),
(100, 41, 7, '0', '5000', 'SPC', '2017-08-06', 'He attended to this Course  only 2 days and shift to AutoCAD. ', 'T'),
(102, 96, 1, '0', '25000', 'HalfPay', '2017-11-12', '', 'T'),
(103, 97, 1, '2500', '22500', 'FullPay', '2017-11-12', '', 'T'),
(104, 98, 1, '2500', '22500', 'FullPay', '2017-11-12', '', 'T'),
(105, 100, 1, '0', '25000', 'HalfPay', '2017-10-21', '', 'T'),
(106, 107, 1, '2500', '22500', 'FullPay', '2017-11-18', '', 'T'),
(107, 108, 1, '2500', '22500', 'FullPay', '2017-11-18', '', 'T'),
(108, 99, 1, '2500', '22500', 'FullPay', '2017-11-19', '', 'T'),
(109, 111, 3, '0', '32500', 'HalfPay', '2017-11-21', '', 'T'),
(110, 112, 3, '0', '32500', 'HalfPay', '2017-11-19', '', 'T'),
(111, 113, 3, '0', '32500', 'HalfPay', '2017-11-19', '', 'T'),
(112, 114, 3, '3250', '29250', 'FullPay', '2017-09-30', 'Full Payment', 'T'),
(113, 115, 3, '0', '32500', 'HalfPay', '2017-11-19', '', 'T'),
(114, 116, 3, '3250', '29250', 'FullPay', '2017-11-19', 'Full Payment', 'T'),
(115, 120, 1, '10000', '15000', 'HalfPay', '2017-11-21', 'SLIIT Students ', 'T'),
(116, 121, 1, '10000', '15000', 'FullPay', '2017-11-22', 'SLIIT Student', 'T'),
(117, 122, 1, '2500', '22500', 'FullPay', '2017-11-22', '', 'T'),
(118, 110, 3, '0', '32500', 'HalfPay', '2017-11-29', '', 'T'),
(119, 181, 3, '0', '32500', 'HalfPay', '2017-12-02', '', 'T'),
(120, 182, 1, '0', '25000', 'HalfPay', '2017-12-04', '', 'T'),
(121, 183, 1, '0', '25000', 'HalfPay', '2017-12-04', '', 'T'),
(122, 184, 1, '2500', '22500', 'FullPay', '2017-12-04', '', 'T'),
(123, 185, 1, '0', '25000', 'HalfPay', '2017-12-09', '', 'T'),
(124, 186, 3, '0', '32500', 'HalfPay', '2017-12-09', '', 'T'),
(125, 188, 1, '2500', '22500', 'FullPay', '2017-12-11', '', 'T'),
(126, 189, 1, '2500', '22500', 'FullPay', '2017-12-11', '', 'T'),
(127, 197, 1, '0', '25000', 'HalfPay', '2017-12-16', '', 'T'),
(128, 198, 3, '3250', '29250', 'FullPay', '2017-12-17', 'Full Payment', 'T'),
(129, 108, 3, '3250', '29250', 'HalfPay', '2018-02-06', '', 'TC'),
(130, 107, 3, '3250', '29250', 'HalfPay', '2018-02-03', '', 'TC'),
(131, 205, 3, '0', '32500', 'HalfPay', '2017-12-30', '', 'T'),
(132, 206, 1, '2500', '22500', 'FullPay', '2018-01-13', '', 'T'),
(133, 207, 3, '0', '32500', 'HalfPay', '2018-01-13', '', 'T'),
(134, 208, 9, '3250', '29250', 'FullPay', '2018-01-14', '', 'T'),
(135, 210, 1, '0', '25000', 'HalfPay', '2018-01-20', '', 'T'),
(136, 209, 9, '0', '32500', 'HalfPay', '2018-01-21', '', 'T'),
(137, 211, 9, '0', '32500', 'HalfPay', '2018-01-21', '', 'T'),
(138, 213, 3, '0', '32500', 'SPC', '2018-01-23', '', 'T'),
(139, 214, 3, '', '', 'SPC', '2018-01-23', '', 'T'),
(140, 215, 3, '', '', 'SPC', '2018-01-23', '', 'T'),
(141, 217, 3, '3250', '29250', 'SPC', '2018-01-23', '', 'T'),
(142, 218, 3, '0', '32500', 'SPC', '2018-01-23', '', 'T'),
(143, 216, 3, '0', '32500', 'SPC', '2018-01-23', '', 'T'),
(144, 123, 15, '0', '75000', 'SPC', '2018-01-04', '', 'T'),
(145, 228, 1, '', '', 'SPC', '2018-01-23', '', 'T'),
(146, 230, 1, '', '', 'SPC', '2018-01-23', '', 'T'),
(147, 231, 1, '0', '25000', 'SPC', '2018-01-23', '', 'T'),
(148, 232, 1, '0', '25000', 'SPC', '2018-01-23', '', 'T'),
(149, 233, 1, '0', '25000', 'SPC', '2018-01-23', '', 'T'),
(150, 234, 1, '0', '25000', 'SPC', '2018-01-23', '', 'T'),
(151, 235, 1, '', '', 'SPC', '2018-01-23', '', 'T'),
(152, 236, 1, '0', '25000', 'SPC', '2018-01-23', '', 'T'),
(153, 237, 1, '0', '25000', 'SPC', '2018-01-23', '', 'T'),
(154, 213, 1, '0', '25000', 'SPC', '2018-01-23', '', 'T'),
(155, 238, 1, '0', '25000', 'SPC', '2018-01-23', '', 'T'),
(156, 239, 1, '0', '25000', 'SPC', '2018-01-23', '', 'T'),
(157, 240, 1, '0', '25000', 'SPC', '2018-01-23', '', 'T'),
(158, 214, 1, '0', '25000', 'SPC', '2018-01-23', '', 'T'),
(159, 241, 1, '2500', '22500', 'SPC', '2018-01-23', '', 'T'),
(160, 242, 1, '0', '25000', 'SPC', '2018-01-23', '', 'T'),
(161, 243, 1, '0', '25000', 'SPC', '2018-01-23', '', 'T'),
(162, 244, 1, '0', '25000', 'SPC', '2018-01-23', '', 'T'),
(163, 220, 1, '0', '25000', 'SPC', '2018-01-24', '', 'T'),
(164, 221, 1, '0', '25000', 'SPC', '2018-01-24', '', 'T'),
(165, 222, 1, '0', '25000', 'SPC', '2018-01-24', '', 'T'),
(166, 223, 1, '0', '25000', 'SPC', '2018-01-24', '', 'T'),
(167, 224, 1, '', '', 'SPC', '2018-01-24', '', 'T'),
(168, 225, 1, '0', '25000', 'SPC', '2018-01-24', '', 'T'),
(169, 226, 1, '0', '25000', 'SPC', '2018-01-24', '', 'T'),
(170, 227, 1, '0', '25000', 'SPC', '2018-01-24', '', 'T'),
(171, 245, 14, '0', '36000', 'SPC', '2018-01-24', '', 'T'),
(172, 246, 14, '0', '36000', 'SPC', '2018-01-24', '', 'T'),
(173, 247, 14, '0', '36000', 'SPC', '2018-01-24', '', 'T'),
(174, 248, 1, '0', '25000', 'HalfPay', '2018-01-27', '', 'T'),
(175, 249, 1, '0', '25000', 'HalfPay', '2018-01-27', '', 'T'),
(176, 250, 9, '3250', '29250', 'FullPay', '2018-01-28', '', 'T'),
(177, 251, 3, '3250', '29250', 'FullPay', '2018-02-10', '', 'T'),
(178, 253, 1, '0', '25000', 'HalfPay', '2018-02-17', '', 'T'),
(179, 252, 5, '10000', '90000', 'FullPay', '2018-02-27', '', 'T'),
(180, 256, 1, '0', '25000', 'HalfPay', '2018-03-17', '3D part only', 'T'),
(181, 255, 1, '0', '25000', 'HalfPay', '2018-03-17', '', 'T'),
(182, 257, 7, '0', '32500', 'HalfPay', '2018-03-18', '', 'T'),
(183, 107, 7, '3250', '29250', 'FullPay', '2018-04-07', '', 'T'),
(184, 262, 13, '0', '37500', 'HalfPay', '2018-04-08', '', 'T'),
(185, 263, 13, '0', '37500', 'HalfPay', '2018-04-08', '', 'T'),
(186, 264, 13, '0', '37500', 'HalfPay', '2018-04-08', '', 'T'),
(187, 265, 13, '0', '37500', 'HalfPay', '2018-04-08', '', 'T'),
(188, 266, 13, '0', '37500', 'HalfPay', '2018-04-08', '', 'T'),
(189, 260, 23, '0', '25000', 'HalfPay', '2018-04-11', '', 'T'),
(190, 259, 23, '0', '25000', 'HalfPay', '2018-04-11', '', 'T'),
(191, 258, 23, '0', '25000', 'HalfPay', '2018-04-11', '', 'T'),
(192, 267, 23, '0', '25000', 'HalfPay', '2018-04-11', '', 'T'),
(193, 269, 3, '0', '32500', 'HalfPay', '2018-04-21', '', 'T'),
(194, 270, 3, '3250', '29250', 'FullPay', '2018-04-21', '', 'T'),
(195, 271, 1, '0', '25000', 'HalfPay', '2018-04-21', '', 'T'),
(196, 268, 3, '3250', '29250', 'FullPay', '2018-04-26', '', 'T'),
(197, 109, 3, '0', '32500', 'HalfPay', '2018-04-28', '', 'T'),
(198, 34, 3, '3250', '29250', 'FullPay', '2018-05-05', '', 'T'),
(199, 272, 1, '0', '25000', 'HalfPay', '2018-05-12', '', 'T'),
(200, 34, 1, '0', '25000', 'HalfPay', '2018-05-12', '', 'T'),
(201, 273, 1, '0', '25000', 'HalfPay', '2018-05-26', '', 'T'),
(202, 280, 3, '4800', '27700', 'HalfPay', '2018-07-13', '', 'TC'),
(203, 281, 3, '0', '32500', 'HalfPay', '2018-06-03', '', 'T'),
(204, 277, 3, '4800', '27700', 'HalfPay', '2018-07-12', '', 'TC'),
(205, 275, 3, '4800', '27700', 'HalfPay', '2018-07-13', '', 'TC'),
(206, 278, 3, '4800', '27700', 'HalfPay', '2018-07-13', '', 'TC'),
(207, 282, 3, '4800', '27700', 'HalfPay', '2018-07-13', '', 'TC'),
(208, 276, 3, '4800', '27700', 'HalfPay', '2018-07-13', '', 'TC'),
(209, 274, 3, '4800', '27700', 'HalfPay', '2018-07-13', '', 'TC'),
(210, 283, 3, '4800', '27700', 'HalfPay', '2018-07-13', '', 'TC'),
(211, 284, 3, '4800', '27700', 'HalfPay', '2018-07-13', '', 'TC'),
(212, 279, 3, '4800', '27700', 'HalfPay', '2018-07-13', '', 'TC'),
(213, 285, 3, '4800', '27700', 'HalfPay', '2018-07-13', '', 'TC'),
(214, 286, 3, '4800', '27700', 'HalfPay', '2018-07-13', '', 'TC'),
(215, 287, 1, '0', '25000', 'HalfPay', '2018-06-30', '', 'T'),
(216, 288, 3, '4800', '27700', 'HalfPay', '2018-07-13', '', 'TC'),
(217, 289, 7, '3250', '29250', 'SPC', '2018-07-22', '', 'T'),
(218, 290, 7, '0', '32500', 'HalfPay', '2018-07-22', '', 'T'),
(219, 291, 3, '0', '32500', 'HalfPay', '2018-07-22', '', 'T'),
(220, 292, 3, '0', '32500', 'HalfPay', '2018-07-22', '', 'T'),
(221, 293, 3, '0', '32500', 'HalfPay', '2018-07-22', '', 'T'),
(222, 296, 7, '3250', '29250', 'FullPay', '2018-07-29', '', 'T'),
(223, 295, 23, '0', '25000', 'HalfPay', '2018-07-29', '', 'T'),
(224, 294, 23, '0', '25000', 'HalfPay', '2018-08-05', '', 'T'),
(225, 297, 23, '0', '25000', 'HalfPay', '2018-08-05', '', 'T'),
(226, 298, 23, '0', '25000', 'HalfPay', '2018-08-05', '', 'T'),
(227, 299, 23, '0', '25000', 'HalfPay', '2018-08-05', '', 'T'),
(228, 300, 23, '0', '25000', 'HalfPay', '2018-08-05', '', 'T'),
(229, 301, 1, '0', '25000', 'HalfPay', '2018-09-08', '', 'T'),
(230, 302, 1, '0', '25000', 'HalfPay', '2018-09-02', '', 'T'),
(231, 303, 1, '0', '25000', 'HalfPay', '2018-09-08', '', 'T'),
(232, 304, 1, '0', '25000', 'HalfPay', '2018-09-08', '', 'T'),
(233, 305, 1, '0', '25000', 'HalfPay', '2018-09-08', '', 'T'),
(234, 306, 1, '0', '25000', 'HalfPay', '2018-09-22', '', 'T'),
(235, 308, 1, '0', '39500', 'SPC', '2020-08-16', 'Individual Payment Type', 'T'),
(236, 324, 32, '2500', '22500', 'FullPay', '2020-09-09', 'Full Payment', 'T'),
(237, 325, 32, '2500', '22500', 'FullPay', '2020-09-16', 'Full Payment', 'T'),
(238, 326, 32, '2500', '22500', 'FullPay', '2020-10-04', 'Full Payment', 'T'),
(239, 327, 32, '0', '25000', 'SPC', '2020-10-04', 'She has done payment to Shihan', 'T'),
(240, 328, 32, '2500', '22500', 'FullPay', '2020-09-23', 'Fullpayment Individual', 'T'),
(241, 329, 36, '', '', 'HalfPay', '2020-10-04', 'Installment Payment', 'T'),
(242, 330, 36, '', '', 'HalfPay', '2020-07-06', 'Installment Payment', 'T'),
(243, 331, 36, '', '', 'HalfPay', '2020-10-04', 'Installment Payment', 'T'),
(244, 332, 36, '', '', 'HalfPay', '2020-10-04', 'Installment Payment', 'T'),
(245, 333, 35, '', '', 'HalfPay', '2020-10-04', 'Installment Payment', 'T'),
(246, 334, 35, '11500', '103500', 'FullPay', '2019-11-24', 'Full Payment', 'T'),
(247, 335, 35, '', '', 'HalfPay', '2020-10-04', 'Installment Payment', 'T'),
(248, 336, 35, '', '', 'HalfPay', '2020-10-04', 'Installment Payment', 'T'),
(249, 344, 32, '5000', '20000', 'SPC', '2020-11-18', 'FCADD(Online class) (10% full payment discount + 2500 online class discount) ONLINE TRANSFER', 'T');

-- --------------------------------------------------------

--
-- Table structure for table `payment_installment`
--

CREATE TABLE `payment_installment` (
  `ins_id` int(150) NOT NULL,
  `l_pay_date` date DEFAULT NULL,
  `std_id` int(50) NOT NULL,
  `course_id` int(50) NOT NULL,
  `installment_1` int(150) DEFAULT 0,
  `installment_2` int(150) DEFAULT 0,
  `installment_3` int(150) DEFAULT 0
) ENGINE=MyISAM DEFAULT CHARSET=latin1;

--
-- Dumping data for table `payment_installment`
--

INSERT INTO `payment_installment` (`ins_id`, `l_pay_date`, `std_id`, `course_id`, `installment_1`, `installment_2`, `installment_3`) VALUES
(1, '2017-09-24', 14, 4, 20000, 0, 0),
(2, '2017-11-12', 13, 7, 13500, 9500, 9500),
(3, '2017-10-15', 12, 7, 13500, 9500, 9500),
(4, '2017-10-29', 11, 7, 13500, 9500, 9500),
(5, '2017-09-17', 10, 13, 15500, 0, 0),
(6, '2017-12-02', 9, 1, 10000, 7500, 7500),
(7, '2017-12-02', 9, 12, 10000, 7500, 7500),
(8, '2017-10-28', 9, 3, 20000, 10800, 0),
(9, '2017-09-30', 8, 1, 10000, 15000, 0),
(10, '2017-10-28', 8, 3, 20000, 12500, 0),
(60, '2017-11-18', 100, 1, 10000, 0, 0),
(12, '2017-08-27', 6, 13, 7000, 0, 0),
(13, '2017-10-28', 6, 4, 20000, 12500, 0),
(14, '2017-08-27', 5, 13, 15500, 0, 0),
(15, '2017-08-26', 4, 1, 10000, 0, 0),
(16, '0000-00-00', 0, 0, 0, 0, 0),
(17, '2017-09-03', 1, 9, 32500, 0, 0),
(18, '2017-11-04', 15, 12, 10000, 7500, 0),
(19, '2017-03-28', 16, 1, 10000, 7500, 7500),
(20, '2017-04-29', 18, 5, 40000, 30000, 30000),
(21, '2017-05-28', 22, 1, 10000, 7500, 7500),
(22, '2017-05-28', 23, 1, 10000, 7500, 7500),
(23, '2017-04-01', 24, 3, 32500, 0, 0),
(24, '2017-04-18', 18, 7, 13500, 9500, 9500),
(25, '2017-04-18', 27, 7, 13500, 9500, 9500),
(26, '2017-07-30', 30, 3, 20000, 12500, 0),
(27, '2017-07-02', 31, 7, 13500, 9500, 9500),
(28, '2017-05-27', 32, 9, 32500, 0, 0),
(29, '2017-06-08', 33, 9, 20000, 12500, 0),
(30, '2017-07-29', 34, 5, 40000, 30000, 30000),
(31, '2017-05-13', 44, 13, 15500, 0, 0),
(32, '2017-06-25', 47, 7, 13500, 9500, 9500),
(33, '2017-05-14', 48, 7, 13500, 0, 0),
(34, '2017-06-25', 49, 3, 20000, 12500, 0),
(35, '2017-05-23', 52, 13, 15000, 0, 0),
(36, '2017-08-19', 54, 5, 40000, 30000, 30000),
(37, '2017-06-25', 58, 3, 32500, 0, 0),
(38, '2017-08-27', 59, 1, 10000, 7500, 7500),
(39, '2017-09-24', 60, 1, 10000, 7500, 7500),
(40, '2017-10-01', 61, 1, 10000, 7500, 7500),
(41, '2017-09-24', 62, 1, 10000, 7500, 7500),
(42, '2017-09-10', 63, 1, 10000, 7500, 8000),
(43, '2017-09-09', 69, 3, 20000, 12500, 0),
(44, '2017-08-05', 70, 3, 32500, 0, 0),
(45, '2017-08-19', 71, 3, 32500, 0, 0),
(46, '2017-08-19', 72, 3, 32500, 0, 0),
(47, '2017-06-25', 46, 3, 32500, 0, 0),
(48, '2017-06-25', 6, 3, 32500, 0, 0),
(49, '2017-08-06', 41, 1, 10000, 7500, 7500),
(50, '2017-11-04', 77, 1, 10000, 7500, 0),
(51, '2017-10-28', 78, 1, 10000, 7500, 0),
(52, '2017-11-25', 79, 1, 10000, 7500, 7500),
(53, '2017-09-30', 80, 1, 10000, 0, 0),
(54, '2017-10-28', 83, 1, 10000, 7500, 0),
(55, '2017-10-15', 84, 9, 15000, 0, 0),
(56, '2017-11-18', 89, 1, 10000, 7500, 0),
(57, '2017-11-12', 91, 25, 16000, 0, 0),
(58, '2018-01-06', 95, 1, 10000, 7500, 7500),
(59, '2018-07-26', 96, 1, 10000, 7500, 7500),
(61, '2017-11-21', 111, 3, 20000, 0, 0),
(62, '2017-11-19', 112, 3, 20000, 0, 0),
(63, '2017-11-19', 113, 3, 20000, 0, 0),
(64, '2017-11-19', 115, 3, 20000, 0, 0),
(65, '2017-11-21', 120, 1, 2000, 0, 0),
(66, '2017-11-29', 110, 3, 20000, 0, 0),
(67, '2018-03-24', 181, 3, 20000, 12500, 0),
(68, '2017-12-19', 182, 1, 10000, 7500, 7500),
(69, '2017-12-19', 183, 1, 10000, 7500, 7500),
(70, '2018-01-13', 185, 1, 10000, 7500, 7500),
(71, '2017-12-09', 186, 3, 10000, 0, 0),
(72, '2018-03-03', 197, 1, 10000, 7500, 7500),
(73, '2018-02-03', 108, 3, 20000, 9250, 0),
(74, '2018-02-03', 107, 3, 20000, 9250, 0),
(75, '2018-03-24', 205, 3, 20000, 12500, 0),
(76, '2018-02-17', 207, 3, 20000, 12500, 0),
(77, '2018-01-20', 210, 1, 10000, 0, 0),
(78, '2017-10-18', 209, 9, 29250, 0, 0),
(79, '2018-01-21', 209, 9, 3250, 0, 0),
(80, '2018-02-19', 211, 9, 20000, 12500, 0),
(81, '2018-03-24', 248, 1, 10000, 7500, 7500),
(82, '2018-04-21', 249, 1, 10000, 7500, 7500),
(83, '2018-05-05', 253, 1, 10000, 7500, 7500),
(84, '2018-03-17', 256, 1, 8000, 0, 0),
(85, '2018-03-17', 255, 1, 1000, 0, 0),
(86, '2018-05-27', 257, 7, 13500, 9500, 9500),
(87, '2018-07-01', 262, 13, 15500, 11000, 11000),
(88, '2018-04-08', 263, 13, 15500, 0, 0),
(89, '2018-07-01', 264, 13, 15500, 11000, 11000),
(90, '2018-07-01', 265, 13, 15500, 11000, 11000),
(91, '2018-06-17', 266, 13, 15500, 11000, 11000),
(92, '2018-04-17', 260, 23, 10000, 7500, 7500),
(93, '2018-04-17', 259, 23, 10000, 7500, 7500),
(94, '2018-04-17', 258, 23, 10000, 7500, 7500),
(95, '2018-04-17', 267, 23, 10000, 7500, 7500),
(96, '2018-05-26', 269, 3, 20000, 12500, 0),
(97, '2018-06-23', 271, 1, 10000, 7500, 7500),
(98, '2018-04-28', 109, 3, 20000, 0, 0),
(99, '2018-06-23', 272, 1, 10000, 7500, 7500),
(100, '2018-07-21', 34, 1, 10000, 7500, 7500),
(101, '2018-08-11', 273, 1, 10000, 7500, 7500),
(102, '2018-08-12', 280, 3, 20000, 6000, 0),
(103, '2018-07-22', 281, 3, 20000, 12500, 0),
(104, '2018-08-12', 277, 3, 20000, 6000, 0),
(105, '2018-08-12', 275, 3, 20000, 6000, 0),
(106, '2018-06-09', 278, 3, 15000, 0, 0),
(107, '2018-06-09', 282, 3, 18000, 0, 0),
(108, '2018-09-02', 276, 3, 20000, 7700, 0),
(109, '2018-08-05', 274, 3, 20000, 6000, 0),
(110, '2018-08-12', 283, 3, 20000, 6000, 0),
(111, '2018-08-12', 284, 3, 20000, 6000, 0),
(112, '2018-08-12', 279, 3, 20000, 6000, 0),
(113, '2018-08-12', 285, 3, 20000, 6000, 0),
(114, '2018-08-12', 286, 3, 20000, 6000, 0),
(115, '2018-09-08', 287, 1, 10000, 7500, 7500),
(116, '2018-08-12', 288, 3, 20000, 6000, 0),
(117, '2018-09-02', 290, 7, 13500, 9500, 9500),
(118, '2018-08-12', 291, 3, 20000, 0, 0),
(119, '2018-08-12', 292, 3, 20000, 0, 0),
(120, '2018-08-12', 293, 3, 20000, 0, 0),
(121, '2018-09-02', 295, 23, 10000, 7500, 0),
(122, '2018-09-30', 294, 23, 10000, 7000, 0),
(123, '2018-09-30', 297, 23, 10000, 7500, 5000),
(124, '2018-09-02', 298, 23, 10000, 7500, 0),
(125, '2018-09-02', 299, 23, 10000, 7500, 0),
(126, '2018-09-02', 300, 23, 10000, 6500, 0),
(127, '2018-09-08', 301, 1, 10000, 0, 0),
(128, '2018-09-02', 302, 1, 10000, 0, 0),
(129, '2018-09-08', 303, 1, 10000, 0, 0),
(130, '2018-09-29', 304, 1, 10000, 5000, 0),
(131, '2018-09-29', 305, 1, 10000, 5000, 0),
(132, '2018-09-22', 306, 1, 10000, 0, 0),
(133, '2020-10-04', 329, 36, 8, 0, 0),
(134, '2020-07-06', 330, 36, 8, 0, 0),
(135, '2020-10-04', 331, 36, 8, 0, 0),
(136, '2020-10-04', 332, 36, 8, 0, 0),
(137, '2020-10-04', 333, 35, 8, 0, 0),
(138, '2020-10-04', 335, 35, 8, 0, 0),
(139, '2020-10-04', 336, 35, 7, 0, 0);

-- --------------------------------------------------------

--
-- Table structure for table `payment_receipt`
--

CREATE TABLE `payment_receipt` (
  `pr_id` int(250) NOT NULL,
  `receipt_number` varchar(50) DEFAULT NULL,
  `pr_date` date NOT NULL,
  `pr_std_id` int(50) NOT NULL,
  `pr_course_id` int(50) NOT NULL,
  `payment` varchar(100) DEFAULT NULL,
  `issuedBy` varchar(100) DEFAULT NULL
) ENGINE=MyISAM DEFAULT CHARSET=latin1;

--
-- Dumping data for table `payment_receipt`
--

INSERT INTO `payment_receipt` (`pr_id`, `receipt_number`, `pr_date`, `pr_std_id`, `pr_course_id`, `payment`, `issuedBy`) VALUES
(1, NULL, '2017-09-24', 14, 4, '20000', 'Sumudu Lakshika on 2017-11-07  '),
(2, NULL, '2017-09-17', 13, 7, '13500', 'Sumudu Lakshika on 2017-11-07  '),
(3, NULL, '2017-09-17', 12, 7, '13500', 'Sumudu Lakshika on 2017-11-07  '),
(4, NULL, '2017-09-17', 11, 7, '13500', 'Sumudu Lakshika on 2017-11-07  '),
(5, NULL, '2017-09-17', 10, 13, '15500', 'Sumudu Lakshika on 2017-11-07  '),
(6, NULL, '2017-09-09', 9, 1, '10000', 'Sumudu Lakshika on 2017-11-06  '),
(7, NULL, '2017-09-23', 9, 12, '10000', 'Sumudu Lakshika on 2017-11-06  '),
(8, NULL, '2017-09-24', 9, 3, '15000', 'Sumudu Lakshika on 2017-11-06  '),
(9, NULL, '2017-09-02', 8, 1, '10000', 'Sumudu Lakshika on 2017-11-06  '),
(10, NULL, '2017-09-30', 8, 3, '20000', 'Sumudu Lakshika on 2017-11-06  '),
(11, NULL, '2017-08-05', 7, 3, '22000', 'Sumudu Lakshika on 2017-11-10  '),
(12, NULL, '2017-08-27', 6, 13, '7000', 'Sumudu Lakshika on 2017-11-05  '),
(13, NULL, '2017-10-01', 6, 4, '10000', 'Sumudu Lakshika on 2017-11-05  '),
(14, NULL, '2017-08-27', 5, 13, '15500', 'Sumudu Lakshika on 2017-11-06  '),
(15, NULL, '2017-08-26', 4, 1, '10000', 'Sumudu Lakshika on 2017-11-06  '),
(16, NULL, '2017-08-26', 3, 1, '22500', 'Sumudu Lakshika on 2017-11-06  '),
(17, NULL, '0000-00-00', 0, 0, '', ''),
(18, NULL, '2017-08-13', 1, 9, '20000', 'Sumudu Lakshika on 2017-11-06  '),
(19, NULL, '2017-08-13', 2, 9, '29250', 'Sumudu Lakshika on 2017-11-06  '),
(20, NULL, '2017-09-03', 1, 9, '10000', 'Sumudu Lakshika on 2017-11-06  '),
(21, NULL, '2017-09-03', 1, 9, '2500', 'Sumudu Lakshika on 2017-11-06  '),
(22, NULL, '2017-09-16', 8, 1, '5000', 'Sumudu Lakshika on 2017-11-06  '),
(23, NULL, '2017-09-30', 8, 1, '10000', 'Sumudu Lakshika on 2017-11-06  '),
(24, NULL, '2017-10-01', 13, 7, '9500', 'Sumudu Lakshika on 2017-11-07  '),
(25, NULL, '2017-10-01', 12, 7, '9500', 'Sumudu Lakshika on 2017-11-07  '),
(26, NULL, '2017-10-08', 11, 7, '9500', 'Sumudu Lakshika on 2017-11-07  '),
(27, NULL, '2017-10-07', 15, 12, '10000', 'Sumudu Lakshika on 2017-11-07  '),
(28, NULL, '2017-02-03', 16, 1, '10000', 'Sumudu Lakshika on 2017-11-02  '),
(29, NULL, '2017-03-07', 16, 1, '7500', 'Sumudu Lakshika on 2017-11-02  '),
(30, NULL, '2017-02-11', 17, 1, '20000', 'Sumudu Lakshika on 2017-11-02  '),
(31, NULL, '2017-02-17', 18, 5, '29000', 'Sumudu Lakshika on 2017-11-02  '),
(32, NULL, '2017-02-18', 18, 5, '10000', 'Sumudu Lakshika on 2017-11-02  '),
(33, NULL, '2017-02-18', 19, 3, '10000', 'Sumudu Lakshika on 2017-11-02  '),
(34, NULL, '2017-02-18', 20, 3, '10000', 'Sumudu Lakshika on 2017-11-02  '),
(35, NULL, '2017-03-11', 21, 3, '26000', 'Sumudu Lakshika on 2017-11-02  kurunegala- Rs:6000, Kollupitiya - Rs:20000'),
(36, NULL, '2017-02-26', 22, 1, '5000', 'Sumudu Lakshika on 2017-11-02  '),
(37, NULL, '2017-03-19', 22, 1, '5000', 'Sumudu Lakshika on 2017-11-02  '),
(38, NULL, '2017-02-26', 23, 1, '8000', 'Sumudu Lakshika on 2017-11-02  '),
(39, NULL, '2017-03-19', 23, 1, '2000', 'Sumudu Lakshika on 2017-11-02  '),
(40, NULL, '2017-03-04', 24, 3, '20000', 'Sumudu Lakshika on 2017-11-02  '),
(41, NULL, '2017-04-01', 24, 3, '12500', 'Sumudu Lakshika on 2017-11-02  '),
(42, NULL, '2017-03-11', 25, 3, '14000', 'Sumudu Lakshika on 2017-11-02  '),
(43, NULL, '2017-02-19', 26, 1, '22500', 'Sumudu Lakshika on 2017-11-02  '),
(44, NULL, '2017-03-20', 18, 7, '10000', 'Sumudu Lakshika on 2017-11-02  '),
(45, NULL, '2017-03-27', 18, 7, '13000', 'Sumudu Lakshika on 2017-11-02  '),
(46, NULL, '2017-03-27', 27, 7, '13000', 'Sumudu Lakshika on 2017-11-02  '),
(47, NULL, '2017-03-20', 27, 7, '10000', 'Sumudu Lakshika on 2017-11-02  '),
(48, NULL, '2017-03-26', 28, 7, '29250', 'Sumudu Lakshika on 2017-11-02  '),
(49, NULL, '2017-02-18', 29, 3, '10000', 'Sumudu Lakshika on 2017-11-02  '),
(50, NULL, '2017-04-01', 30, 3, '10000', 'Sumudu Lakshika on 2017-11-02  '),
(51, NULL, '2017-06-18', 30, 3, '10000', 'Sumudu Lakshika on 2017-11-02  '),
(52, NULL, '2017-04-30', 31, 7, '13500', 'Sumudu Lakshika on 2017-11-02  '),
(53, NULL, '2017-06-04', 31, 7, '10000', 'Sumudu Lakshika on 2017-11-02  '),
(54, NULL, '2017-05-06', 32, 9, '20000', 'Sumudu Lakshika on 2017-11-02  '),
(55, NULL, '2017-05-27', 32, 9, '12500', 'Sumudu Lakshika on 2017-11-02  '),
(56, NULL, '2017-05-06', 33, 9, '15000', 'Sumudu Lakshika on 2017-11-02  '),
(57, NULL, '2017-05-13', 33, 9, '5000', 'Sumudu Lakshika on 2017-11-02  '),
(58, NULL, '2017-05-06', 34, 5, '20000', 'Sumudu Lakshika on 2017-11-02  '),
(59, NULL, '2017-05-27', 34, 5, '20000', 'Sumudu Lakshika on 2017-11-02  '),
(60, NULL, '2017-05-27', 34, 5, '30000', 'Sumudu Lakshika on 2017-11-02  '),
(61, NULL, '2017-05-06', 35, 13, '15500', 'Sumudu Lakshika on 2017-11-02  '),
(62, NULL, '2017-05-06', 36, 13, '15500', 'Sumudu Lakshika on 2017-11-04  '),
(63, NULL, '2017-05-12', 37, 15, '33750', 'Sumudu Lakshika on 2017-11-04  '),
(64, NULL, '2017-05-12', 38, 15, '33750', 'Sumudu Lakshika on 2017-11-04  '),
(65, NULL, '2017-05-12', 39, 15, '33750', 'Sumudu Lakshika on 2017-11-04  '),
(66, NULL, '2017-05-06', 40, 13, '15500', 'Sumudu Lakshika on 2017-11-04  '),
(67, NULL, '2017-05-13', 42, 13, '15500', 'Sumudu Lakshika on 2017-11-05  '),
(68, NULL, '2017-05-13', 43, 13, '15500', 'Sumudu Lakshika on 2017-11-05  '),
(69, NULL, '2017-05-13', 44, 13, '15500', 'Sumudu Lakshika on 2017-11-05  He stop the class .'),
(70, NULL, '2017-05-13', 45, 13, '15500', 'Sumudu Lakshika on 2017-11-05  '),
(71, NULL, '2017-05-13', 46, 13, '33750', 'Sumudu Lakshika on 2017-11-05  '),
(72, NULL, '2017-05-14', 47, 7, '13500', 'Sumudu Lakshika on 2017-11-05  '),
(73, NULL, '2017-06-04', 47, 7, '9500', 'Sumudu Lakshika on 2017-11-05  '),
(74, NULL, '2017-05-14', 48, 7, '13500', 'Sumudu Lakshika on 2017-11-05  He stop the class.'),
(75, NULL, '2017-05-21', 49, 3, '15000', 'Sumudu Lakshika on 2017-11-05  '),
(76, NULL, '2017-06-04', 49, 3, '5000', 'Sumudu Lakshika on 2017-11-05  '),
(77, NULL, '2017-05-23', 50, 13, '15500', 'Sumudu Lakshika on 2017-11-05  '),
(78, NULL, '2017-05-23', 51, 13, '15500', 'Sumudu Lakshika on 2017-11-05  '),
(79, NULL, '2017-05-23', 52, 13, '15000', 'Sumudu Lakshika on 2017-11-05  He stop the class'),
(80, NULL, '0000-00-00', 0, 0, '', ''),
(81, NULL, '2017-07-13', 53, 1, '12000', 'Sumudu Lakshika on 2017-11-05  '),
(82, NULL, '2017-06-01', 53, 1, '15000', 'Sumudu Lakshika on 2017-11-05  '),
(83, NULL, '2017-06-03', 54, 5, '40000', 'Sumudu Lakshika on 2017-11-05  '),
(84, NULL, '2017-07-15', 54, 5, '30000', 'Sumudu Lakshika on 2017-11-05  '),
(85, NULL, '2017-06-03', 55, 13, '15500', 'Sumudu Lakshika on 2017-11-05  '),
(86, NULL, '2017-06-03', 56, 13, '15500', 'Sumudu Lakshika on 2017-11-05  '),
(87, NULL, '2017-06-03', 57, 13, '15500', 'Sumudu Lakshika on 2017-11-05  '),
(88, NULL, '2017-06-04', 58, 3, '20000', 'Sumudu Lakshika on 2017-11-05  '),
(89, NULL, '2017-06-25', 58, 3, '12500', 'Sumudu Lakshika on 2017-11-05  '),
(90, NULL, '2017-06-25', 59, 1, '10000', 'Sumudu Lakshika on 2017-11-05  '),
(91, NULL, '2017-07-30', 59, 1, '5000', 'Sumudu Lakshika on 2017-11-05  '),
(92, NULL, '2017-06-25', 60, 1, '10000', 'Sumudu Lakshika on 2017-11-05  '),
(93, NULL, '2017-07-30', 60, 1, '5000', 'Sumudu Lakshika on 2017-11-05  '),
(94, NULL, '2017-06-25', 61, 1, '10000', 'Sumudu Lakshika on 2017-11-05  '),
(95, NULL, '2017-07-30', 61, 1, '5000', 'Sumudu Lakshika on 2017-11-05  '),
(96, NULL, '2017-06-25', 62, 1, '10000', 'Sumudu Lakshika on 2017-11-05  '),
(97, NULL, '2017-07-30', 62, 1, '7500', 'Sumudu Lakshika on 2017-11-05  '),
(98, NULL, '2017-01-08', 63, 1, '7500', 'Sumudu Lakshika on 2017-11-05  He has paid this amount to Slitt kurunegala.'),
(99, NULL, '2017-07-09', 63, 1, '3000', 'Sumudu Lakshika on 2017-11-05  '),
(100, NULL, '2017-07-02', 64, 1, '22500', 'Sumudu Lakshika on 2017-11-05  '),
(101, NULL, '2017-07-02', 65, 1, '10000', 'Sumudu Lakshika on 2017-11-05  '),
(102, NULL, '2017-07-02', 66, 1, '10000', 'Sumudu Lakshika on 2017-11-05  '),
(103, NULL, '2017-07-30', 66, 1, '4000', 'Sumudu Lakshika on 2017-11-05  '),
(104, NULL, '2017-07-31', 66, 1, '3500', 'Sumudu Lakshika on 2017-11-05  '),
(105, NULL, '2017-07-02', 67, 1, '9000', 'Sumudu Lakshika on 2017-11-05  '),
(106, NULL, '2017-07-09', 67, 1, '1000', 'Sumudu Lakshika on 2017-11-05  '),
(107, NULL, '2017-07-30', 67, 1, '7500', 'Sumudu Lakshika on 2017-11-05  '),
(108, NULL, '2017-07-02', 68, 1, '10000', 'Sumudu Lakshika on 2017-11-06  '),
(109, NULL, '2017-07-02', 69, 3, '10000', 'Sumudu Lakshika on 2017-11-05  '),
(110, NULL, '2017-07-05', 69, 3, '10000', 'Sumudu Lakshika on 2017-11-05  '),
(111, NULL, '2017-07-15', 70, 3, '20000', 'Sumudu Lakshika on 2017-11-06  '),
(112, NULL, '2017-08-05', 70, 3, '12500', 'Sumudu Lakshika on 2017-11-06  '),
(113, NULL, '2017-07-15', 71, 3, '20000', 'Sumudu Lakshika on 2017-11-06  '),
(114, NULL, '2017-08-19', 71, 3, '12500', 'Sumudu Lakshika on 2017-11-06  '),
(115, NULL, '2017-07-15', 72, 3, '20000', 'Sumudu Lakshika on 2017-11-06  '),
(116, NULL, '2017-08-19', 72, 3, '12500', 'Sumudu Lakshika on 2017-11-06  '),
(117, NULL, '2017-07-16', 73, 1, '9000', 'Sumudu Lakshika on 2017-11-06  '),
(118, NULL, '2017-08-06', 73, 1, '8000', 'Sumudu Lakshika on 2017-11-06  '),
(119, NULL, '2017-07-23', 74, 1, '22500', 'Sumudu Lakshika on 2017-11-06  '),
(120, NULL, '2017-07-29', 75, 1, '22500', 'Sumudu Lakshika on 2017-11-06  '),
(121, NULL, '2017-07-30', 76, 9, '29250', 'Sumudu Lakshika on 2017-11-06  '),
(122, NULL, '2017-06-04', 46, 3, '20000', 'Sumudu Lakshika on 2017-11-05  '),
(123, NULL, '2017-06-25', 46, 3, '12500', 'Sumudu Lakshika on 2017-11-05  '),
(124, NULL, '2017-06-18', 6, 3, '20000', 'Sumudu Lakshika on 2017-11-05  '),
(125, NULL, '2017-06-25', 6, 3, '12500', 'Sumudu Lakshika on 2017-11-05  '),
(126, NULL, '2017-05-13', 41, 1, '14000', 'Sumudu Lakshika on 2017-11-05  '),
(127, NULL, '2017-05-27', 41, 1, '10000', 'Sumudu Lakshika on 2017-11-05  '),
(128, NULL, '2017-10-20', 77, 1, '10000', 'Kandy_cadd'),
(129, NULL, '2017-10-07', 78, 1, '10000', 'Nexgen_kandy'),
(130, NULL, '2017-10-07', 79, 1, '10000', 'Nexgen_kandy'),
(131, NULL, '2017-09-30', 80, 1, '10000', 'Nexgen_kandy'),
(132, NULL, '2017-09-30', 83, 1, '10000', 'Nexgen_kandy'),
(133, NULL, '2017-10-15', 84, 9, '15000', 'Nexgen_kandy'),
(134, NULL, '2017-10-15', 85, 9, '29250', 'Nexgen_kandy'),
(135, NULL, '2017-10-15', 86, 9, '29250', 'Nexgen_kandy'),
(136, NULL, '2017-10-15', 87, 9, '27625', 'Nexgen_kandy'),
(137, NULL, '2017-10-23', 88, 9, '27625', 'Nexgen_kandy'),
(138, NULL, '2017-10-21', 89, 1, '10000', 'Nexgen_kandy'),
(139, NULL, '2017-07-30', 68, 1, '7500', 'Sumudu Lakshika on 2017-11-06  '),
(140, NULL, '2017-08-27', 68, 1, '7500', 'Sumudu Lakshika on 2017-11-06  '),
(141, NULL, '2017-10-22', 91, 25, '8000', 'Sumudu Lakshika on 2017-11-07  '),
(142, NULL, '2017-10-22', 92, 25, '7000', 'Sumudu Lakshika on 2017-11-07  '),
(143, NULL, '2017-10-22', 93, 25, '7000', 'Sumudu Lakshika on 2017-11-07  '),
(144, NULL, '2017-03-28', 16, 1, '7500', 'Sumudu Lakshika'),
(145, NULL, '2017-04-09', 22, 1, '7500', 'Sumudu Lakshika'),
(146, NULL, '2017-05-28', 22, 1, '7500', 'Sumudu Lakshika'),
(147, NULL, '2017-03-11', 18, 5, '31000', 'Sumudu Lakshika'),
(148, NULL, '2017-04-29', 18, 5, '30000', 'Sumudu Lakshika'),
(149, NULL, '2017-03-04', 19, 3, '10000', 'Sumudu Lakshika'),
(150, NULL, '2017-03-25', 19, 3, '6000', 'Sumudu Lakshika'),
(151, NULL, '2017-03-04', 20, 3, '10000', 'Sumudu Lakshika'),
(152, NULL, '2017-03-11', 20, 3, '6000', 'Sumudu Lakshika'),
(153, NULL, '2017-03-11', 29, 3, '10000', 'Sumudu Lakshika'),
(154, NULL, '2017-03-25', 29, 3, '6000', 'Sumudu Lakshika'),
(155, NULL, '2017-04-23', 23, 1, '8000', 'Sumudu Lakshika'),
(156, NULL, '2017-05-28', 23, 1, '7000', 'Sumudu Lakshika'),
(157, NULL, '2017-03-25', 25, 3, '12000', 'Sumudu Lakshika'),
(158, NULL, '2017-04-18', 18, 7, '9500', 'Sumudu Lakshika'),
(159, NULL, '2017-04-18', 27, 7, '9500', 'Sumudu Lakshika'),
(160, NULL, '2017-07-30', 30, 3, '12500', 'Sumudu Lakshika'),
(161, NULL, '2017-06-21', 31, 7, '5000', 'Sumudu Lakshika'),
(162, NULL, '2017-07-02', 31, 7, '4000', 'Sumudu Lakshika'),
(163, NULL, '2017-06-08', 33, 9, '12500', 'Sumudu Lakshika'),
(164, NULL, '2017-07-29', 34, 5, '30000', 'Sumudu Lakshika'),
(165, NULL, '2017-07-01', 35, 13, '14500', 'Sumudu Lakshika'),
(166, NULL, '2017-10-28', 78, 1, '7500', 'S.T.Maxlin'),
(167, NULL, '2017-06-03', 36, 13, '14500', 'Sumudu Lakshika'),
(168, NULL, '2017-10-28', 83, 1, '7500', 'S.T.Maxlin'),
(169, NULL, '2017-11-04', 77, 1, '7500', 'S.T.Maxlin'),
(170, NULL, '2017-07-01', 40, 13, '14500', 'Sumudu Lakshika'),
(171, NULL, '2017-08-06', 41, 1, '1000', 'Sumudu Lakshika'),
(172, NULL, '2017-08-06', 41, 7, '5000', 'Sumudu Lakshika'),
(173, NULL, '2017-06-17', 42, 13, '14500', 'Sumudu Lakshika'),
(174, NULL, '2017-07-15', 43, 13, '14500', 'Sumudu Lakshika'),
(175, NULL, '2017-07-01', 45, 13, '14500', 'Sumudu Lakshika'),
(176, NULL, '2017-06-25', 47, 7, '9500', 'Sumudu Lakshika'),
(177, NULL, '2017-06-25', 49, 3, '12500', 'Sumudu Lakshika'),
(178, NULL, '2017-07-15', 50, 13, '14500', 'Sumudu Lakshika'),
(179, NULL, '2017-07-01', 51, 13, '14500', 'Sumudu Lakshika'),
(180, NULL, '2017-08-19', 54, 5, '30000', 'Sumudu Lakshika'),
(181, NULL, '2017-06-17', 55, 13, '14500', 'Sumudu Lakshika'),
(182, NULL, '2017-07-01', 56, 13, '14500', 'Sumudu Lakshika'),
(183, NULL, '2017-07-01', 57, 13, '14500', 'Sumudu Lakshika'),
(184, NULL, '2017-10-28', 6, 4, '22500', 'Sumudu Lakshika'),
(185, NULL, '2017-07-30', 59, 1, '2500', 'Sumudu Lakshika'),
(186, NULL, '2017-08-27', 59, 1, '7500', 'Sumudu Lakshika'),
(187, NULL, '2017-07-31', 60, 1, '2500', 'Sumudu Lakshika'),
(188, NULL, '2017-08-27', 60, 1, '4000', 'Sumudu Lakshika'),
(189, NULL, '2017-09-24', 60, 1, '3500', 'Sumudu Lakshika'),
(190, NULL, '2017-07-30', 61, 1, '2500', 'Sumudu Lakshika'),
(191, NULL, '2017-08-27', 61, 1, '4000', 'Sumudu Lakshika'),
(192, NULL, '2017-10-01', 61, 1, '3500', 'Sumudu Lakshika'),
(193, NULL, '2017-08-27', 62, 1, '5000', 'Sumudu Lakshika'),
(194, NULL, '2017-09-24', 62, 1, '2500', 'Sumudu Lakshika'),
(195, NULL, '2017-08-06', 63, 1, '7500', 'Sumudu Lakshika'),
(196, NULL, '2017-09-10', 63, 1, '7500', 'Sumudu Lakshika on 2017-11-05  Additional Rs:500.00 has paid.'),
(197, NULL, '2017-07-30', 65, 1, '7500', 'Sumudu Lakshika'),
(198, NULL, '2017-10-01', 65, 1, '5000', 'Sumudu Lakshika'),
(199, NULL, '2017-08-27', 66, 1, '2000', 'Sumudu Lakshika'),
(200, NULL, '2017-09-25', 66, 1, '3000', 'Sumudu Lakshika'),
(201, NULL, '2017-10-01', 67, 1, '5000', 'Sumudu Lakshika'),
(202, NULL, '2017-08-26', 69, 3, '6000', 'Sumudu Lakshika'),
(203, NULL, '2017-09-09', 69, 3, '6500', 'Sumudu Lakshika'),
(204, NULL, '2017-10-28', 8, 3, '12500', 'Sumudu Lakshika'),
(205, NULL, '2017-10-10', 9, 1, '7500', 'Sumudu Lakshika'),
(206, NULL, '2017-10-28', 9, 1, '5000', 'Sumudu Lakshika'),
(207, NULL, '2017-10-28', 9, 3, '15800', 'Sumudu Lakshika'),
(208, NULL, '2017-10-28', 9, 12, '7500', 'Sumudu Lakshika'),
(209, NULL, '2017-10-29', 11, 7, '9500', 'Sumudu Lakshika'),
(210, NULL, '2017-10-15', 12, 7, '9500', 'Sumudu Lakshika'),
(211, NULL, '2017-11-04', 15, 12, '7500', 'Sumudu Lakshika'),
(212, NULL, '2017-10-29', 92, 25, '7000', 'Sumudu Lakshika'),
(213, NULL, '2017-10-29', 93, 25, '7000', 'Sumudu Lakshika'),
(214, NULL, '2017-11-12', 95, 1, '10000', 'Sumudu Lakshika'),
(215, NULL, '2017-11-12', 96, 1, '10000', 'Sumudu Lakshika'),
(216, NULL, '2017-11-12', 97, 1, '22500', 'Sumudu Lakshika'),
(217, NULL, '2017-11-12', 98, 1, '22500', 'Sumudu Lakshika'),
(218, NULL, '2017-08-27', 7, 3, '20000', 'Sumudu Lakshika'),
(219, NULL, '2017-11-12', 91, 25, '8000', 'Sumudu Lakshika'),
(220, NULL, '2017-11-12', 13, 7, '9500', 'Sumudu Lakshika'),
(221, NULL, '2017-10-21', 100, 1, '5000', 'Malabe DataEntry'),
(222, NULL, '2017-11-18', 100, 1, '5000', 'Malabe DataEntry'),
(223, NULL, '2017-11-18', 107, 1, '22500', 'Sumudu Lakshika'),
(224, NULL, '2017-11-18', 108, 1, '22500', 'Sumudu Lakshika'),
(225, NULL, '2017-11-19', 99, 1, '22500', 'Sumudu Lakshika'),
(226, NULL, '2017-11-18', 89, 1, '7500', 'Nexgen_kandy'),
(227, NULL, '2017-11-21', 111, 3, '20000', 'Nexgen_kandy'),
(228, NULL, '2017-11-19', 112, 3, '20000', 'Nexgen_kandy'),
(229, NULL, '2017-11-19', 113, 3, '20000', 'Nexgen_kandy'),
(230, NULL, '2017-09-30', 114, 3, '29250', 'Nexgen_kandy'),
(231, NULL, '2017-11-19', 115, 3, '20000', 'Nexgen_kandy'),
(232, NULL, '2017-11-19', 116, 3, '29250', 'Nexgen_kandy'),
(233, NULL, '2017-11-21', 120, 1, '2000', 'Malabe DataEntry'),
(234, NULL, '2017-11-22', 121, 1, '15000', 'Malabe DataEntry'),
(235, NULL, '2017-11-22', 122, 1, '22500', 'Malabe DataEntry'),
(236, '', '2017-11-29', 110, 3, '20000', 'Nexgen_kandy'),
(237, '', '2017-11-25', 79, 1, '15000', 'Nexgen_kandy'),
(238, '244', '2017-12-02', 181, 3, '13000', 'Sumudu Lakshika'),
(239, '245', '2017-12-02', 9, 1, '2500', 'Sumudu Lakshika'),
(240, '246', '2017-12-02', 9, 12, '7500', 'Sumudu Lakshika'),
(241, '247', '2017-12-04', 182, 1, '10000', 'Sumudu Lakshika'),
(242, '248', '2017-12-04', 183, 1, '10000', 'Sumudu Lakshika'),
(243, '249', '2017-12-04', 184, 1, '22500', 'Sumudu Lakshika'),
(244, '250', '2017-12-09', 185, 1, '10000', 'Sumudu Lakshika'),
(245, '251', '2017-12-09', 95, 1, '7500', 'Sumudu Lakshika'),
(246, '252', '2017-12-09', 186, 3, '10000', 'Sumudu Lakshika'),
(247, '254', '2017-12-11', 188, 1, '22500', 'Sumudu Lakshika'),
(248, '256', '2017-12-11', 183, 1, '7500', 'Sumudu Lakshika'),
(249, '255', '2017-12-11', 189, 1, '22500', 'Sumudu Lakshika'),
(250, '257', '2017-12-11', 182, 1, '7500', 'Sumudu Lakshika'),
(251, '258', '2017-12-16', 197, 1, '10000', 'Sumudu Lakshika'),
(252, '259', '2017-12-19', 183, 1, '7500', 'Sumudu Lakshika'),
(253, '260', '2017-12-19', 182, 1, '7500', 'Sumudu Lakshika'),
(254, '', '2017-12-17', 198, 3, '29250', 'Nexgen_kandy'),
(255, '261', '2017-12-30', 108, 3, '10000', 'Sumudu Lakshika'),
(256, '262', '2017-12-30', 107, 3, '10000', 'Sumudu Lakshika'),
(257, '264', '2017-12-30', 205, 3, '5000', 'Sumudu Lakshika'),
(258, '265', '2018-01-06', 107, 3, '10000', 'Sumudu Lakshika'),
(259, '266', '2018-01-06', 205, 3, '15000', 'Sumudu Lakshika'),
(260, '267', '2018-01-06', 197, 1, '7500', 'Sumudu Lakshika'),
(261, '268', '2018-01-06', 95, 1, '7500', 'Sumudu Lakshika'),
(262, '269', '2018-01-06', 181, 3, '9500', 'Sumudu Lakshika'),
(263, '270', '2018-01-13', 206, 1, '22500', 'Sumudu Lakshika'),
(264, '271', '2018-01-13', 185, 1, '15000', 'Sumudu Lakshika'),
(265, '272', '2018-01-13', 108, 3, '10000', 'Sumudu Lakshika'),
(266, '273', '2018-01-13', 96, 1, '10000', 'Sumudu Lakshika'),
(267, '274', '2018-01-13', 207, 3, '10000', 'Sumudu Lakshika'),
(268, '275', '2018-01-14', 208, 9, '29250', 'Sumudu Lakshika'),
(269, '277', '2018-01-20', 210, 1, '10000', 'Sumudu Lakshika'),
(270, '278', '2018-01-20', 207, 3, '10000', 'Sumudu Lakshika'),
(271, '', '2017-10-18', 209, 9, '29250', 'Sumudu Lakshika'),
(272, '279', '2018-01-21', 209, 9, '3250', 'Sumudu Lakshika'),
(273, '280', '2018-01-21', 211, 9, '10000', 'Sumudu Lakshika'),
(274, '', '2018-01-23', 213, 3, '2000', 'Malabe DataEntry'),
(275, '', '2018-01-23', 214, 3, '2000', 'Malabe DataEntry'),
(276, '', '2018-01-23', 215, 3, '2000', 'Malabe DataEntry'),
(277, '', '2018-01-23', 217, 3, '29250', 'Malabe DataEntry'),
(278, '', '2018-01-23', 218, 3, '22000', 'Malabe DataEntry'),
(279, '', '2018-01-23', 216, 3, '32500', 'Malabe DataEntry'),
(280, '', '2018-01-04', 123, 15, '25000', 'Malabe DataEntry'),
(281, '', '2018-01-23', 123, 15, '25000', 'Malabe DataEntry'),
(282, '', '2018-01-23', 228, 1, '2000', 'Malabe DataEntry'),
(283, '', '2018-01-23', 230, 1, '2000', 'Malabe DataEntry'),
(284, '', '2018-01-23', 231, 1, '7000', 'Malabe DataEntry'),
(285, '', '2018-01-23', 232, 1, '12000', 'Malabe DataEntry'),
(286, '', '2018-01-23', 233, 1, '7000', 'Malabe DataEntry'),
(287, '', '2018-01-23', 234, 1, '10000', 'Malabe DataEntry'),
(288, '', '2018-01-23', 235, 1, '10000', 'Malabe DataEntry'),
(289, '', '2018-01-23', 236, 1, '2000', 'Malabe DataEntry'),
(290, '', '2018-01-23', 237, 1, '2000', 'Malabe DataEntry'),
(291, '', '2018-01-23', 213, 1, '2000', 'Malabe DataEntry'),
(292, '', '2018-01-23', 238, 1, '12000', 'Malabe DataEntry'),
(293, '', '2018-01-23', 239, 1, '12000', 'Malabe DataEntry'),
(294, '', '2018-01-23', 240, 1, '12000', 'Malabe DataEntry'),
(295, '', '2018-01-23', 214, 1, '12000', 'Malabe DataEntry'),
(296, '', '2018-01-23', 241, 1, '22500', 'Malabe DataEntry'),
(297, '', '2018-01-23', 242, 1, '12000', 'Malabe DataEntry'),
(298, '', '2018-01-23', 243, 1, '12000', 'Malabe DataEntry'),
(299, '', '2018-01-23', 244, 1, '12000', 'Malabe DataEntry'),
(300, '', '2018-01-24', 220, 1, '12000', 'Malabe DataEntry'),
(301, '', '2018-01-24', 221, 1, '2000', 'Malabe DataEntry'),
(302, '', '2018-01-24', 222, 1, '12000', 'Malabe DataEntry'),
(303, '', '2018-01-24', 223, 1, '2000', 'Malabe DataEntry'),
(304, '', '2018-01-24', 224, 1, '12000', 'Malabe DataEntry'),
(305, '', '2018-01-24', 225, 1, '12000', 'Malabe DataEntry'),
(306, '', '2018-01-24', 226, 1, '12000', 'Malabe DataEntry'),
(307, '', '2018-01-24', 227, 1, '12000', 'Malabe DataEntry'),
(308, '', '2018-01-24', 245, 14, '36000', 'Malabe DataEntry'),
(309, '', '2018-01-24', 246, 14, '36000', 'Malabe DataEntry'),
(310, '', '2018-01-24', 247, 14, '36000', 'Malabe DataEntry'),
(311, '281', '2018-01-27', 248, 1, '10000', 'Sumudu Lakshika'),
(312, '282', '2018-01-27', 249, 1, '10000', 'Sumudu Lakshika'),
(313, '283', '2018-01-28', 250, 9, '29250', 'Sumudu Lakshika'),
(314, '284', '2018-02-03', 108, 3, '9250', 'Sumudu Lakshika'),
(315, '285', '2018-02-03', 107, 3, '9250', 'Sumudu Lakshika'),
(316, '286', '2018-02-10', 251, 3, '29250', 'Sumudu Lakshika'),
(317, '288', '2018-02-17', 207, 3, '12500', 'Sumudu Lakshika'),
(318, '289', '2018-02-17', 181, 3, '5000', 'Sumudu Lakshika'),
(319, '290', '2018-02-17', 253, 1, '10000', 'Sumudu Lakshika'),
(320, '291', '2018-02-19', 211, 9, '22500', 'Sumudu Lakshika'),
(321, '292', '2018-02-24', 249, 1, '7500', 'Sumudu Lakshika'),
(322, '293', '2018-02-24', 248, 1, '7500', 'Sumudu Lakshika'),
(323, '295', '2018-02-27', 252, 5, '90000', 'Sumudu Lakshika'),
(324, '296', '2018-03-03', 197, 1, '7500', 'Sumudu Lakshika'),
(325, '297', '2018-03-03', 205, 3, '7500', 'Sumudu Lakshika'),
(326, '299', '2018-03-17', 256, 1, '8000', 'Sumudu Lakshika'),
(327, '300', '2018-03-17', 255, 1, '1000', 'Sumudu Lakshika'),
(328, '301', '2018-03-18', 257, 7, '13500', 'Sumudu Lakshika'),
(329, '302', '2018-03-24', 181, 3, '5000', 'Sumudu Lakshika'),
(330, '303', '2018-03-24', 248, 1, '7500', 'Sumudu Lakshika'),
(331, '304', '2018-03-24', 253, 1, '7500', 'Sumudu Lakshika'),
(332, '305', '2018-03-24', 205, 3, '5000', 'Sumudu Lakshika'),
(333, '310', '2018-04-07', 107, 7, '29250', 'Sumudu Lakshika'),
(334, '311', '2018-04-08', 262, 13, '15500', 'Sumudu Lakshika'),
(335, '312', '2018-04-08', 263, 13, '15500', 'Sumudu Lakshika'),
(336, '313', '2018-04-08', 264, 13, '15500', 'Sumudu Lakshika'),
(337, '314', '2018-04-08', 265, 13, '15500', 'Sumudu Lakshika'),
(338, '315', '2018-04-08', 266, 13, '15500', 'Sumudu Lakshika'),
(339, '316', '2018-04-11', 260, 23, '10000', 'Sumudu Lakshika'),
(340, '317', '2018-04-11', 259, 23, '10000', 'Sumudu Lakshika'),
(341, '318', '2018-04-11', 258, 23, '10000', 'Sumudu Lakshika'),
(342, '319', '2018-04-11', 267, 23, '10000', 'Sumudu Lakshika'),
(343, '320', '2018-04-12', 267, 23, '8000', 'Sumudu Lakshika'),
(344, '321', '2018-04-12', 258, 23, '7500', 'Sumudu Lakshika'),
(345, '327', '2018-04-17', 258, 23, '7500', 'Sumudu Lakshika'),
(346, '322', '2018-04-12', 260, 23, '7500', 'Sumudu Lakshika'),
(347, '325', '2018-04-17', 260, 23, '7500', 'Sumudu Lakshika'),
(348, '323', '2018-04-12', 259, 23, '7500', 'Sumudu Lakshika'),
(349, '326', '2018-04-17', 259, 23, '7500', 'Sumudu Lakshika'),
(350, '324', '2018-04-17', 267, 23, '7000', 'Sumudu Lakshika'),
(351, '329', '2018-04-21', 269, 3, '20000', 'Sumudu Lakshika'),
(352, '330', '2018-04-21', 249, 1, '7500', 'Sumudu Lakshika'),
(353, '331', '2018-04-21', 270, 3, '29250', 'Sumudu Lakshika'),
(354, '332', '2018-04-21', 271, 1, '10000', 'Sumudu Lakshika'),
(355, '333', '2018-04-26', 268, 3, '29250', 'Sumudu Lakshika'),
(356, '334', '2018-04-28', 257, 7, '9500', 'Sumudu Lakshika'),
(357, '335', '2018-04-28', 109, 3, '20000', 'Sumudu Lakshika'),
(358, '336', '2018-05-05', 253, 1, '7500', 'Sumudu Lakshika'),
(359, '337', '2018-05-05', 34, 3, '29250', 'Sumudu Lakshika'),
(360, '338', '2018-05-12', 272, 1, '5000', 'Sumudu Lakshika'),
(361, '339', '2018-05-12', 34, 1, '10000', 'Sumudu Lakshika'),
(362, '340', '2018-05-13', 266, 13, '11000', 'Sumudu Lakshika'),
(363, '341', '2018-05-13', 262, 13, '11000', 'Sumudu Lakshika'),
(364, '342', '2018-05-13', 265, 13, '11000', 'Sumudu Lakshika'),
(365, '343', '2018-05-13', 264, 13, '11000', 'Sumudu Lakshika'),
(366, '344', '2018-05-19', 272, 1, '10000', 'Sumudu Lakshika'),
(367, '345', '2018-05-26', 273, 1, '10000', 'Sumudu Lakshika'),
(368, '347', '2018-05-26', 271, 1, '7500', 'Sumudu Lakshika'),
(369, '348', '2018-05-26', 269, 3, '12500', 'Sumudu Lakshika'),
(370, '350', '2018-05-27', 257, 7, '9500', 'Sumudu Lakshika'),
(371, '365', '2018-06-10', 280, 3, '15000', 'Sumudu Lakshika'),
(372, '356', '2018-06-03', 281, 3, '20000', 'Sumudu Lakshika'),
(373, '357', '2018-06-06', 277, 3, '15000', 'Sumudu Lakshika'),
(374, '358', '2018-06-06', 275, 3, '15000', 'Sumudu Lakshika'),
(375, '359', '2018-06-09', 278, 3, '15000', 'Sumudu Lakshika'),
(376, '360', '2018-06-09', 282, 3, '15000', 'Sumudu Lakshika'),
(377, '361', '2018-06-09', 282, 3, '3000', 'Sumudu Lakshika'),
(378, '362', '2018-06-09', 273, 1, '7500', 'Sumudu Lakshika'),
(379, '363', '2018-06-10', 276, 3, '15000', 'Sumudu Lakshika'),
(380, '364', '2018-06-10', 274, 3, '15000', 'Sumudu Lakshika'),
(381, '366', '2018-06-10', 283, 3, '15000', 'Sumudu Lakshika'),
(382, '367', '2018-06-10', 284, 3, '15000', 'Sumudu Lakshika'),
(383, '368', '2018-06-10', 279, 3, '15000', 'Sumudu Lakshika'),
(384, '369', '2018-06-10', 285, 3, '15000', 'Sumudu Lakshika'),
(385, '370', '2018-06-17', 286, 3, '15000', 'Sumudu Lakshika'),
(386, '371', '2018-06-17', 266, 13, '11000', 'Sumudu Lakshika'),
(387, '373', '2018-06-23', 271, 1, '7500', 'Sumudu Lakshika'),
(388, '374', '2018-06-23', 272, 1, '10000', 'Sumudu Lakshika'),
(389, '375', '2018-06-23', 34, 1, '7500', 'Sumudu Lakshika'),
(390, '376', '2018-06-30', 287, 1, '10000', 'Sumudu Lakshika'),
(391, '377', '2018-07-01', 264, 13, '11000', 'Sumudu Lakshika'),
(392, '378', '2018-07-01', 265, 13, '11000', 'Sumudu Lakshika'),
(393, '379', '2018-07-01', 262, 13, '11000', 'Sumudu Lakshika'),
(394, '381', '2018-07-08', 288, 3, '15000', 'Sumudu Lakshika'),
(395, '382', '2018-07-21', 34, 1, '7500', 'Sumudu Lakshika'),
(396, '383', '2018-07-22', 289, 7, '29250', 'Sumudu Lakshika on 2018-08-09  '),
(397, '384', '2018-07-22', 290, 7, '13500', 'Sumudu Lakshika'),
(398, '385', '2018-07-22', 291, 3, '5000', 'Sumudu Lakshika'),
(399, '386', '2018-07-22', 292, 3, '5000', 'Sumudu Lakshika'),
(400, '387', '2018-07-22', 293, 3, '5000', 'Sumudu Lakshika'),
(401, '388', '2018-07-22', 281, 3, '12500', 'Sumudu Lakshika'),
(402, '392', '2018-07-26', 96, 1, '5000', 'Sumudu Lakshika'),
(403, '393', '2018-07-29', 296, 7, '29250', 'Sumudu Lakshika'),
(404, '10000', '2018-07-29', 295, 23, '10000', 'Sumudu Lakshika on 2018-08-09  '),
(405, '395', '2018-08-04', 287, 1, '7500', 'Sumudu Lakshika'),
(406, '396', '2018-08-05', 294, 23, '1000', 'Sumudu Lakshika'),
(407, '397', '2018-08-05', 297, 23, '1000', 'Sumudu Lakshika'),
(408, '398', '2018-08-05', 298, 23, '1000', 'Sumudu Lakshika'),
(409, '399', '2018-08-05', 293, 3, '10000', 'Sumudu Lakshika'),
(410, '400', '2018-08-05', 299, 23, '10000', 'Sumudu Lakshika'),
(411, '401', '2018-08-05', 291, 3, '10000', 'Sumudu Lakshika'),
(412, '402', '2018-08-05', 292, 3, '10000', 'Sumudu Lakshika'),
(413, '404', '2018-08-05', 274, 3, '11000', 'Sumudu Lakshika'),
(414, '403', '2018-08-05', 300, 23, '1000', 'Sumudu Lakshika'),
(415, '405', '2018-08-11', 273, 1, '7500', 'Sumudu Lakshika'),
(416, '406', '2018-08-12', 292, 3, '5000', 'Sumudu Lakshika'),
(417, '407', '2018-08-12', 291, 3, '5000', 'Sumudu Lakshika'),
(418, '408', '2018-08-12', 294, 23, '9000', 'Sumudu Lakshika'),
(419, '409', '2018-08-12', 297, 23, '9000', 'Sumudu Lakshika'),
(420, '410', '2018-08-12', 298, 23, '9000', 'Sumudu Lakshika'),
(421, '411', '2018-08-12', 300, 23, '9000', 'Sumudu Lakshika'),
(422, '412', '2018-08-12', 293, 3, '5000', 'Sumudu Lakshika'),
(423, '413', '2018-08-12', 286, 3, '11000', 'Sumudu Lakshika'),
(424, '414', '2018-08-12', 284, 3, '11000', 'Sumudu Lakshika'),
(425, '415', '2018-08-12', 283, 3, '11000', 'Sumudu Lakshika'),
(426, '416', '2018-08-12', 275, 3, '11000', 'Sumudu Lakshika'),
(427, '417', '2018-08-12', 288, 3, '11000', 'Sumudu Lakshika'),
(428, '418', '2018-08-12', 285, 3, '11000', 'Sumudu Lakshika'),
(429, '419', '2018-08-12', 279, 3, '11000', 'Sumudu Lakshika'),
(430, '420', '2018-08-12', 277, 3, '11000', 'Sumudu Lakshika'),
(431, '421', '2018-08-12', 280, 3, '11000', 'Sumudu Lakshika'),
(432, '422', '2018-08-19', 290, 7, '10000', 'Sumudu Lakshika'),
(433, '423', '2018-09-02', 295, 23, '7500', 'Sumudu Lakshika'),
(434, '424', '2018-09-02', 290, 7, '9000', 'Sumudu Lakshika'),
(435, '425', '2018-09-02', 300, 23, '6500', 'Sumudu Lakshika'),
(436, '426', '2018-09-02', 298, 23, '7500', 'Sumudu Lakshika'),
(437, '427', '2018-09-02', 294, 23, '5000', 'Sumudu Lakshika'),
(438, '428', '2018-09-02', 299, 23, '7500', 'Sumudu Lakshika'),
(439, '429', '2018-09-02', 297, 23, '10000', 'Sumudu Lakshika'),
(440, '430', '2018-09-02', 276, 3, '12700', 'Sumudu Lakshika'),
(441, '431', '2018-09-08', 287, 1, '7500', 'Sumudu Lakshika'),
(442, '432', '2018-09-08', 301, 1, '10000', 'Sumudu Lakshika'),
(443, '433', '2018-09-02', 302, 1, '10000', 'Sumudu Lakshika'),
(444, '434', '2018-09-08', 303, 1, '10000', 'Sumudu Lakshika'),
(445, '435', '2018-09-08', 304, 1, '3000', 'Sumudu Lakshika'),
(446, '436', '2018-09-08', 305, 1, '3000', 'Sumudu Lakshika'),
(447, '435', '2018-09-08', 304, 1, '5000', 'Sumudu Lakshika'),
(448, '436', '2018-09-08', 305, 1, '5000', 'Sumudu Lakshika'),
(449, '437', '2018-09-22', 306, 1, '10000', 'Sumudu Lakshika'),
(450, '439', '2018-09-29', 305, 1, '7000', 'Sumudu Lakshika'),
(451, '440', '2018-09-29', 304, 1, '7000', 'Sumudu Lakshika'),
(452, '441', '2018-09-30', 297, 23, '2500', 'Sumudu Lakshika'),
(453, '442', '2018-09-30', 294, 23, '2000', 'Sumudu Lakshika'),
(454, '12254', '2020-08-16', 308, 1, '39500', 'Kandy_Co'),
(455, '12263', '2020-09-09', 324, 32, '22500', 'Kandy_Co'),
(456, '12272', '2020-09-16', 325, 32, '22500', 'Kandy_Co'),
(457, '12271', '2020-10-04', 326, 32, '22500', 'Kandy_Co'),
(458, '0', '2020-10-04', 327, 32, '0', 'Kandy_Co'),
(459, '12276', '2020-09-23', 328, 32, '22500', 'Kandy_Co'),
(460, '12268', '2020-10-04', 329, 36, '8', 'Kandy_Co'),
(461, '12244', '2020-07-06', 330, 36, '8', 'Kandy_Co'),
(462, '12221', '2020-10-04', 331, 36, '8', 'Kandy_Co'),
(463, '12262', '2020-10-04', 332, 36, '8', 'Kandy_Co'),
(464, '12216', '2020-10-04', 333, 35, '8', 'Kandy_Co'),
(465, '5936', '2019-11-24', 334, 35, '103500', 'Kandy_Co'),
(466, '12123', '2020-10-04', 335, 35, '8', 'Kandy_Co'),
(467, '12257', '2020-10-04', 336, 35, '7', 'Kandy_Co'),
(468, '13493', '2020-11-18', 344, 32, '20000', 'Co_Kollupitiya');

-- --------------------------------------------------------

--
-- Table structure for table `payment_receipt_refund_log`
--

CREATE TABLE `payment_receipt_refund_log` (
  `rrid` int(250) NOT NULL,
  `refund_log_id` int(250) NOT NULL,
  `r_pr_id` int(250) DEFAULT NULL,
  `r_receipt_number` varchar(50) DEFAULT NULL,
  `r_pr_date` varchar(100) NOT NULL,
  `r_pr_std_id` int(100) NOT NULL,
  `r_pr_course_id` int(100) NOT NULL,
  `r_payment` varchar(100) NOT NULL,
  `r_issuedby` varchar(150) NOT NULL
) ENGINE=MyISAM DEFAULT CHARSET=latin1;

--
-- Dumping data for table `payment_receipt_refund_log`
--

INSERT INTO `payment_receipt_refund_log` (`rrid`, `refund_log_id`, `r_pr_id`, `r_receipt_number`, `r_pr_date`, `r_pr_std_id`, `r_pr_course_id`, `r_payment`, `r_issuedby`) VALUES
(1, 0, 121, '', '2017-07-30', 76, 9, '29250', 'Sumudu Lakshika on 2017-11-06  '),
(2, 0, 121, '', '2017-07-30', 76, 9, '29250', 'Sumudu Lakshika on 2017-11-06  ');

-- --------------------------------------------------------

--
-- Table structure for table `payment_refund_log`
--

CREATE TABLE `payment_refund_log` (
  `refund_id` int(250) NOT NULL,
  `r_nic` varchar(20) NOT NULL,
  `r_std_id` int(200) NOT NULL,
  `r_course_id` int(200) NOT NULL,
  `r_branch_id` varchar(50) DEFAULT NULL,
  `refund_amount` varchar(10) NOT NULL,
  `refund_date` varchar(100) DEFAULT NULL,
  `refund_reason` varchar(500) DEFAULT NULL,
  `refund_handledby` varchar(100) DEFAULT NULL,
  `old_course_reg_date` varchar(50) DEFAULT NULL,
  `old_payment_type` varchar(50) DEFAULT NULL,
  `old_total_course_fee` varchar(50) DEFAULT NULL,
  `old_discount` varchar(50) DEFAULT NULL,
  `old_discount_reason` varchar(500) DEFAULT NULL,
  `old_discount_approval_state` varchar(10) DEFAULT NULL
) ENGINE=MyISAM DEFAULT CHARSET=latin1;

-- --------------------------------------------------------

--
-- Table structure for table `student`
--

CREATE TABLE `student` (
  `std_id` int(200) NOT NULL,
  `fname` varchar(100) DEFAULT NULL,
  `lname` varchar(100) DEFAULT NULL,
  `nic` varchar(12) DEFAULT NULL,
  `email` varchar(100) DEFAULT NULL,
  `mobile` varchar(15) DEFAULT NULL,
  `address` varchar(400) DEFAULT NULL,
  `dob` varchar(20) DEFAULT NULL,
  `gender` varchar(10) DEFAULT NULL,
  `occupation` varchar(100) DEFAULT NULL,
  `regDate` date DEFAULT NULL,
  `regFee` int(100) DEFAULT NULL
) ENGINE=MyISAM DEFAULT CHARSET=latin1;

--
-- Dumping data for table `student`
--

INSERT INTO `student` (`std_id`, `fname`, `lname`, `nic`, `email`, `mobile`, `address`, `dob`, `gender`, `occupation`, `regDate`, `regFee`) VALUES
(1, 'E.R.G.P.M. Rajapaksha', '-', '941681581V', 'prasadmenurajapaksha@gmail.com', '(076) 703-6046', 'No:109, Galpotha watta, Hindagolla, Kurunegala.', '1994-06-16', 'male', 'student', '2017-08-13', 2000),
(2, 'W.R.A. Shanika Chathurangani', 'Ranasinghe', '946132616V', 'mailchathuranasinghe@gmail.com', '(077) 265-9976', 'No:288/2, Mahapitiya, Pothuhera.', '1994-04-22', 'female', 'student', '2017-08-13', 2000),
(3, 'MOHAMED ZAROOK MOHAMED ', 'NUZEIK', '983242677V', 'nuzeikmohomad123@gmail.com', '(077) 980-0115', 'No:21, Welegedara Uyana, Welangollawatta, Kurunegala.', '1998-11-19', 'male', 'student', '2017-08-26', 2000),
(4, 'PARANA LIYANAGE IRESH INDIKA ', 'KUMARA', '860971682V', 'ireshindika@gmail.com', '(077) 236-1935', 'Meegahakumbura, Thagodanitiya, Ibbagamuwa.', '1986-04-06', 'male', 'Banker', '2017-08-26', 2000),
(5, 'T.W. UPUL ERANDA BANDARA', 'THORADENIYA', '851683771V', 'upuleranda12@gmail.com', '(077) 757-8182', 'Gokarella Road, Kawdulawa, Ibbagamuwa.', '1985-06-16', 'male', 'Technical Officer', '2017-08-27', 2000),
(6, 'M.I.P. SAMITH MADUKA ', 'ARIYARATHNA', '863630452V', 'samithmaduka86@gmail.com', '(077) 768-8105', 'No:286, Rathmalla, Katupotha.', '1986-12-28', 'male', 'Designer', '2017-06-18', 1000),
(7, 'SEMINI PABODHA ', 'SAMARASINGHE', '805212870V', 'seminipabodha@gmail.com', '(071) 496-1828', 'No:12, Police Housing Scheme, Hanthana, Kandy.', '1980-01-21', 'female', 'Architectural Student', '2017-08-05', 2000),
(8, 'A.A. SARALA MADHUBHASHINI', 'ABHAYAWARDHANA', '886370016V', 'sarala.sma@gmail.com', '(076) 724-0321', 'No:272/1, Nagolla, Pambadeniya, Alawwa.', '1988-05-16', 'female', 'Draughtsperson', '2017-09-02', 2000),
(9, 'MUDITHA PRASANTHA', 'SAMARAKKODI', '960832795V', 'mudithaprashantha@gmail.com', '(071) 966-4098', 'No:91, Galewela Road, Galewela.', '1996-03-23', 'male', 'Draftman', '2017-09-09', 2000),
(10, 'L.A.D.S. LIYANAARACHCHI', '-', '792990398V', 'ladsanda@gmail.com', '(077) 387-1803', '\"Darshana\", Yatattawala, Imbulgasdeniya.', '1979-10-25', 'male', 'Droughtsman', '2017-09-17', 2000),
(11, 'G.A. YASANTHA', '-', '633520321V', 'yasanthakumara63@gmail.com', '(077) 032-9309', 'No:3A, Madapathla Lane II, Galle.', '', 'male', 'Assistant Engineer', '2017-09-17', 2000),
(12, 'K.M.K. SANJAYA BANDARA', 'PAHATHKUMBURA', '913024010V', 'lion04444@gmail.com', '(075) 402-7185', 'No:96/17,H.P.T. Road,Lake Round, Kurunegala.', '1991-10-28', 'male', 'Engineer', '2017-09-17', 2000),
(13, 'K.G.D. ISHAN', 'ANURADHA', '870861788V', 'ishananuradha1987@gmail.com', '(071) 707-1571', 'No:163/1, Pellandeniya, Maspotha.', '1987-03-26', 'male', 'site Manager', '2017-09-17', 2000),
(14, 'A.D.P. DAYANANDA', '-', '832754978V', 'dharshana8387@gmail.com', '(071) 309-6670', 'No:175/A, Pahala Eriyagama, Peradeniya.', '1983-10-01', 'male', '', '2017-09-24', 2000),
(15, 'R.D. SRIMAL', 'FERNANDO', '960190297V', 'fernandodinush96@gmail.com', '(077) 347-4374', 'Murukandiya, Bingiriya.', '1996-01-19', 'male', 'Draughtsman', '2017-10-07', 2000),
(16, 'EVERAD REGAN', 'SELLER', '883442695V', 'everadregan@hotmail.com', '(076) 372-5420', '', '1988-12-09', 'male', 'student', '2017-01-24', 1000),
(17, 'M.G.R.H. MAHAGAMA', '-', '942673982V', 'hasinimahagama94@gmail.com', '(071) 264-2580', 'No:c/12, Kumbukalanda, Fair Field, Imbulgasdeniya.', '1994-09-18', 'female', 'student', '2017-02-11', 1000),
(18, 'M. AUGUSTES PAUL', 'FERNANDO', '922013098V', 'augustes_fernando@yahoo.com', '(077) 102-5223', 'No:92, Kandy rd, Matale.', '1992-07-19', 'male', 'Quality Surveyor', '2017-02-17', 1000),
(19, 'DONITA DAMAYANTHI', 'KUMBUREGEDARA', '617521040V', 'gahasthi229@gmail.com', '(077) 904-4527', 'No:30A, Ambaruppa, Harankahawa.', '1961-10-08', 'female', 'Architectural Designer', '2017-02-18', 1000),
(20, 'U.V. CHANDANI', 'KUMARI', '886790155V', 'chandhikumari@yahoo.com', '(078) 870-7700', '', '1988-06-27', 'female', '', '2017-02-18', 1000),
(21, 'R.M.S.P. RATHNAYAKE', '-', '703102166V', 'sujeewa_rath@yahoo.com', '(077) 722-8780', '', '1970-11-05', 'male', '', '2017-02-18', 1000),
(22, 'FATHIMA ', 'NIFLA', '1999819100', 'nifycool@gmail.com', '(075) 492-8215', '', '1999-11-14', 'female', '', '2017-02-26', 1000),
(23, 'M.A. MOHAMED', 'AFRAR', '980043100V', 'mohomedabrar14@gmail.com', '(076) 614-7930', '', '1998-01-04', 'male', '', '2017-02-26', 1000),
(24, 'J.H.A. THARINDU BANDARA', 'JAYATHILAKE', '871311315V', 'tharinduban87@gmail.com', '(071) 443-2482', '', '1987-05-10', 'male', '', '2017-02-23', 1000),
(25, 'SANDHYA KUMUDINI', 'LIYANAPATHIRANE', '636290696V', 'sandyaliyanapathirana@yahoo.com', '(077) 747-9604', '', '1963-05-08', 'female', '', '2017-03-11', 1000),
(26, 'R.M. THILINI SANDAMALI ', 'RATHNAYAKE', '937864108V', '-', '(071) 632-4903', '', '1993-10-12', 'female', '', '2017-03-05', 1000),
(27, 'RANDIL SUPUN BANDARA', 'HEENKENDA', '922174369V', 'hrandil13@gmail.com', '(071) 727-8650', '', '1992-08-04', 'male', '', '2017-03-20', 1000),
(28, 'U. SHAMILA ANJANI KUMARI', 'BANDARANAYAKE', '807322974V', 'star.shamila@gmail.com', '(077) 844-6029', '', '1980-03-30', 'female', '', '2017-03-19', 1000),
(29, 'PAVITHRA', 'ABEWICKRAMA', '801732470V', 'pavithraarch@yahoo.com', '(077) 373-6255', '', '1980-06-21', 'male', '', '2017-02-18', 1000),
(30, 'H.M.A. SANDARUWAN', 'BANDARA', '933023648V', 'asirisandaruwan077@yahoo.com', '(077) 567-3704', '', '1993-10-28', 'male', '', '2017-02-12', 1000),
(31, 'R.R.H. BIMSARA', 'RATHNAYAKA', '961282179V', 'bimsararathnayaka7@gmail.com', '(071) 315-2568', '', '', 'male', '', '2017-04-30', 1000),
(32, 'DAYANANDA ANURA', 'WANIGASEKARA', '610965371V', 'dayanandawanigasekara@yahoo.com', '(071) 535-1548', '', '1961-04-05', 'male', '', '2017-05-06', 0),
(33, 'S.D.J.THUSITHA', 'KUMARA', '892353379V', 'jeevanathusitha@gmail.com', '(071) 602-0461', '', '1989-08-22', 'male', '', '2017-05-06', 1000),
(34, 'IRSHARD FATHIMA', 'SHIMLA', '937651171V', 'shimlairshard@gmail.com', '(071) 363-2250', '', '1993-09-21', 'female', '', '2017-05-06', 1000),
(35, 'MOHAMED BISHRUL HAFI SILMY', 'ZAMEER', '860661373V', 'mbszameer@gmail.com', '(077) 345-0276', '', '1986-03-06', 'male', '', '2017-05-06', 1000),
(36, 'P.M.C.S.K. WEERAWARDANA', '-', '831410663V', 'cskweerawardana@gmail.com', '(071) 829-8237', '', '1983-05-20', 'male', '', '2017-05-06', 1000),
(37, 'L.P.N. KUMARA', '-', '832020460V', '-', '(077) 605-0768', '', '1983-07-20', 'male', '', '2017-05-12', 1000),
(38, 'W.A.N.S. RATHNASINGHE', '-', '872473823V', 'sardhaheshani@gmail.com', '(077) 670-6278', '', '1987-09-03', 'male', '', '2017-05-12', 1000),
(39, 'H.M.L. BANDARA', 'HERATH', '872961089V', 'lasantha.herath@omegaline.org', '(077) 919-9141', '', '1987-10-22', 'male', '', '2017-05-12', 1000),
(40, 'M.G.C. SAMPATH', 'MANINGAMUWA', '881601052V', 'sampath.csm@gmail.com', '(071) 649-0057', '', '1988-06-08', 'male', '', '2017-05-06', 1000),
(41, 'M. DULANJAYA', 'NAYANAJITH', '932744481V', 'dulanjaya2324@gmail.com', '(077) 716-8268', '', '1993-09-30', 'male', '', '2017-05-13', 1000),
(42, 'S.D.P. MAHINDA', '-', '821910960V', 'danuprasadman@yahoo.com', '(071) 603-5423', '', '1982-07-09', 'male', '', '2017-05-13', 1000),
(43, 'N.S. DEVA KUMAR', '-', '852743107V', 'sanjaya07@gmail.com', '(077) 387-5265', '', '1985-09-30', 'male', '', '2017-05-13', 1000),
(44, 'G.K.C.D. HARSHANA', 'JAYAWEERA', '930762261V', 'chrishandinuka@gmail.com', '(076) 370-7006', '', '1993-03-16', 'male', '', '2017-05-13', 0),
(45, 'J.M.I.M. RATHNAYAKA', '-', '932503930V', 'jmishanmihirangarathnayaka@gmail.com', '(071) 992-6308', '', '1993-09-06', 'male', '', '2017-05-06', 1000),
(46, 'W.R.M. RANATHUNGA', '-', '626532497V', 'ranathunga_m@yahoo.com', '(071) 689-6580', '', '1962-06-01', 'female', '', '2017-05-06', 1000),
(47, 'W.G.M.H.B. DISSANAYAKE', '-', '813260123V', 'hemanthadissanayake811121@gmail.com', '(070) 257-8421', '', '1981-11-21', 'male', '', '2017-05-07', 1000),
(48, 'N.M.L. ISHANGA', 'NAWARATHNA', '941032427V', 'nmlin123@yahoo.com', '(077) 177-1514', '', '', '', '', '2017-05-14', 1000),
(49, 'D. ARAVINDA', 'AKURANA', '901930368V', 'ara007my@gmail.com', '(071) 934-9286', '', '', '', '', '2017-05-15', 1000),
(50, 'W.M.J.S. KUMARA', 'WEERASINGHE', '892171556V', 'jskweerasinghe@gmail.com', '(078) 252-2533', '', '', '', '', '2017-05-23', 1000),
(51, 'H.K.M. SIRIRATHNA', '-', '870991193V', 'kasun4me@gmail.com', '(075) 912-5262', '', '', '', '', '2017-05-23', 1000),
(52, 'I.R. WIMALASOORIYA', '-', '926273728V', 'indi.rukshangi@gmail.com', '(071) 715-4134', '', '', '', '', '2017-05-23', 1000),
(53, 'RAJITH LAKSHAN', 'MANUKULASOORIYA', '883480783V', 'rajitha88manu@gmail.com', '(071) 234-2281', '', '1988-12-13', 'male', '', '2017-06-01', 1000),
(54, 'T.M.I. HANSINI', 'TENNAKOON', '945650850V', 'imashatennakoonpgck@gmail.com', '(071) 945-0635', '', '', '', '', '2017-05-30', 1000),
(55, 'A.R. PRASANNA', 'ALWIS', '791230489V', 'prasannaukhp@gmail.com', '(077) 543-4341', '', '', '', '', '2017-05-23', 1000),
(56, 'R.M.C. DHANANJAYA', 'RATHNAYAKA', '841600134V', 'chamara10203@gmail.com', '(077) 125-4627', '', '', '', '', '2017-05-23', 1000),
(57, 'O.P.M.V. PRAMUDITHA', 'VIMALARATHNA', '910720147V', 'vishvavimalarathna@gmail.com', '(071) 663-8129', '', '', '', '', '2017-05-23', 1000),
(58, 'A.R.M. HARSHIKA', 'MADUWANTHI', '855053292V', 'harshika14arc@gmail.com', '(071) 124-1372', '', '', '', '', '2017-05-21', 1000),
(59, 'R.M.S. BANDARA', 'DISSANAYAKE', '960043715V', 'sandunbandara987@gmail.com', '(071) 495-0272', '', '', '', '', '2017-06-25', 1000),
(60, 'W.V.I.RATHNASIRI', '-', '955400070V', 'vijinirathnasiri@gmail.com', '(071) 717-5427', '', '', '', '', '2017-06-25', 1000),
(61, 'H.M.C.C. HERATH', '-', '946370924V', 'chandiherathsss@gmail.com', '(071) 954-7276', '', '', '', '', '2017-06-25', 1000),
(62, 'U.W. BUDDHINI', 'WEERASINGHE', '956870739V', 'buddhiniweerasighe@gmail.com', '(071) 407-5675', '', '', '', '', '2017-06-25', 1000),
(63, 'G.M.N. KUMARI', 'JAYATHILAKE', '938221685V', '', '(076) 909-1533', '', '', '', '', '2017-06-25', 0),
(64, 'E.M.S.R. KUMARA', 'EKANAYAKA', '870841019V', 'subashslk@gmail.com', '(071) 397-0280', '', '', '', '', '2017-07-02', 1000),
(65, 'N.D.D. SANDAKELUM', '-', '923521720V', 'www.dileep420@gmail.com', '(071) 425-7149', '', '', '', '', '2017-07-02', 1000),
(66, 'JOMALA THARANGA', 'LAKMAL', '913320336V', 'rulzthara@gmail.com', '(071) 776-9670', '', '', '', '', '2017-07-02', 1000),
(67, 'H.C.C. EKANAYAKA', '-', '930793353V', 'chamarac993@gmail.com', '(071) 140-3589', '', '', '', '', '2017-07-02', 1000),
(68, 'A.C.S. PRABASHWARA', 'CHANDRASIRI', '942081758V', 'akilasudesh@outlook.com', '(071) 168-7695', '', '', '', '', '2017-07-02', 1000),
(69, 'J.M.K. THARANGE', 'JAYASUNDARA', '892140146V', 'kalimtj@gmail.com', '(071) 869-5161', '', '', '', '', '2017-07-02', 1000),
(70, 'W.A.U.S. WICKRAMARACHCHI', '-  ', '867470859V', 'maleehomes@yahoo.com', '(071) 988-4909', '', '', '', '', '2017-07-15', 1000),
(71, 'L.G.D. INDEEWARA', '-', '851914366V', 'kenimadala077@gmail.com', '(077) 200-0508', '', '', '', '', '2017-07-15', 1000),
(72, 'M.D.L. SAMARASINGHE', '-', '878283252V', 'sithmadesigners@gmail.com', '(071) 803-3231', '', '', '', '', '2017-07-15', 1000),
(73, 'R.P.T.A. KARUNARATHNA', '-', '932012227V', 'panurangak@gmail.com', '(077) 896-1992', '', '', '', '', '2017-07-16', 1000),
(74, 'A.H.B.M.S. PIYUMIKA', 'ABEYRATHNE', '956160090V', 'piyumikaabeyrathne1995@gmail.com', '(071) 490-5062', '', '', '', '', '2017-07-23', 1000),
(75, 'S.M.K.S.M.R.P. SENANAYAKE', '-', '872703942V', '', '(077) 607-2402', '', '', '', '', '2017-07-23', 1000),
(76, 'M.D.I. RAVIHARI', 'WIJERATHNE', '958144229V', 'ishararavihari95@gmail.com', '(071) 618-3132', '', '', '', '', '2017-07-30', 1000),
(77, 'Dumindu', 'Ariyarathne', '870611781V', 'www.dumindu.ari@gmail.com', '(071) 132-2397', 'No. 1/111, Haindeniya, Peradeniya', '1987-03-01', 'male', 'Quantity Surveyor', '2017-09-17', 2000),
(78, 'Madhuka', 'Wimalawardhana', '912241432V', 'madhukaw@gmail.com', '(071) 467-6985', 'No. 132/B, Bogahalanda, Galagedara', '1991-08-11', 'male', 'Technical Officer', '2017-09-24', 2000),
(79, 'Pious', 'Dishankkan', '960081463V', 'dishankkan_2k12@yahoo.co.uk', '(077) 344-5676', 'No. 18, Konesapuram, Ors Hill, Trincomalee', '1996-01-08', 'male', '', '2017-09-24', 2000),
(80, 'Buddhika', 'Wickramasekara', '882534103V', 'pbuddhikawickramasekara@gmail.com', '(072) 200-8360', 'No. 87, Uduwawala, Katugasthota', '1988-09-09', 'male', '', '2017-09-24', 2000),
(81, 'Isuru', 'Kumara', '940023408V', 'isuruhandaragama@gmail.com', '(071) 210-3671', 'No. 137A, Malosela, Kudauduwa, Horana', '1994-01-02', 'male', '', '2017-09-04', 2000),
(82, 'Supun', 'Jayawardhane', '931052403V', 'azzaravinda@gmail.com', '(077) 810-6305', 'No. 208/A, Hulangamuwa Road, Matale', '1993-04-14', 'male', '', '2017-09-04', 2000),
(83, 'Pradeepa', 'Weerasekara', '891971729V', 'nuwan.wer89@gmail.com', '(071) 565-3987', 'No. 27, \"Senasuma\", Pilawala South, Kandy', '1989-07-15', 'male', 'Quantity Surveyor', '2017-09-30', 2000),
(84, 'Ismail', 'Ashfaq', '903520639V', '', '(077) 348-4357', 'No.94 Masthar Lane, Sammanthurai', '1990-12-17', 'male', 'Engineering Assistant', '2017-10-15', 2000),
(85, 'Nishadi', 'Lamahewa', '908272978V', '', '(071) 095-1953', 'No.2/9, \"Arunalu\",2nd Lane, Dharmashoka Mawatha,Kandy', '1990-11-22', 'female', 'Quantity Serveyor', '2017-10-15', 2000),
(86, 'Randil', 'Heenkenda', '922174369V', 'hrandil13@gmail.com', '(071) 727-8650', 'No.4/A, Kotakadeniya, Gelioya', '1992-08-04', 'male', '', '2017-10-15', 2000),
(87, 'Rusiru', 'Hangarangoda', '932402130V', '', '(071) 325-4696', 'No.114/L, Barigama road, Halloluwa, Kandy', '1993-08-27', 'male', 'Quantity Serveyor', '2017-10-15', 2000),
(88, 'Augustes', 'Fernando', '922013098V', 'augustes-fernando@yahoo.com', '(077) 102-5223', 'No.92,Kandy Road,Matale', '1992-07-19', 'male', 'Quantity Surveyor Asistant ', '2017-10-15', 2000),
(89, 'Rafeek', 'Aalam', '982282608V', 'nathrath123@gmail.com', '(077) 644-3191', 'No. 13, Mahadeweta Lane, Vihara Road, Matale', '1998-08-15', 'male', '', '2017-10-13', 2000),
(90, 'R.D. SRIMAL', 'FERNANDO', '960190297V', 'fernandodinush96@gmail.com', '(077) 347-4374', '', '', '', '', '2017-10-07', 2000),
(91, 'K.M.L. UDANA', 'JAYASINGHE', '913090942V', 'lahiruj@isl.lk', '(071) 773-7966', '', '', '', '', '2017-10-22', 2000),
(92, 'J. DISSANAYAKA', '-', '872603727V', 'vomjagath@gmail.com', '(070) 330-0591', '', '', '', '', '2017-10-22', 2000),
(93, 'H.L. BULANAWEWA', '-', '936530460V', 'ghasinilakshika@gmail.com', '(071) 534-3743', '', '', '', '', '2017-10-22', 2000),
(95, 'M.R.S. CHATHURYA', 'SAMARAKOON', '987062835V', 'samarakoonsandani@gmail.com', '(071) 049-9084', '', '', '', '', '2017-11-12', 2000),
(96, 'M.N.M. MUJEEF', '-', '963271646V', 'mnmmujeeb96@gmail.com', '(076) 665-9127', '', '', '', '', '2017-11-12', 2000),
(97, 'W.M.R. IMESHA', 'WEERASINGHE', '943362890V', 'ruchz.zack@gmail.com', '(077) 532-9206', '', '', '', '', '2017-11-12', 2000),
(98, 'C.M.C.G. BANDARA', 'CHANDRASEKARA', '930430811V', 'charitha.bandara1@hotmail.com', '(071) 620-6993', '', '', '', '', '2017-11-12', 2000),
(99, 'B.H.A. SANJEEWA  ', 'JAYASENA', '822380026V', 'sabhewage@gmail.com', '(077) 176-3968', '', '', '', '', '2017-11-12', 2000),
(100, 'M.M.A.', 'Farhad', '973540734V', 'afarhad.mmaf@gmail.com', '(077) 072-5489', '', '', '', '', '2017-10-14', 2000),
(101, 'R.M.N. THARUKA ', 'RATHNAYAKE', '947162489V', 'rathnayakenaduni@gmail.com', '(071) 766-5929', '', '', '', '', '2017-01-27', 1000),
(102, 'A.G.D. SAMPATH', 'NIUNHELLA', '891630492V', 'dsndhanushka@gmail.com', '(078) 475-6681', '', '', '', '', '2017-01-28', 1000),
(103, 'D.H.M.C. CHATHURANGA', 'DISSANAYAKE', '941570275V', 'chamila876@gmail.com', '(071) 127-8903', '', '', '', '', '2017-03-04', 1000),
(104, 'H.G.D.K. RANASINGHE', '-', '910960300V', 'dinal.kasunjith@gmail.com', '(071) 976-1556', '', '', '', '', '2017-05-27', 1000),
(105, 'S.A.T. LAKSHAN ', 'SUBASINGHA', '923014659V', 'tharu.lak1992@gmail.com', '(071) 242-9363', '', '', '', '', '2017-06-20', 1000),
(106, 'U.K.U.A. NILUKA', 'DAMAYANTHI', '936834094V', 'aruni.niluka71@gmail.com', '(078) 462-4321', '', '', '', '', '2017-03-05', 1000),
(107, 'C.S. RUPASINGHE', '-', '755322652V', 'chamari.rupasinghe@gmail.com', '(071) 867-8165', '', '', '', '', '2017-11-18', 2000),
(108, 'I.M. RATHNADIWAKARA', '-', '876370590V', 'mrathnadiwakara@gmail.com', '(071) 419-0199', '', '', '', '', '2017-11-18', 2000),
(109, 'W.M. CHINTHAKA', 'DAMINDA', '841390288V', 'mihiracomputers@gmail.com', '(077) 040-1729', '', '', '', '', '2017-10-18', 2000),
(110, 'Nayomi', 'Rajapaksha', '946080810V', '', '(076) 662-7479', '\"Madhusewana\", Marawanagoda, Werellagama', '1994-04-17', 'female', 'Auditor', '2017-11-05', 2000),
(111, 'Harsha', 'Yapa', '953413493V', '', '(071) 093-5832', 'No. 25, \"Sukitha\", Vihara Mawatha, Suduhumpola, Kandy', '1995-12-06', 'male', '', '2017-11-05', 2000),
(112, 'Salike', 'Piyarathne', '198412602018', 'helasalika@gmail.com', '(071) 668-1358', '', '1984-05-05', 'male', 'Mechanical Draftsman', '2017-11-12', 2000),
(113, 'Gayan', 'Devasurendra', '832011827V', 'dev.lakmal@gmail.com', '(071) 312-7804', 'Nadza Housing, Boralugankada, Gampola', '1983-07-19', 'male', '', '2017-11-12', 2000),
(114, 'Shayamali', 'Thilakarathne', '905792180V', '', '(071) 294-3537', 'No. 93, Green Land, Delthota', '1990-03-19', 'female', 'Graught Person', '2017-11-05', 0),
(115, 'Nuwan', 'Abeywardana', '871941548V', 'ggnuwan@yahoo.com', '(077) 123-4034', '\"Jayamahal\", Pitawala, Nawalapitiya', '1987-07-12', 'male', '', '2017-11-19', 2000),
(116, 'Amila', 'Chandrasena', '970730907V', 'amilaxyz1@gmail.com', '(076) 658-8000', 'Amila Builders, Palama Handiya, Weheraganthota', '1997-03-13', 'male', '', '2017-11-19', 2000),
(117, 'Chandana', 'Ekanayake', '800010047V', '', '(071) 054-6176', 'No. 251/1, Balakaduwa, Alawathugoda', '1980-01-01', 'male', '', '2017-11-19', 2000),
(118, 'Nimnada', 'Aseniya Goonethilleke', '982431328V', 'nimnadagoonethilleke@gmail.com', '(071) 048-9083', 'No.60, Biyagama Road, Pethiyagoda, Kelaniya.', '1998-08-19', 'male', '', '2017-11-22', 2000),
(119, 'Sanduli', 'Yasasma Jayasinghe', '956432391V', 'sayasmajayasinghe@gmail.com', '(071) 630-5795', 'No.99/1, Galle Road, Pinwatta, Panadura.', '1995-05-22', 'female', 'SLIIT', '2017-11-22', 2000),
(120, 'Jivindu', 'Pankaja Ranaweera', '199918210283', 'jivindur@gmail.com', '(070) 208-6069', 'No.65 1/2, Midland City, Singhe Road, Kerangapokuna, Wattala.', '1999-06-30', 'male', 'SLIIT', '2017-11-22', 2000),
(121, 'Bulathge', 'Kavinya Chathuri Perera', '976860136V', 'kavinyachathuri@gmail.com', '(077) 832-4848', 'No.76/B, Weedagama, Bandaragama.', '1997-07-04', 'female', '', '2017-11-22', 2000),
(122, 'Madura', 'Denush Muthumuige', '770234654V', 'maduramu@yahoo.com', '(077) 647-8343', '', '1977-01-23', 'male', 'Maintenance Forman', '2017-11-22', 2000),
(123, 'Harindu Daham', 'Suriarachchi', '973394282V', 'dahamharindu42@gmail.com', '(071) 854-6235', '.', '1997-12-04', 'male', 'STUDENT', '2017-11-29', 2000),
(124, 'G.A.T.K.', 'GANIARACHCHI', '958260237V', 'gaty.stu@gmail.com', '(033) 222-4745', 'gampha', '1995-11-21', 'male', 'student', '2017-11-29', 2000),
(125, 'W.U.P.', 'FERNANDO', '953083523v', 'uvindufernando02@gmail.com', '(071) 777-6821', 'Wennappuwa', '1995-11-30', '', '', '2017-11-11', 2000),
(126, 'C.', 'Abeyawardana', '967932302v', 'chathuabeygunawardana@gmail.com', '(077) 843-9380', 'matara', '1996-10-19', 'male', '', '2017-11-14', 2000),
(127, 'O.K.W.L.', 'NANAYAKKARA', '956241936V', 'washanilno503@gmail.com', '(076) 973-5396', 'Bemmulla', '1995-05-03', 'female', '', '2017-11-14', 2000),
(128, 'R.', 'BATEPOLA', '970313800V', 'rukshanhatepola07@gmail.com', '(070) 206-4201', 'BERUWALa', '1997-01-31', 'male', '', '2017-11-14', 2000),
(129, ' C.A.', 'RODRIGO', '961082030V', 'chamikaakalanka7@gmail.com', '(077) 656-6215', 'KADAWATHA', '1996-04-17', 'male', '', '2017-11-14', 2000),
(130, 'M.S.U.', 'GUNASEKARA', '961163617V', 'miransasanka96@gmail.com', '(077) 034-1859', 'panagooda', '1996-04-25', 'male', '', '2017-11-14', 2000),
(131, 'T.T.D.', 'GAMAGE', '690700740V', 'thenukathamindu@gmail.com', '(077) 155-7808', 'BADDEGAMA', '', 'male', '', '2017-11-17', 2000),
(132, 'C.N.S.', 'JAYARATHNE', '961940281V', 'srijaya96@gmail.com', '(071) 265-1640', 'Kaluthara', '1996-07-12', 'female', '', '2017-11-17', 2000),
(133, 'W.V.A.', 'DE SILVA ', '951780405V', 'vihangadesilva19956@gmail.com', '(071) 348-7691', 'Wadduwa', '1995-06-26', 'male', '', '2017-11-17', 2000),
(134, 'K.L.D.M.', 'KENAN', '950382813V', 'marshalliyanage@gmail.com', '(071) 051-8864', 'Pellmadulla', '1995-02-07', 'male', '', '2017-11-17', 2000),
(135, 'P.H.A.P.', 'JAYAWARDHANA', '963193742v', 'ashanpasindu01@gmail.com', '(077) 617-0098', 'Gampha', '1996-11-14', 'male', '', '2017-11-17', 2000),
(136, 'W.D.S.W.', 'WICKRAMATHILAKA', '957830046V', 'dishan.sasmitha@gmail.com', '(071) 987-5904', 'Neboda', '1995-07-01', 'male', '', '2017-11-17', 2000),
(137, 'R.A.A.', 'MADHUMALI', '956351456V', 'ruvinimadhu142@gmail.com', '(071) 321-1368', 'KADUWELA', '1995-05-14', 'male', '', '2017-11-15', 2000),
(138, 'J.A.N.S.', 'KUMARA', '841653980V', 'nilancad@gmail.com', '(071) 580-8450', 'Minuwangoda', '1984-06-13', 'male', '', '2017-11-30', 2000),
(139, 'W.A.S.H.', 'WIJEYASOORIYA', '930212474v', 'shanharsha119@gmail.com', '(071) 569-5152', 'MEEGODA', '1993-01-23', 'male', '', '2017-11-30', 2000),
(140, 'W.G.G.A.S.C.', 'SADARUWAN', '861172546V', 'scsandaruwan@gmail.com', '(071) 346-8667', 'Mirigama', '1986-04-26', 'male', '', '2017-11-12', 2000),
(141, 'K.A.K.C', 'SRIYANI', '675191077V', 'khemakes@yahoo.com', '(077) 773-5484', 'dunagaha', '1967-01-19', 'male', '', '2017-11-26', 2000),
(142, 'A.M.T.P.', 'ALAGIYAWANNA', '970160400V', 'tharakapiyumal59@gmail.com', '(071) 326-2364', 'PALLAMA', '1997-01-16', 'male', '', '2017-11-30', 2000),
(143, 'G.A.', 'UDAYAKUMARA', '196924602610', 'udaya2007@gmail.com', '(071) 251-2329', 'MORATUDUWA', '1969-09-02', 'male', '', '2017-11-30', 2000),
(144, 'D.K.P.', 'KUMARA', '862150104V', 'kithsirida@gmail.com', '(077) 722-2533', 'MEEGIDA', '1986-08-02', 'male', '', '2017-11-30', 2000),
(145, 'C.L.', 'HETTIARACHCHI', '830960392V', 'hettiarachchichaminda@gmail.com', '(071) 915-7047', 'BATAPOLA', '1983-04-05', 'male', '', '2017-11-30', 2000),
(146, 'W.G.C.M.', 'KUMARASIRI', '895381853V', 'chandumadu1234@gmail.com', '(071) 273-3678', 'DAMULLA', '1989-02-07', 'male', '', '2017-11-19', 2000),
(147, 'B.G.D.A.K.', 'KUMARI', '897960320V', 'achalakaushalya2222@gmail.com', '(071) 741-7471', 'KEPPETIPOLA', '1989-10-22', 'male', '', '2017-11-19', 2000),
(148, 'C.T.', 'Munasinghe', '946830429V', 'cctharangani@gmail.com', '(071) 179-1274', 'Ganemulla', '1994-07-01', 'male', '', '2017-11-30', 2000),
(149, 'T.I.', 'RATHMALGODA', '968031058V', 'rathmalgoda@gmail.com', '(071) 132-5518', 'WAGE.', '1996-10-29', 'male', '', '2017-11-18', 2000),
(150, 'H.K.D. ', 'DHANANJAYA', '961440041V', 'dilandhanajaya96@gmail.com', '(077) 284-8174', 'Patiwa', '1996-05-23', '', '', '2017-11-30', 2000),
(151, 'R.L.', 'NADEEKANTHA', '961222834V', 'lasithamendis96@gmail.com', '(077) 894-9543', 'KADAWATHA', '1996-05-01', 'male', '', '2017-11-18', 2000),
(152, 'G.W.B.', 'CHATHURANGA', '941482643V', 'bimal.chathuranga@gmail.com', '(071) 484-9984', 'MATARA', '1994-05-24', 'male', '', '2017-11-18', 2000),
(153, 'M.', 'SENANAYAKE', '610764649V', 'Mahinda_senanayaka@yahoo.com', '(071) 566-2663', 'mathale', '2967-03-16', 'male', '', '2017-10-13', 2000),
(154, 'E.A.S. SUMEDHA', '-', '913421264V', 'luckysumedha@gmail.com', '(077) 970-5709', '', '', '', '', '2017-11-16', 2000),
(155, 'R.S.S.', 'WEERASINGHE', '870182945V', 'shainshashikaw123@gmail.com', '(077) 243-5090', 'ATHURUGIRIYA', '1987-01-18', 'male', '', '2017-11-13', 2000),
(156, 'G.S.M.', 'PRIYANDARSHA', '832221910V', 'samantha839@gmail.com', '(070) 261-6088', 'HORANA', '1983-08-09', 'male', '', '2017-10-14', 2000),
(157, 'K.D.H.', 'RIDMIKA', '967452033V', 'bluecaprox@gmail.com', '(071) 400-4227', 'KOTTE', '1996-09-01', 'male', '', '2017-11-11', 2000),
(158, 'H.A.S.', 'DULANKA', '963254350V', 'sanojdulankahettiarachchi@gmail.com', '(071) 968-0113', 'Gampha', '1996-11-20', 'male', '', '2017-11-11', 2000),
(159, 'T.T.D.', 'GAMAGE', '960700740V', 'thenukathasmindu@gmail.com', '(077) 155-7808', '', '1996-03-10', '', '', '2017-10-17', 2000),
(160, 'P.M.S.', 'SILVA', '962931898V', 'mahima.sandeepa.silva@gmail.com', '(077) 676-0341', '.', '1996-10-19', 'male', '', '2017-12-06', 1000),
(161, 'M.G.M.', 'RANDEERA', '963372809V', 'mrwndeera@gmail.com', '(071) 795-4018', '.', '1996-12-02', 'male', '', '2017-12-06', 1000),
(162, 'W.E.M.S.T.', 'WIJESUNDARA', '961731143V', 'wijesundara@gmail.com', '(071) 310-5734', '.', '1996-06-21', 'male', '', '2017-12-06', 1000),
(163, 'M.M.K.M.', 'RANAWEERA', '960861264V', 'kavindu26ranaweera@gmail.com', '(071) 350-7604', '.', '1996-03-26', 'male', '', '2017-12-06', 1000),
(164, 'W.A.C.', 'LAKMAL', '951470937V', 'lakmalchathuranga216@gmail.com', '(071) 157-2857', '0', '1995-05-26', '', '', '2017-12-06', 1000),
(165, 'M.D.S.D.', 'GUNATHILAKA', '966551500V', 'sandunigumathilaka123@gmail.com', '(076) 312-7755', '.', '1996-06-03', 'female', '', '2017-12-06', 1000),
(166, 'W.P.T.', 'SHASINKA', '966301023V', 'SHASHI@GMAIL.COM', '(077) 558-0315', '.', '', 'male', '', '2017-12-06', 1000),
(167, 'M.D.D.', 'MUTHUNAYAKA', '698050605V', 'DILKIMUTHU@GMAIL.COM', '(076) 697-1318', '', '1996-10-31', 'female', '', '2017-12-06', 1000),
(168, 'M.D.D. ', 'MUTHUNAYAKA', '968050605V', 'dilkimuthu@gmail.com', '(076) 697-1318', '0', '1996-10-31', 'female', '', '2017-12-06', 1000),
(169, 'A.L.A.', 'SAMEERA', '960320980V', 'liyanage0100@gmail.com', '(071) 156-3692', 'matara', '1996-02-01', 'male', 'student', '2017-12-08', 2000),
(170, 'H.I.D.', 'PEMASINGHE', '953133253V', 'dilshanishara450@gmail.com', '(071) 126-4231', 'AVISSAWELLA', '', 'male', 'student', '2017-12-08', 2000),
(171, 'JSDP', 'JAYATHILAKA', '962682049V', 'damithjayathilake@gmail.com', '(075) 271-4243', '.', '1996-09-24', 'male', 'student', '2017-12-08', 2000),
(172, 'DMPJ', 'DISSANAYAKE', '951300519V', 'Pasanjayanga75@gmail.com', '(071) 342-4441', '.', '1995-05-09', 'male', 'student', '2017-12-08', 2000),
(173, 'NMDM', 'AMARASENA', '947411055V', 'dilhaniheshii@gmail.com', '(077) 720-7036', '.', '1994-08-28', 'male', 'student', '2017-12-08', 2000),
(174, 'P.T.', 'DAYANI', '956451353V', 'HH@GMAIL.COM', '(075) 508-8071', '.', '1995-05-24', 'male', '', '2017-12-08', 2000),
(175, 'P.A.', 'KUMARASENA', '951381624V', 'prathaparjuna95@gmail.com', '(072) 521-427_', '.', '1995-05-17', 'male', '', '2017-12-09', 2000),
(176, 'R.P.', 'SAPPIDIN', '961022681V', 'SAPDIN@GMAI.COM', '(076) 414-6963', '', '1996-04-11', 'male', '', '2017-12-09', 2000),
(177, 'D.M.T.D.', 'BANDARA', '953071690V', 'tharindu4dilshan@gmail.com', '(076) 351-7363', '.', '1995-11-02', 'male', 'student', '2017-12-11', 2000),
(178, 'W.H.', 'DILUKA', '948562375V', 'harshanidiluka1@gmail.com', '(071) 639-2625', 'x', '1994-12-21', 'female', 'student', '2017-12-11', 2000),
(179, 'W.D.', 'DUSHANTHI', '965392360V', 's@gmail.com', '(077) 546-7186', 'x', '1996-02-08', 'female', 'student', '2017-12-11', 2000),
(180, 'K.K.C', 'MADHUSANKHA', '942121059V', 's@gmail.com', '(075) 727-8001', '', '1994-07-30', 'male', 'student', '2017-12-11', 2000),
(181, 'NIHMATHULLA MOHAMED', 'FASLAN', '960581954V', 'fazlan77722@gmail.com', '(075) 546-3193', '', '', '', '', '2017-12-02', 2000),
(182, 'D.M.K. JAYAHANSI', 'DISSANAYAKE', '947321781V', 'kanch8894@gmail.com', '(071) 953-1140', '', '', '', '', '2017-12-04', 2000),
(183, 'W.M.R. MANUSHIKA', 'WARNASOORIYA', '937161735V', 'ranganimanushika@gmail.com', '(071) 534-2869', '', '', '', '', '2017-12-04', 2000),
(184, 'W.B.W.M.R.U.W.M.E.B. SENAVIRATHNA', '-', '963654375V', '', '(071) 834-0752', '', '', '', '', '2017-12-04', 2000),
(185, 'I.A.M.A. DULANJALEE', '-', '946672882V', '', '(071) 087-8380', '', '', '', '', '2017-12-09', 2000),
(186, 'P.W. JAYANTHA', 'SENAVIRATHNA', '196503210053', '', '(072) 344-1520', '', '', '', '', '2017-12-09', 2000),
(187, 'R.G.N. THARANGA', 'RANHOTI', '872383450V', 'namalq1950@gmail.com', '(077) 172-2953', '', '', '', '', '2017-12-09', 2000),
(188, 'H.M.W. GAGANI', 'HERATH', '958420862V', 'gaganiherath30@gmail.com', '(077) 230-6528', '', '', '', '', '2017-12-11', 2000),
(189, 'M.J.E. SIDNI', 'KUMARA', '938643261V', 'jayani1993sidni@gmail.com', '(071) 290-6534', '', '', '', '', '2017-12-11', 2000),
(190, 'W.J.', 'ATTHANAYAKE', '951341223V', 'A@ATTHANAYAKE', '(076) 758-9203', '.', '1995-05-13', 'male', 'student', '2017-12-15', 1000),
(191, 'M.A.T.T.G.', 'MUTHUKUDA', '972742570V', 'J@GMAIL.COM', '(076) 368-8896', '.', '1997-09-30', '', 'student', '2017-12-16', 1000),
(192, 'W.S.M.', 'FERNANDO', '958063989V', 'shathunitdo@gmail.com', '(075) 217-2796', '.', '1995-11-01', 'male', 'student', '2017-12-15', 1000),
(193, 'N.P.S.H.', 'NUGEWELA', '956373000V', 'sandunimahansinee@gmail.com', '(071) 963-7033', '', '1995-05-16', 'male', 'student', '2017-12-16', 1000),
(194, 'K.G.', 'MADUSHANI', '957502024V', 'M@GMAIL.COM', '(070) 382-1046', '', '1995-05-06', 'male', 'student', '2017-12-15', 2000),
(195, 'P.A.N.', 'LAKSHITHA', '962621651V', 'nuwanlakshitha321@gmail.com', '(075) 805-3717', '', '1996-09-18', '', '', '2017-12-15', 1000),
(196, 'R.A.A.', 'JAYAMALI', '957460810V', 'A@ATTHANAYAKE', '(076) 367-6799', '', '1995-09-02', '', '', '2017-12-16', 1000),
(197, 'R.P. KASUN DILSHAN', '-', '973404067V', 'jansanjeewani@gmail.com', '(077) 189-6525', '', '', '', '', '2017-12-16', 2000),
(198, 'Zahira', 'Zuhar', '947379413V', 'zahirashafnaz@gmail.com', '(077) 506-0517', 'No. 1/5, Parathota Road, Bothalapitiya, Gampola', '1994-08-24', 'female', '', '2017-12-10', 2000),
(199, 'Lalin', 'De Silva', '552910419V', '', '(071) 998-9969', 'No. 27, Housing Scheme, Gannoruwa, Peradeniya', '1955-10-17', 'male', '', '2017-12-10', 2000),
(200, 'Naveen', 'Siththampalam', '952273256V', 'naveen.adrian@yahoo.com', '(075) 836-7904', 'No. 327, William Gopallawa Mawatha, Kandy', '1995-08-14', 'male', '', '2017-12-17', 0),
(201, 'Mohamed Ali ', 'Rahman', '990220077v', 'abdul6317@gmail.com', '(077) 076-5720', '210/18/B Kandy Road, Gampola', '1999-01-22', 'male', '', '2017-12-16', 2000),
(202, 'Fathima ', 'Sara', '987213272v', 'sarafazmy@gmail.com', '(076) 689-2852', '46/B Urban Council Road, Nawalapitiya', '1998-08-08', 'female', '', '2017-12-16', 2000),
(203, 'Nayomi', 'Amarasena', '866463816v', '', '(075) 802-9804', '35, Elkaduwa Road, Watthegama', '1986-05-25', 'female', '', '2017-12-23', 2000),
(204, 'Maryam', 'Mansoor', '966454326v', 'maryamamsoor195@gmail.com', '(077) 766-6868', '480/1, Peradeniya Road, Kandy', '1996-05-24', 'female', '', '2017-12-15', 2000),
(205, 'S.A.V.J.  JAYARATHNE', '-', '861470610V', 'vjjayarathna@gmail.com', '(071) 229-0497', '', '', '', '', '2017-12-30', 2000),
(206, 'B.A.S. PREMARATHNE', '-', '943570477V', 'shehanwrc@gmail.com', '(077) 368-7991', '', '', '', '', '2018-01-13', 2000),
(207, 'S.M.D. SHYAMALI', '-', '768590400V', 'shyamali.dtec@gmail.com', '(071) 725-0221', '', '', '', '', '2018-01-13', 2000),
(208, 'H.M.C.S.B. HERATH', '-', '870021828V', 'csbherath@gmail.com', '(077) 655-7228', '', '', '', '', '2018-01-14', 2000),
(209, 'M.D.W.P. WIJERATHNE', '-', '911910748V', 'widurangapreethiraj@gmail.com', '(071) 338-2402', '', '', '', '', '2018-01-14', 2000),
(210, 'J.M. FASLIN', '-', '901752460V', 'faslinr@yahoo.com', '(071) 777-3262', '', '', '', '', '2018-01-20', 2000),
(211, 'K.H.A. SAMPATH', 'HETTIARACHCHI', '901460213V', 'asithakha@gmail.com', '(071) 577-7915', '', '', '', '', '2018-01-21', 2000),
(212, 'SAS', 'SADIQ', '823154645V', 'SASADIZ.ENG@GMAIL.COM', '(076) 738-0081', 'AVISSAWELLA', '1982-11-10', 'female', 'student', '2018-01-23', 2000),
(213, 'H.M.K.', 'MADURANGA', '981270851V', 'kalanaaalamayal6@gmail.com', '(071) 393-2537', '.', '1998-05-06', 'male', '', '2018-01-22', 2000),
(214, 'H.M.V.', 'LAKSHITHA', '983161316V', 'VIMUKTHILAKSHITH@GMAIL.COM', '(076) 923-7526', '', '1998-11-11', 'male', '', '2018-01-22', 2000),
(215, 'TEH', 'SENARATHNA', '892671192V', 'HASITHAQS@GMAIL.COM', '(075) 670-8755', '', '1989-09-23', 'male', '', '2018-01-22', 2000),
(216, 'TAKD', 'KARUNADASA', '915992048V', 'KAUSHA32@GMAIL.COM', '(071) 327-6068', '.', '', 'female', '', '2018-01-22', 2000),
(217, 'HAM', 'WIJESINGHE', '932430258V', 'ASANKAMADUNUWA@GMAIL.COM', '(071) 964-6247', '', '1993-08-30', '', '', '2018-01-22', 2000),
(218, 'BDMBP', 'DISSANAYAKE', '881003821V', 'BUDDHIKAPRABATH1988@GMAIL.COM', '(071) 153-7476', '', '1998-04-09', 'male', '', '2018-01-22', 2000),
(219, 'LBD', 'JAYASURIYA', '199553500995', 'jananjayabuddhika@gmail.com', '(071) 956-4475', '', '1995-04-02', 'male', 'student', '2018-01-22', 2000),
(220, 'S', 'HIYANAGE', '976561481V', 'LIYANAGEPIPI97@GMAIL.COM', '(071) 722-0665', '', '1997-06-04', 'male', '', '2018-01-22', 2000),
(221, 'S.N.', 'GANGABADAARACHCHI', '966092297V', 'NIMAYASAJANI@GMAIL.COM', '(071) 985-1962', '', '1996-04-18', 'male', '', '2018-01-22', 2000),
(222, 'RY', 'GALAGEDARA', '977663520V', 'RIDMIYASANTHA@GMAIL.COM', '(076) 545-3936', '', '1994-09-22', 'male', '', '2018-01-22', 2000),
(223, 'RHMC', 'RAVISHAN', '950741627V', 'CHAMIDURAJAKARUNA101@GMAIL.COM', '(076) 363-0019', '', '1995-03-14', 'male', 'student', '2018-01-22', 2000),
(224, 'DCP', 'WIMALASOORIYA', '961662133V', 'CHAMALPRAMOD@GMAIL.COM', '(071) 932-4995', '', '1996-06-14', 'male', '', '2018-01-22', 2000),
(225, 'J.M.S.M.', 'COSTA', '966311754V', 'SAANACOSTA888@GMAIL.COM', '(076) 868-1441', '', '1996-05-10', 'female', '', '2018-01-22', 2000),
(226, 'M.H', 'PARANAVITHANA', '975811158V', 'madushanihansaniparanavithana@gmail.com', '(076) 698-2250', '', '1997-03-21', 'male', '', '2018-01-22', 2000),
(227, 'HU', 'SENATILLEKE', '976840151v', 'UDARASEN20@GMAIL.COM', '(076) 936-6582', '', '1997-02-07', 'male', '', '2018-01-22', 2000),
(228, 'WD', 'DHELIKA', '916433328V', 'W.D.D.ARUNALIO91@GMAIL.COM', '(077) 713-7719', '', '1991-05-22', 'male', 'student', '2018-01-23', 2000),
(229, 'WKSAUK', 'WEERASINGHE', '982852382V', 'AUKALHARA@GMAIL.COM', '(077) 832-0920', '', '1998-10-11', 'male', 'student', '2018-01-23', 2000),
(230, 'K.L.A.D. ', 'BHASHINI', '977471206V', 'KL@GMAIL.COM', '(075) 685-5281', '', '1997-09-03', 'male', '', '2018-01-23', 2000),
(231, 'HJR', 'BANDARA', '962060064v', 'BANDA@GMAIL.COM', '(011) 218-9649', '', '1996-07-04', 'male', '', '2018-01-23', 2000),
(232, 'MPMM', 'PREMARATHNE', '960980166V', 'DVPKOLLA@GMAIL.COM', '(077) 272-1480', '', '1996-04-07', 'male', '', '2018-01-23', 2000),
(233, 'BWB', 'PRASAD', '973391526V', 'E@GMAIL.COM', '(011) 218-8508', '', '1997-12-04', 'male', '', '2018-01-23', 2000),
(234, 'NDIM', 'NAWULLA', '199814600588', 'indeearamadusanka9@gmail.com', '(071) 217-1083', '', '1998-05-25', '', '', '2018-01-23', 2000),
(235, 'M.A.S', 'PRIYANKI', '892530114V', 'SAJITH.DIJAO@GMAIL.COM', '(071) 563-1899', '', '', 'female', '', '2018-01-23', 2000),
(236, 'PAS', 'PERERA', '972673536V', 'ASHANSHYAMIKA@GMAIL.COM', '(071) 557-5191', '', '', 'male', '', '2018-01-23', 2000),
(237, 'D.M.L.N', 'BANDARANAYAKE', '978370209V', 'LUMSNB@GMAIL.COM', '(076) 310-0540', '', '', '', '', '2018-01-23', 2000),
(238, 'H.D.LADEESHA ', 'MIHIRANGA', '982821789V', 'LADEESHA12@GMAIL.COM', '(075) 808-3389', '', '', '', '', '2018-01-23', 2000),
(239, 'RK', 'HASAN', '931732811V', 'KUCHANAASHAN@GMAIL.COM', '(070) 233-8765', '', '', '', '', '2018-01-23', 2000),
(240, 'S', 'AMJADA', '935972264V', 'SHAFRASAHEED@GMAIL.COM', '(077) 170-1997', '', '', '', '', '2018-01-23', 2000),
(241, 'BN', 'JAYAWARDANA', '920581145V', 'BADDHIYA99@GMAIL.COM', '(071) 993-8838', '', '', '', '', '2018-01-23', 2000),
(242, 'HR', 'UDENI', '861780015V', 'RUWANUDNI@GMAIL.COM', '(077) 429-6152', '', '', '', '', '2018-01-23', 2000),
(243, 'LAM', 'WANASINHA', '932200600V', 'LAISHROX@GMAIL.COM', '(071) 140-0130', '', '', '', '', '2018-01-23', 2000),
(244, 'KDCK', 'SENARATHNA', '712143465V', 'SENARATHNA@GMAIL.COM', '(077) 711-2175', '', '', '', '', '2018-01-23', 2000),
(245, 'SDA', 'SANJEEWA', '872233032V', 'ACHINTHASANJEEWA@GMAIL.COM', '(071) 124-9918', '', '', '', '', '2018-01-24', 2000),
(246, 'TMLDN', 'TENNAKOON', '803250022V', 'TMLASANTHA@GMAIL.COM', '(077) 609-5823', '', '', '', '', '2018-01-24', 2000),
(247, 'PM', 'AMARASEKARA', '700562638V', 'AMARASEKARA@GMAIL.COM', '(071) 442-0542', '', '', '', '', '2018-01-24', 2000),
(248, 'M.T.H.G.R. SRIMALI', 'DE SILVA', '818394233V', 'classichomedesigner@gmail.com', '(077) 769-5652', '', '', '', '', '2018-01-27', 2000),
(249, 'K.M.G. CHAMARA', 'DE SILVA', '912261590V', 'gchamara4u@gmail.com', '(071) 719-8963', '', '', '', '', '2018-01-27', 2000),
(250, 'R.G.A.M. CHANDRASEKARA', '-', '863022738V', 'amilachandrasekaraz@gmail.com', '(071) 627-6551', '', '', '', '', '2018-01-28', 2000),
(251, 'W.M. RUWAN BANDARA', 'WEERASEKARA', '852550945V', 'ruwanhomes@gmail.com', '(071) 539-0126', '', '', '', '', '2018-02-10', 2000),
(252, 'H.M. CHAMINDA', 'KARUNATHILAKE', '198314900918', 'chaminda.hello@gmail.com', '(071) 314-9960', '', '', '', '', '2018-02-10', 2000),
(253, 'G.S.C. MANUWICKRAMA', '-', '957261906V', '', '(071) 460-2801', '', '', '', '', '2018-02-17', 2000),
(254, 'W.M.C. WICKRAMATHUNGA', '-', '910163345V', 'M.chinthaka.w@gmail.com', '(071) 739-2458', '', '', '', '', '2018-02-27', 2000),
(255, 'MOHOMED NUSHAN', '-', '992922958V', 'mnushan62@gmail.com', '(076) 381-7520', '', '', '', '', '2018-03-10', 2000),
(256, 'DAMMIKA SIRIWARDANA', '-', '921640676V', 'dmaxsiri@gmail.com', '(071) 120-3522', '', '', '', '', '2018-03-17', 0),
(257, 'BUDDHIKA PRASANNA KUMARA', 'ARAMBEPOLA', '742861902V', 'bkumera87@gmail.com', '(077) 854-9637', '', '', '', '', '2018-03-18', 2000),
(258, 'J.M. SAMEERA', 'BANDARA', '850691088V', 'jayasundara.sameera@gmail.com', '(071) 588-0072', '', '', '', '', '2018-03-25', 2000),
(259, 'G.A.D. SANDARUWAN', 'CHANDRARATHNE', '892154015V', 'dineshsandaruwan1989@gmail.com', '(077) 194-0112', '', '', '', '', '2018-03-25', 2000),
(260, 'W.D. UDARA MADUSHANKA', '-', '953301792V', 'udaramadushanka627@gmail.com', '(078) 291-9100', '', '', '', '', '2018-03-25', 2000),
(261, 'J.P.P.S. JAYASUNDARA', '-', '895083801V', 'jayasundarapriyangani93@gmail.com', '(071) 864-2856', '', '', '', '', '2018-03-25', 2000),
(262, 'G.W.A. SACHINTHA', 'PIYASUMANA', '931701037V', 'sachinthapiya93zone@gmail.com', '(071) 227-4848', '', '', '', '', '2018-04-08', 2000),
(263, 'W.D. RANGANATH', 'GUNATHILAKE', '922994226V', 'ranga2017.25@gmail.com', '(077) 940-5543', '', '', '', '', '2018-04-08', 2000),
(264, 'P.D.K. SAMPATH', 'JAYAWARDHANA', '922190828V', 'krishansho84@gmail.com', '(076) 789-5192', '', '', '', '', '2018-04-08', 2000),
(265, 'R.U.N.K. PREMARATHNE', '-', '941700578V', '', '(071) 059-9270', '', '', '', '', '2018-04-08', 2000),
(266, 'S. DORIN', '-', '927642956V', 'dorin.siluvairasa@gmail.com', '(077) 027-0160', '', '', '', '', '2018-04-08', 2000),
(267, 'D.P.D. SANDARUWAN', 'KUMARA', '940411009V', 'dimuthu10055@gmail.com', '(077) 805-6303', '', '', '', '', '2018-04-11', 2000),
(268, 'E.P. THUSHARI PATHIRANA', '-', '885141102V', 'thushari8814@gmail.com', '(077) 376-0436', '', '', '', '', '2018-04-21', 2000),
(269, 'W.M.C.S.K.  WIJESUNDARA', '-', '940292794V', 'chamarawijesundara@gmail.com', '(071) 907-9782', '', '', '', '', '2018-04-21', 2000),
(270, 'M.S. YASEER', '-', '962322573V', 'msyasee6@gmail.com', '(075) 612-2527', '', '', '', '', '2018-04-21', 0),
(271, 'Y.D. HIRUNIKA NETHMI', 'DISSANAYAKE', '977852072V', 'nethmidissanayake91@gmail.com', '(071) 390-8052', '', '', '', '', '2018-04-21', 2000),
(272, 'I.M. ISHANKA DARSHANI', 'PEMATHILAKA', '875201395V', 'ish20187@gmail.com', '(071) 522-7187', '', '', '', '', '2018-05-12', 2000),
(273, 'A.W. ABDUR', 'RAHMAN', '200019500458', '', '(078) 525-2260', '', '', '', '', '2018-05-26', 2000),
(274, 'M.I. THARANGANI', 'SUMANASENA', '925531294V', 'mitsumanasena@gmail.com', '(076) 770-9034', '', '', '', '', '2018-05-27', 2000),
(275, 'H.M.S. KUMESHIKA ', 'HERATH', '945522810V', 'samadhi.kumeshika94@gmail.com', '(071) 477-9280', '', '', '', '', '2018-05-27', 2000),
(276, 'W.M.D. DEEPTHAJEEWA', 'WIJESUNDARA', '952180665V', 'dimuthudeepthajeewa123@gmail.com', '(071) 956-0285', '', '', '', '', '2018-05-27', 2000),
(277, 'C. MADUSHANI', 'RATHNAYAKE', '905331710V', 'maducrathnayake@gmail.com', '(071) 061-2023', '', '', '', '', '2018-05-27', 2000),
(278, 'K.H.M.N. KUMARA', 'BANDARA', '882620123V', 'khmbandara@gmail.com', '(071) 054-8693', '', '', '', '', '2018-05-27', 2000),
(279, 'H. HARSHANI ', 'NETHTHIKUMARA', '907030687V', 'hashi.hiranya1210@gmail.com', '(076) 556-3643', '', '', '', '', '2018-05-27', 2000),
(280, 'B.M.T. JAYASHANI KUMARI BASNAKA', '-', '965433775V', 'theja.jayashani@gmail.com', '(071) 555-8197', '', '', '', '', '2018-05-26', 1000),
(281, 'H. MANOJ NANDANA PERERA', '-', '911570092V', 'hmanojnp@gmail.com', '(077) 998-6465', '', '', '', '', '2018-06-03', 2000),
(282, 'D.R.U. SRINATH ARIYASINGHE', '-', '870680260V', 'upendrasrinath@gmail.com', '(071) 455-9735', '', '', '', '', '2018-06-09', 2000),
(283, 'D. NILANGA PIYATHILAKA', '-', '921150105V', '', '(071) 710-5834', '', '', '', '', '2018-06-10', 2000),
(284, 'A.M.T.G. THILINA INDIKA', 'BANDARA', '941181996V', 'thilinaindika48@gmail.com', '(071) 337-6711', '', '', '', '', '2018-06-10', 2000),
(285, 'THILINA UDARA WITHARANA', '-', '932191628V', 'vitharanathilina@gmail.com', '(078) 623-6983', '', '', '', '', '2018-06-10', 2000),
(286, 'D.P.R.D. ANANDA KUMARA', '-', '770512387V', '', '(071) 804-1721', '', '', '', '', '2018-06-17', 2000),
(287, 'H.M.N. SANJAYA BANDARA', 'HERATH', '942972482V', 'sanjayanuwan1994@gmail.com', '(071) 629-5895', '', '', '', '', '2018-06-23', 2000),
(288, 'M.H.P. MADUSANKA PATHIRANA', '-', '960522346V', 'madusankapathirana444@gmail.com', '(071) 466-2633', '', '', '', '', '2018-07-08', 2000),
(289, 'K.G. KOSHILA BANDARA', '-', '927810859V', 'kgkbandara92@gmail.com', '(071) 253-5045', '', '', '', '', '2018-07-18', 2000),
(290, 'N.P.L. MADHAWA GUNASINGHE', '-', '920070523V', 'madhawa101010@gmail.com', '(071) 280-3016', '', '', '', '', '2018-07-22', 2000),
(291, 'M.N. AKALANKA', 'JAYASINGHE', '790640000V', 'm.nadunakalanka@gmail.com', '(077) 942-7104', '', '', '', '', '2018-07-22', 2000),
(292, 'P.T. DINESH KUMARA', '-', '843060420V', 'dkumara03@gmail.com', '(077) 691-6700', '', '', '', '', '2018-07-22', 2000),
(293, 'R.M.K.S. KADURUKUMBURA', '-', '198408101077', 'kadurukumbura@gmail.com', '(077) 868-5041', '', '', '', '', '2018-07-22', 2000),
(294, 'S. CHAMODYA WEERASIRI', '-', '951410853V', 'shamaweerasiri76@gmail.com', '(071) 303-8369', '', '', '', '', '2018-07-22', 2000),
(295, 'K.R.A.I. SHAKYA RANDENI', '-', '930694029V', 'isururandeni93@gmail.com', '(071) 656-4620', '', '', '', '', '2018-07-23', 2000),
(296, 'K.S.M. THABREW', '-', '917481679V', 'shamilathabrew@gmail.com', '(078) 940-2351', '', '', '', '', '2018-07-25', 2000),
(297, 'H.M.M.P. HERATH', '-', '890350054V', 'madu.p.herath@gmail.com', '(076) 732-4142', '', '', '', '', '2018-08-05', 2000),
(298, 'M.A. THAMARA PRIYANGANA', 'BANDARA', '953002477V', 'thamarap1@gmail.com', '(071) 961-9373', '', '', '', '', '2018-08-05', 2000),
(299, 'M. IQBAL MOHOMED RISLAN', '-', '931532758V', 'rislan955@gmail.com', '(071) 169-3202', '', '', '', '', '2018-08-05', 2000),
(300, 'K.M.U.K. KULATHUNGA', '-', '950751584V', 'udarakaushalya123@gmail.com', '(071) 618-2199', '', '', '', '', '2018-08-05', 2000),
(301, 'HERATH MUDIYANSELAGE THARAKA', 'WIJEWARDHANA', '951251151v', 'wijewardhanatharu@gmail.com', '(071) 458-5585', 'yakkavita,narammala', '', '', '', '2018-09-08', 2000),
(302, 'H.A.PRADEEP NISHANTHA', 'JAYAWARDHANA', '973303538V', '', '(076) 346-8117', 'BANGALAWATTA,BAMMULLAGADARA', '2025-11-19', 'female', '', '2018-09-08', 2000),
(303, 'S.P.D.SALINDA', 'DAYANATH', '891460864V', 'salindadayanath28@gmail.com', '(077) 011-4963', 'agarauda,MAGULAGAMA', '', '', '', '2018-09-08', 2000),
(304, 'LIYANAGE SUSANTHA SAMPATH ', 'ANURAPURA', '882643960V', 'anurapura20@gmail.com', '(071) 321-5252', 'KOLONGASYAYA,BANDARAKOSWATHTHA', '1988-09-23', 'male', '', '2018-09-08', 2000),
(305, 'RARHNAYAKA MUDIYANSELAGE ANURUDDHA,SRIKANTHA', 'JAYARATHNE', '872161465V', 'anuruddasri9@gmail.com', '(071) 950-8301', 'BANDARAWATTA.MADAGAMA', '2003-08-19', 'male', '', '2018-09-08', 2000),
(306, 'KODAGODA RANADEERALAGE NIMESHA ', 'SEWWANDI', '917292701v', 'nimeshaspk@gmail.com', '(071) 098-8373', '', '', '', '', '2018-10-01', 2000),
(307, 'P.G.SUBHASH SITHIJA', 'KUMARA', '922431256v', 'sithijanet2@gmail.com', '(071) 294-4954', '', '', 'male', '', '2018-10-01', 2000),
(308, 'Sajith', 'Carrim', '200022500760', 'tsajith55@gmail.com', '(075) 586-6359', 'No 88/1,Nagolla Village road Matale', '2000-08-12', 'male', 'Student', '2020-08-16', 2000),
(309, 'D kawinda ', 'Kawshalya ', '199333204494', 'shekalimited@gmail.com', '(077) 635-3834', 'Kethmina, Namalgama , Ambanpola', '1993-11-27', 'male', '-', '2020-08-23', 2000),
(310, 'M.H.M ', 'Husni', '981382200v', 'husnihaseem01@gmail.com', '(076) 753-0597', 'Pannawa , Kobeigama', '1998-05-17', 'male', 'Civil Engineer', '2020-08-23', 2000),
(311, 'N.M.S.S.B ', 'Rathnayake', '931080458v', 'supunsaliya53@gmail.com', '(077) 735-0338', 'Hewanpola , ambakote', '1993-04-17', 'male', '-', '2020-08-23', 2000),
(312, 'Lahiru Deshan ', 'Madushanka', '932571170v', 'lahiru078d@gmail.com', '(078) 807-4480', 'Meegolla , hindagolla ', '1993-09-13', 'male', '-', '2020-08-23', 2000),
(313, 'G.D.Harshani', 'Kanchana', '946960489v', 'harshanikulathunga123@gmail.com', '(071) 247-8329', 'Parana Walauwa , Marapana , Kegalle', '1994-07-14', 'female', '-', '2020-09-06', 2000),
(314, 'N.B Haritha', 'Kouvshan', '960020570v', 'hkauvshan@gmail.com', '(076) 450-5698', '55/6 Passara Road, Viharagoda, badulla  ', '1996-01-02', 'male', '-', '2020-09-12', 2000),
(315, 'K.K Devuni ', 'Prabhadhara', '938172994v', 'devuniprabha@gmail', '(071) 754-4351', 'No 120, Palugasdamana, Polonnaruwa', '1993-11-12', 'female', '-', '2020-09-12', 2000),
(316, 'A.M Kasun', 'Bandara', '961132592v', 'kasun.brathnayaka@gmail.com', '(071) 036-2030', 'Thibbaruwa, Medagampola, Gokarella', '1996-04-22', 'male', '-', '2020-09-13', 2000),
(317, 'M.K Chathuri ', 'Dhanushika', '968302086v', 'chathuds18@gmail.com', '(071) 793-3018', '\"Somikelum\" , Unalrrya , Kithalawa ', '1996-11-25', 'female', '-', '2020-09-26', 2000),
(318, 'J.D. Midusha ', 'Monali ', '947360272v', 'midusha94@gmail.com', '(077) 102-5275', 'Thawalandana, Wewagama ', '1994-08-23', 'female', '-', '2020-09-26', 2000),
(319, 'J.S Vidarshana ', 'Samarasinghe', '966991445v', 'sachinthanividarshana96@gmail.com', '(070) 391-6113', '\" Prabhashwara \" , Werellawaththa , Thalvita ', '1996-07-17', 'female', '-', '2020-09-29', 2000),
(320, 'P.G.S Kaushalya ', 'Neththikumara', '968244027v', 'suhakaushi@gmqail.com', '(077) 907-9704', 'Queens Watta, Bawilgamuwa, Pothuhera, Kurunegala ', '1996-11-19', 'female', '-', '2020-09-26', 2000),
(321, 'P.M Kalpa ', 'Shahan', '970382488v', 'kalpashahan@gmail.com', '(077) 028-0518', 'Haggamuwa, Kuliyapitiya ', '1997-02-07', 'female', '-', '2020-09-26', 2000),
(322, 'M.B.N.B ', 'Gunathilaka', '973100688v', 'buddhinavodhagunathilaka@gmail.com', '(076) 761-9553', 'No 10, Ashoka Mawath, Kuliyapitiya', '1997-11-05', 'male', '-', '2020-09-26', 2000),
(323, 'W.D.D.K.K ', 'Dharmasiri', '672641250v', 'kumaradharmasiri2011@gmail.com', '(077) 224-4542', 'No 772, RDA Quarters, Ambanpitiya, Galigamuwa', '1967-09-20', 'male', '-', '2020-09-27', 2000),
(324, 'Rithika', 'Kularathne', '200129704561', 'ritjikakularathne@gmail.com', '(076) 703-8614', 'No 20/3,Ranundeniya Road,Kiribathkumbura', '2001-10-23', 'male', 'Batch 41', '2020-09-05', 2000),
(325, 'Ama', 'Manatunga', '200263510059', 'ama.vinmini@gmail.com', '(076) 275-2622', 'No 253,Godapola,Gelioya', '2002-05-14', 'female', 'Batch 41', '2020-09-16', 2000),
(326, 'Imesh', 'Weerasinghe', '200133503609', 'imesh.weerasinghe2001@gmail.com', '(071) 528-4132', 'No 311/12,River Place Garden,Warattenne', '2001-11-30', 'male', 'Batch 41', '2020-09-16', 2000),
(327, 'Imasha', 'Jayarathna', '967942758V', 'imashajayarathne5@gmail.com', '(071) 040-0639', 'J 116/5,Boyagoda,Atagala,Naliyadda', '1996-10-20', 'female', 'Batch 41', '2020-10-04', 2000),
(328, 'Nandun', 'Ekanayake', '992185880V', 'enandune@gmail.com', '(077) 639-8789', 'No 24,Olupotha Kumbura,Ampitiya', '1999-08-05', 'male', 'Batch 42 Individual', '2020-09-23', 2000),
(329, 'D', 'Abeyrathna', '890191096V', 'abeyrathna.sp@gmail.com', '(076) 793-7379', 'No 85/A,Polwatta,Hathraliyadda', '1989-01-20', 'male', 'Batch 01', '2020-01-02', 2000),
(330, 'Fathima', 'Hafsa', '985220930V', 'hafsaiqbaal@gmail.com', '(077) 982-3674', 'No 159/15 A,Kandy Road,Gampola', '1998-01-22', 'female', 'Batch 01', '2020-01-19', 2000),
(331, 'Hashan', 'Jayaratna', '930263230V', 'jmsmuslanka@gmail.com', '(070) 233-6122', 'No 225/A,Warallamana,Peradeniya', '1993-01-26', 'male', 'Batch 01', '2020-01-09', 2000),
(332, 'Nirmala', 'Rathnayaka', '918663657V', 'ncrathnayaka@gmail.com', '(070) 263-4847', 'No 42,Kahalla,Katugastota', '1991-12-31', 'female', 'Batch 01', '2020-10-04', 2000),
(333, 'Fathima', 'Shamla', '995831937V', 'shamm245@gmail.com', '(076) 747-0190', 'No 160/D.Boowelikada,Leemagahakotuwa', '1999-03-23', 'female', 'Batch 28', '2019-09-29', 2000),
(334, 'Mohamed', 'Shadir', '992972670V', 'mohamed.shaddersha@gmail.com', '(077) 202-0804', 'No 241/A,Illangawatte,Kahatapitiya,Gampola', '1999-10-23', 'male', 'Batch 28', '2019-11-23', 2000),
(335, 'Meganathan', 'Udayakanth', '811593796V', 'udayakanth@gmail.com', '(075) 725-5733', 'No 292-294,Kandy Road,Kossinna,Gelioya', '1981-07-06', 'male', 'Batch 28', '2020-10-04', 2000),
(336, 'Tharanga', 'Weerasekara', '926561065V', 'mails.tharanga@gmail.com', '(071) 951-0560', 'No 25,Polwatta,Ampitiya', '1992-06-04', 'female', 'Batch 28', '2019-08-02', 2000),
(337, 'SAMESH  ', 'KODITHUWAKKU', '199718203240', 'sameshnimad@gmail.com', '(077) 219-7597', '', '', 'male', '', '2020-11-14', 2000),
(338, 'A.B. KUMARA ', 'SIRIWARDHANA', '200112002182', 'abhishekmadhusha123@gmail.com', '(078) 580-8495', '', '', 'male', '', '2020-11-17', 2000),
(339, 'R.H.G.D. MADHUBASHITHA', '-', '200032701507', 'devinda145@icloud.com', '(076) 941-6915', '', '', 'male', '', '2020-11-18', 2000),
(340, 'N.A.G.M. NISSANKA', '-', '200135502857', 'mathilanissanka123@gmail.com', '(071) 286-9231', '', '', 'male', '', '2020-11-18', 2000),
(341, 'MATHEESHA PIYUMINA', '-', '200111902578', 'matheeshapiyumina@gmail.com', '(071) 922-3053', '', '', 'male', '', '2020-11-18', 2000);
INSERT INTO `student` (`std_id`, `fname`, `lname`, `nic`, `email`, `mobile`, `address`, `dob`, `gender`, `occupation`, `regDate`, `regFee`) VALUES
(342, 'K.A. NISAL CHAMITHA ', 'PERERA', '933240010V', 'nisalcperera@gmail.com', '(076) 540-6027', '', '', 'male', '', '2020-11-18', 2000),
(343, 'INDIRA WITHANA', '-', '968052411V', 'indirawithana2@gmail.com', '(076) 027-3322', '', '', 'male', '', '2020-11-18', 2000),
(344, 'G.A. SUNERA ', 'KUMARASINGHE', '920561888V', 'sksunera@gmail.com', '(077) 761-7281', '', '', 'male', '', '2020-11-18', 2000),
(345, 'U.I.G. DAMITH ', 'LAKRUWAN', '901950830V', 'damithlakruwan@gmail.com', '(077) 614-2043', '', '', 'male', '', '2020-11-18', 2000),
(346, 'J. KAJENTHIRAN', '-', '199014802268', 'j.kaja27@gmail.com', '(077) 704-6243', 'Nayanmarthidal; Thampalakamam, Trincomalee', '', 'male', '', '2020-10-04', 2000),
(347, 'D.UTHAYAKUMAR', '-', '960802209V', 'dhanush.udaya@outlook.com', '(077) 143-3555', '64/47, Bornavista Flats, Modera st. Col-15', '', 'male', '', '2020-08-19', 2000),
(348, 'J.J. DEWAPRIYA ', 'JAYAKODY', '963271387V', 'jdjayakody@gmail.com', '(077) 405-7344', 'No:11, kadana , Horana', '', 'male', '', '2020-08-22', 2000),
(349, 'M.S.P. DE CROOS', '-', '199229900077', 'shevanthadecroos@hotmail.com', '(077) 599-5562', '29/9A, Cemetry Road, Thalapathpitiya, Nugegoda.', '', 'male', '', '2020-11-19', 2000),
(350, 'W.L.A.D. HESAN', 'WELIWITA', '991963324V', 'weliwitadimal@gmail.com', '(071) 160-9341', '', '', 'male', '', '2020-10-04', 2000),
(351, 'T.H.D. ARCHANA', 'KUMARI', '946011401V', 'arch.dananji@gmail.com', '(071) 645-6489', '6/10, labeema,kadurupokuna rd, Tangalle.', '', '', '', '2020-10-02', 2000),
(352, 'J.A.G.S. JAYAKODY', '-', '932160854V', 'jags.jayakody@gmail.com', '(070) 208-5405', '231/1, Batapotha, Madelgamuwa, Gampaha.', '', 'male', '', '2020-11-19', 2000),
(353, 'M.D.D. KITHRUWAN', '-', '962260942V', 'dinujakithruwa1996@gmail.com', '(076) 715-0230', 'No:158,Niungama,Piliyandala', '', 'male', '', '2020-09-14', 2000),
(354, 'W.A. WEERASEKARA', '-', '200067402888', 'anuradhaweerasekara723@gmail.com', '(071) 150-2846', '308/4, chithra rd, pahalaimbulgoda rd, Imbulgoda.', '', 'male', '', '2020-09-27', 2000),
(355, 'S.A.L. WIMALASURIYA', '-', '956750172V', 'lakmaanthony@yahoo.com', '(076) 236-7947', 'No:63, kuruppumulla, panadura', '', 'female', '', '2020-09-27', 2000),
(356, 'S. UMESHKUMAR', '-', '200025203880', 'sk.umeshkumar0809@gmail.com', '(071) 961-2886', '189/8A, sama mawatha, nawala Rd, Nugegoda.', '', 'male', '', '2020-09-27', 2000),
(357, 'C. YOGESWARAN', '-', '896243500V', 'sajuswaran@gmail.com', '(077) 926-6143', '70 1/1,PALM RESIDENCY, PAMANKADA RD, COLOMBO 06.', '', 'male', '', '2020-09-27', 2000),
(358, 'M.A.Y. SHAYAMAL', 'MUNASINGHE', '983011721V', 'yasithashayamal24@gmail.com', '(076) 688-2192', 'No.224, I/Dammalakotuwa, Dankotuwa', '', 'male', '', '2020-09-18', 2000),
(359, 'G.A.S. SUDESH', 'GALKANDA', '199417000667', 'saminthasudesh@gmail.com', '(071) 875-9677', 'No:125/D, DambhuwaKithalwalana, Mirigama.', '', 'male', '', '2020-09-18', 2000),
(360, 'M.F.M. ATTHAS', '-', '802150580V', '', '(077) 852-8856', '92/4, sally hajiyar mawatha china fort, Beruwala.', '', 'male', '', '2020-09-13', 2000),
(361, 'A. NAZIR', 'HUSSAIN', '990631344V', 'a.n.hussain.03@gmail.com', '(076) 212-1831', '79,Temple rd colombo 10', '', 'male', '', '2020-09-12', 2000),
(362, 'SANDEEPA ', 'DEHERAGODA', '930530212V', '', '(076) 019-7333', 'No.37/6A, 2nd Lane, Nawala rd, Rajagiriya', '', 'male', '', '2020-09-10', 2000),
(363, 'C.S. NAWARATHNA', '-', '971790628V', 'ncsankalpa@gmail.com', '(077) 241-2030', 'Araliya Mawatha, thibbatugoda, pokunuwita', '', 'male', '', '2020-09-07', 2000),
(364, 'R.A. INDUNIL', 'CHAMARA', '863472784V', 'indunil.rathnayaka86@gmail.com', '(071) 803-3827', '249/14, Senasuma Place, siddimulla, Piliyandala', '', 'male', '', '2020-09-09', 2000),
(365, 'W.M.A.U. NAVODI', 'PREMARATHNE', '199851102169', 'achinipremarathne11@gmail.com', '(070) 507-6779', 'No:345/D/4, Awariwaththa Rd, Batagama North, Ja Ela.', '', 'female', '', '2020-09-05', 2000),
(366, 'R.H.A.L. SANDEEPA', 'RANASINGHE', '200001503554', 'sandeeparanasinghe2000@gmail.com', '(076) 409-6088', '31/D, Kuruduwaththa Rd, Aluthgama, Bogamuwa, Kalagedihena.', '', 'male', '', '2020-09-05', 2000),
(367, 'H.M.U.G.K.S. BANDARA', 'HERATH', '972422215V', 'kolithaherath97@gmail.com', '(076) 812-2215', '41, Ankumbura rd, Alawathugoda.', '', 'male', '', '2020-09-04', 2000),
(368, 'M.A. WIMALASURENDRA', '-', '943310700V', 'malithanushan94@gmail.com', '(071) 775-7644', 'Walagambahuwa, Maradankadawala.', '', 'male', '', '2020-09-04', 2000),
(369, 'G.S. HETTIARACHCHI', '-', '199626802642', 'gimhansenaka4@gnail.com', '(077) 668-6940', '29/2, siribaramenikepura, katubedda, moratuwa.', '', 'male', '', '2020-09-04', 2000),
(370, 'H.M.P. DHANANJAYA', 'MUNASINGHE', '990872333V', 'prabhadanajaya1524@gmail.com', '(071) 152-4735', 'Gallallegama, Kirigalwewa, Madawchchiya.', '', 'male', '', '2020-09-04', 2000),
(371, 'M.A. AYYASH', '-', '200014402720', 'ayyash.m.arch@gmail.com', '(076) 759-3170', '35 rubber factory, R.D mawanalla.', '', 'male', '', '2020-08-29', 2000),
(372, 'W.D. JAYANI ', 'SHASHIKALA', '200082904084', 'shashikalajayan767@gmail.com', '(077) 239-3981', 'No: 28/16/1, Matogod Rd, Hendala, Wattal', '', 'female', '', '2020-08-13', 2000),
(373, 'S. MEGAJAN', '-', '199710901525', 'smegaversion2.0@gmail.com', '(076) 942-7767', '81/12/A, Kalyani mw, wattala', '', 'male', '', '2020-08-29', 2000),
(374, 'M. SHERIN ', 'FERNANDO', '977593727V', 'sherinfdo6666@gmail.com', '(076) 924-4729', '123/4, Ginthupitiya street, Colombo 03.', '', 'male', '', '2020-08-29', 2000),
(375, 'A.D THANASEELAN', '-', '970702920V', 'andrewthanaseelan@hotmail.com', '(077) 797-7168', 'A6 F24, Blomendhal Flat, 00-13', '', 'male', '', '2020-08-29', 2000),
(376, 'K.P.S.B. PREMATHILAKA', '-', '200307411097', '', '(077) 807-8502', '453/A, Heenatiyana, Minuwangoda.', '', 'male', '', '2020-08-29', 2000),
(377, 'T.M.P. SUGANDIKA', 'THENNAKOON', '896360540V', 'tennakoon547@gmail.com', '(070) 247-0697', '290/2,Nekeththa, Hiriyala, Lenawa.', '', 'male', '', '2020-11-20', 2000),
(378, 'S.M. NAGASINGHE', '-', '977460816V', 'suvinimadushika80@gmail.com', '(071) 707-7274', 'No:87/29A, Jayamahavihara Rd, Paramulla, Matara.', '', 'female', '', '2020-08-29', 2000),
(379, 'S. GUNAWARDHANA', '-', '977590213V', 'samudi.gunawardhana@gmail.com', '(078) 988-2045', 'Denagama Gedara, Mapalana, Kamburupitiya, Matara.', '', 'male', '', '2020-08-29', 2000),
(380, 'M. IFLAR', 'RAIHAN', '199935210104', 'rehanrafee79@gmail.com', '(077) 927-4235', '117/5A kumaradasa place, Wellampitiya.', '', 'male', '', '2020-08-29', 2000),
(381, 'S.C. DIAS ', 'WICKRAMANAYAKE', '956981743V', 'chethanidiaz@gmail.com', '(070) 536-8899', 'palliyawaththa, Nawana, mirigama.', '', 'female', '', '2020-08-26', 2000),
(382, 'J.M.M.N.K. JAYASUNDARA', '-', '750251692V', 'jmmnk1742@gmail.com', '(071) 861-1682', 'No:404, Galaha Rd, Peradeniya, Kandy.', '', 'male', '', '2020-08-14', 2000),
(383, 'A.P.G. SURANGA', 'SILVA', '891850620V', 'surangasilva198973@gmail.com', '(076) 584-9199', 'Maguru oya waththa, Gepallawa, Uhumeeya.', '', 'male', '', '2020-08-14', 2000),
(384, 'P.R. ASANKA', 'KUMARA', '822291503V', 'prakumara@gmail.com', '(077) 362-1733', '14/D, Polwaththa Rd, Pamunuwa, Maharagama.', '', 'male', '', '2020-08-14', 2000),
(385, 'R.R. RAVINATHA', '-', '910281682V', 'rajithravinatha@gmail.com', '(076) 385-0595', '140/E/19, Vijaya Mawatha, Panapitiya, Waskaduwa.', '', 'male', '', '2020-08-14', 2000),
(386, 'R.M.G.C. NAVARATHNE', '-', '753431888V', 'geethnavarathne@gmail.com', '(076) 308-6973', 'No:176/B, Akarawita, Gampola.', '', 'male', '', '2020-08-14', 2000),
(387, 'K. MANEKA', 'THILAKARATNE', '901470111V', 'kishan.13@hotmail.com', '(077) 136-4810', '315/6, Senasuma Mawatha, Negombo Rd, Kurunegala.', '', 'male', '', '2020-08-24', 2000),
(388, 'R.P. COLOMBAGE', '-', '952970763V', 'poornakaridma@gmail.com', '(077) 497-6969', 'No:74, D.M. Colombage mawatha, Kirulapana, Colombo 05.', '', 'male', '', '2020-08-24', 2000),
(389, 'Y.R.P. MEDIS', '-', '940143411V', 'rajndu2medis@gmail.com', '(075) 523-2198', 'No: 39, Edwars Lane, Indeibedda, Moratuwa.', '', 'male', '', '2020-01-22', 2000),
(390, 'R.L. PERERA', '-', '199677402066', 'laksaraniperera5@gmail.com', '(076) 300-1369', '89, Dikhenawatte, Mattegoda.', '', 'female', '', '2020-08-19', 2000),
(391, 'Y.P. RASHITH', 'SARANGA', '200017802946', 'rashithsworld@gmail.com', '(070) 393-0007', '208/A/2, Asgiriwalpola, Udugampola.', '', 'male', '', '2020-08-19', 2000),
(392, 'W.M.N. KAVINDA ', 'BANDARA', '983010270V', 'nkavinda5@gmail.com', '(071) 039-3726', 'No:99/A, Towerisidecity, Kandawala, Katana.', '', 'male', '', '2020-08-17', 2000),
(393, 'A.M. UMAR', '-', '199933110070', 'umarmohamed1999@gmail.com', '(077) 715-4369', '32,Kurugoda, Akurana', '', 'male', '', '2020-08-16', 2000),
(394, 'K. THIPTHIHAN', '-', '200002903208', 'thihankalai@gmail.com', '(077) 844-3625', '65/16 kandasamy, kovil rd, Trincomalee.', '', 'male', '', '2020-08-16', 2000),
(395, 'M.N.M. NIFLAN', '-', '982944082V', 'mohamedmiflan854@gmail.com', '(076) 564-7418', '31/B, Kurugoda Akurana', '', 'male', '', '2020-08-16', 2000),
(396, 'P.M.P. CHAMIKA', 'JAYASINGHE', '928250466V', 'cjayasinghe092@gmail.com', '(076) 552-9782', '214/7, Cemetery Rd, Palanwaththa, Pannipitiya.', '', 'female', '', '2020-08-15', 2000),
(397, 'L.G.H. NADEE', 'RANGA', '886530609V', 'nadeeranga1988@gmail.com', '(077) 504-9855', '715/2/E, 20th lane, Muttettugoda rd, thalangama, North, Battaramulla.', '', 'male', '', '2020-08-15', 2000),
(398, 'A.J. IRSHATH', '-', '861152006V', 'irshath@outlook.com', '(077) 661-1986', '394A Central North Rd, Natpiddimunai 02, kalmunai.', '', 'male', '', '2020-08-12', 2000),
(399, 'D.S.A.A. NIRANJAN', '-', '910803360V', 'anushkand@gmail.com', '(077) 311-1045', 'Neragamuwa, Wadumunnegedara.', '', 'male', '', '2020-08-12', 2000),
(400, 'R.A.D.D.C. RANDENIYA', '-', '200026802465', 'dilanrandeniya999@gmail.com', '(076) 535-2483', '94/D, Bollatha, Ganemulla.', '', 'male', '', '2020-08-12', 2000),
(401, 'C.D.C. PERERA', '-', '958650388V', 'dhammiperera550@gmail.com', '(071) 674-7673', 'No:14,1st lane, rampart Rd, Ethul Kotte, Kotte.', '', 'female', '', '2020-11-20', 2000),
(402, 'S. SENARATH', '-', '199826601250', 'senarathsasya@gmail.com', '(077) 540-2810', 'No:748/21, katuwawala Rd, Maharagama.', '', 'male', '', '2020-08-12', 2000),
(403, 'G.D.T. DILSHAN', '-', '200024403983', 'tharakadilshan506@gmail.com', '(077) 225-9108', 'No:92/A, Wewala, Ja- Ela.', '', 'male', '', '2020-08-12', 2000),
(404, 'SHEHAN ', 'CHRISTOPER', '200112203988', 'jcshehan2@gmail.com', '(076) 538-7743', 'T/9A, Thalagolla, Ragama.', '', 'male', '', '2020-08-12', 2000),
(405, 'A. NIRMALA ', 'NANAYAKKARA', '863162319V', 'annirmala@gmail.com', '(077) 525-1395', '44C, walauwatta, Thelijjawila,81060', '', 'male', '', '2020-08-12', 2000),
(406, 'A.P.S. THISARA', 'AMARASINGHE', '953343100V', 'thisaraamarasinghe40@gmail.com', '(071) 469-8255', 'No:37, New Housing Scheme, Mirigama.', '', 'male', '', '2020-08-09', 2000),
(407, 'M.G. DANUSHKA ', 'NILANJANA', '197932104030', 'danushkagamage495@gmail.com', '(076) 919-6857', '15/36, Better Homes, Nadagamuwa, Kotugoda.', '', 'male', '', '2020-07-19', 2000),
(408, 'M.L.M. RISHMAN', '-', '983530680V', 'mrrishman98@gmail.com', '(077) 419-6649', 'No: 39/2, Muslim road, Welipenna.', '', 'male', '', '2020-07-29', 2000),
(409, 'C. SATHURSAN', '-', '199813603515', 'sathursanxyz123@gmail.com', '(077) 530-9856', 'No: 95, New Chetty Street, Colombo 13', '', 'male', '', '2020-07-27', 2000),
(410, 'SABEENA', 'ANDERSON', '199855901792', 'sabeenaanderson98@gamil.com', '(077) 349-1105', 'No. 517/17, Galle Rd, Panadura.', '', 'female', '', '2020-07-29', 2000),
(411, 'NIROSHA ', 'NADARAJAH', '925842702V', '', '(077) 273-3449', '147, Mahinda Mawatha', '', 'male', '', '2020-07-18', 2000),
(412, 'M. SANJAYA MADUSHAN ', 'PEIRIS', '962291848V', 'sanjayamadushan996@gmail.com', '(076) 796-6229', 'No:478, Meegahaela, Nikadhalupotha.', '', 'male', '', '2020-07-14', 2000),
(413, 'T.M.D.K. SOYZA', '-', '936060226V', 'deshanisoyza@gmail.com', '(071) 892-1109', '465/B/1, Gane road, Ragama.', '', 'female', '', '2020-07-12', 2000),
(414, 'S.A.I.P. SOORIYAARACHCHI', '-', '961822750V', 'ishara472@gmail.com', '(077) 805-3423', '271/1, Girana, Narangoda, Giriulla.', '', 'male', '', '2020-07-12', 2000),
(415, 'M.A. KALPA', 'CHATHURANGA', '942921160V', 'kalpaabc@gmail.com', '(077) 676-4619', '96/4, Palathuruwella, Serankada.', '', 'male', '', '2020-11-23', 2000),
(416, 'H.D.D. MANODYA', '-', '972551716V', 'danushamanadya97@gmail.com', '(070) 241-0911', 'No: 211, Thanthirimulla, Panadura.', '', 'male', '', '2020-07-10', 2000),
(417, 'RATHIGA ', 'SIVARASA', '936001190V', 'sivarathi84@gmail.com', '(077) 450-7380', '39, Fussels Lane, Colombo 06.', '', 'female', '', '2020-07-23', 2000),
(418, 'K.K.C. RUWAN ', 'ISHARA', '199736203273', 'chamikaruwan.ch@gmail.com', '(076) 382-8166', '210/E, Malkona, Pethiyagoda, gampaha.', '', 'male', '', '2020-07-06', 2000),
(419, 'K.W.M. BHANUKA ', 'KARIYAWASAM', '961740037V', 'minuwanbk96@gmail.com', '(076) 373-8629', 'Santhi Sewana, Jangulla, Hali- ela.', '', 'male', '', '2020-07-24', 2000),
(420, 'P.S. SACHINTHA', 'PEMARATHNA', '961271886V', 'pwgtours@gmail.com', '(071) 934-4120', '137/44, uanamal Uyana III, Kalagedihena.', '', 'male', '', '2020-07-06', 2000),
(421, 'R.M.I. THAKSHILA', 'RATHNAYAKE', '951810770V', 'tiroshan777@gmail.com', '(070) 261-2671', '\"santha Sire\", Aluthwela, Hali ela.', '', 'female', '', '2020-07-06', 2000),
(422, 'D.A.P. VINODYA', 'PERERA', '978303617V', 'piumivinodyac3@gmail.com', '(076) 123-1875', 'kuliyapitiya road, Ihala Galayaya, Pannala.', '', 'female', '', '2020-07-06', 2000),
(423, 'M.P.P. SWARNAMALIE', '-', '667690870V', 'swarnamalipriyantha@gmail.com', '(071) 449-5363', '64A, Thlangamuwa North, Battaramulla.', '', 'female', '', '2020-07-03', 2000),
(424, 'T.L. SANDHYA KUMARI', 'RANATHUNGA', '868302577V', 'sandya7328@gmail.com', '(077) 568-3450', 'No 42, Lanka Matha Rd, Katana', '', 'female', '', '2020-07-02', 2000),
(425, 'P.S.I.S. DAYANANDA', '-', '200383000240', 'imashidayananda@gmail.com', '(077) 006-3705', '72/5, Lesly Ranagala Mawatha, Borella, Colombo 08.', '', 'male', '', '2020-06-22', 2000),
(426, 'D. ARIWALAGAN', '-', '200036602182', 'dhilshanroney@gmail.com', '(076) 332-2617', '719/B, Negombo Rd, Mabolawattala.', '', 'male', '', '2020-03-01', 2000),
(427, 'K.H.S. MALSHA', '-', '965303014V', 'khsmalsha0130@gmail.com', '(077) 487-6782', 'No: 93, Round Rd, Katuwana', '', 'female', '', '2020-03-07', 2000),
(428, 'A.M.K.P. ALOKA', '-', '975042499V', 'paramialoka97@gmail.com', '(076) 527-9985', '22nd mile Post, Nakkala, Monaragala.', '', 'female', '', '2020-03-07', 2000),
(429, 'P.M. SOYSA', '-', '950902353V', 'pramodsoysa@yahoo.com', '(077) 064-8339', '203/3 Negambo Rd,Nagoda, Kandana.', '', 'male', '', '2020-02-29', 2000),
(430, 'M.T.I. AHMED', '-', '199923701501', 'mt.infaz@gmail.com', '(075) 837-8339', '151/16A, wolfendhal St. Colombo 13', '', 'male', '', '2020-02-23', 2000),
(431, 'M.R.M. ADHAM', '-', '991543090V', 'wwisberaza@gmail.com', '(075) 658-5816', '36/56, Mahavidyalaya mawatha, colombo 13', '', 'male', '', '2020-02-23', 2000),
(432, 'S.M. RILAN', '-', '930331066V', 'smrilan2@gmail.com', '(076) 184-8955', '36A, fathima rd, mabola, wattala.', '', 'male', '', '2020-02-23', 2000),
(433, 'W.M.N.S. KUMARA', '-', '990802122V', '', '(077) 833-3821', 'Pansala para, makandura, gonavila', '', 'male', '', '2020-02-23', 2000),
(434, 'W.K.R.I.M. WEERASEKARA', '-', '911100665V', 'weerasekara91@outlook.com', '(076) 787-1228', 'No:212, Molawaththa, kithulwala, mirigama.', '', 'male', '', '2020-02-22', 2000),
(435, 'M.A.M. HANAS', '-', '883363736V', 'hanas123@live.com', '(077) 131-7785', '12/E, marukona, Ukuwela, Matale', '', 'male', '', '2020-02-20', 2000),
(436, 'P.M.T. AKALANKA', '-', '199312901742', 'tharindu@exelholdings.lk', '(071) 789-9880', 'No: 721/4/9, Jayasuriya wella, pubudugama, uswetakeiyawa.', '', 'male', '', '2020-02-15', 2000),
(437, 'M.S. SAMDEEN', '-', '951504017V', 'saleemsamdeen1995@gmail.com', '(076) 574-2666', 'No.35, grayland city, Nilpanagoda, Minuwangoda.', '', 'male', '', '2020-02-15', 2000),
(438, 'W.S.S. FERNANDO', '-', '992410108V', 'sarindusauranga@gmail.com', '(076) 667-4922', 'No:15/B, Angampitiya,waikkala.', '', 'male', '', '2020-02-11', 2000),
(439, 'M.P.S.V. DE SILVA', '-', '947700073V', 'saaravish26@gmail.com', '(071) 147-6704', '152, waduramulla estate, Kiriberiya rd, Panadura', '', 'female', '', '2020-02-10', 2000),
(440, 'R. PALLEWATTE', '-', '940652812V', 'rpallewatte@gmail.com', '(077) 730-3846', '185/6A, Lumbini Lane, Dalugamuwa, Kelaniya', '', 'male', '', '2020-11-24', 2000),
(441, 'J.K. RAVINDRAN', '-', '200322212917', 'johnkevin6741291@gmail.com', '(076) 880-2663', '276/11A, Modera st. colombo 15', '', 'male', '', '2020-11-24', 2000),
(442, 'L.T. PETHUM', '-', '199709301144', 'thharinduliyanage777@gmail.com', '(076) 864-7636', 'Dangasara, Palapotha, Beliatta.', '', 'male', '', '2020-03-07', 2000),
(443, 'V.L. SENAVIRATHNA', '-', '963334478V', 'vihaniakshan01@gmail.com', '(070) 209-6390', 'No: 73, Majestic city Weherahena rd, Kekanadura, Matara.', '', 'male', '', '2020-03-07', 2000),
(444, 'A.M.K.W. BADARA', '-', '972401390V', 'kiavinduwathsula@gmail.com', '(071) 210-5976', 'thanayam waththa, Maholawa, Bopitiya', '', 'male', '', '2020-03-07', 2000),
(445, 'R.A.D.T. RAJAPAKSHA', '-', '977844274V', 'dharanitharindra@gmail.com', '(071) 799-8485', 'No:167, Temple Rd, Bopeththa, Urapola.', '', 'male', '', '2020-03-07', 2000),
(446, 'M.A.B.P. WIJESIRI', '-', '962570070V', 'www.buddhipiyumal2@gmail.com', '(077) 741-2075', 'No:30, Dambagirigama, Horombawa.', '', 'male', '', '2020-03-07', 2000),
(447, 'R.D.H.K. RAJAPAKSHA', '-', '978500684V', 'hansikarajapaksha08@gmail.com', '(071) 921-0080', 'Rathmatiya, Makulella, Bandarawela.', '', 'male', '', '2020-03-07', 2000),
(448, 'T.Y.V. ARACHCHI', '-', '970203540V', 'yasankathiraj@gmail.com', '(070) 213-2111', 'Bediwatta, Hettiwala, Kirinda, Puhulwela.', '', 'male', '', '2020-03-07', 2000),
(449, 'A.M.D.T.M. ATHTHANAYAKA', '-', '977131073V', 'dilkitharuka2014@gmail.com', '(076) 674-5164', 'hepola, diyakobala, bibila', '', 'male', '', '2020-03-07', 2000),
(450, 'P.A.W. KUSUMSIRI', '-', '962692737V', 'wijekusumsiri@gmail.com', '(071) 910-3494', 'No: 879, 4thy lane, maha ara, udawalawa', '', 'male', '', '2020-03-07', 2000),
(451, 'P.G.A. NILUKA', '-', '972610950V', 'ashan09171997@gmail.com', '(070) 362-5206', '31/A, Mamadala, Ambalanthota.', '', 'male', '', '2020-03-07', 2000),
(452, 'M.J.M.J. AFRI', '-', '200111402236', 'jazaafriz@gmail.com', '(077) 114-3255', '372 A/1 zam zam Road, Nintavur-04', '', 'male', '', '2020-01-14', 2000),
(453, 'A.N.N. SHAHMY', '-', '200027503168', 'naziq.sha@gmail.com', '(076) 868-7948', '720B Register lane, Sainthamarthuc17', '', 'male', '', '2020-01-14', 2000),
(454, 'W.M.D.P. PRIYADARSHANI', '-', '987270373V', 'dilaniprasadi14@gmail.com', '(075) 689-2888', 'No:119/7, Kohilawatta, Angoda', '', 'female', '', '2020-01-12', 2000),
(455, 'K.R. WEERAKODY', '-', '763161110V', 'rukshanweerakkody11@gmail.com', '(077) 788-8681', '195, shcool lane, kudabuthgamuwa, Angoda', '', 'male', '', '2020-01-12', 2000),
(456, 'J.L.S. DE SILVA', '-', '940310709V', 'lakshithadesilva1994@gmail.com', '(077) 683-6310', '95/E, Pohaddaramulla, wadduwa.', '', 'male', '', '2020-01-12', 2000),
(457, 'P.A.K.L. WIMALASINGHE', '-', '980081354V', 'kaveenwimalasinghe1998@gmail.com', '(070) 258-8655', 'No:33, Madagamuwa, Bemmulla.', '', 'male', '', '2020-01-12', 2000),
(458, 'M.S.C.Y. PERERA', '-', '200050301104', 'shenoliyeshmi@gmail.com', '(077) 021-8486', '14/2, Rathna Mawatha, 3rd Kurana, Negambo.', '', 'male', '', '2020-01-11', 2000),
(459, 'T.H.S.C. HETTIARACHCHI', '-', '941062342V', 'supunchettiarachchi@gmail.com', '(076) 841-8130', 'No: 288, Bobulla, Lenadora.', '', 'male', '', '2020-01-09', 2000),
(460, 'D.M.R.D.P. DISANAYAKA', '-', '923061975V', 'rohanadisanayaka146@gmail.com', '(077) 208-9361', 'No:28, Ethimale Wewa,monaragala.', '', 'male', '', '2020-01-09', 2000),
(461, 'K.M.N.M. ILHAM', '-', '973083040V', 'muhammadthilham@gmail.com', '(075) 663-3291', '34/5A, Sri Dharmarama Rd, Kaluthara South.', '', 'male', '', '2020-01-05', 2000),
(462, 'M.A.A.S. UDESHIKA', '-', '971610115V', 'shiharaude@icloud.com', '(071) 217-5763', 'No. 80, Ranavirugama, Wathupitiwala,Nittambuwa.', '', 'female', '', '2020-01-29', 2000),
(463, 'P.G.K.N. LIYANAGE', '-', '988570494V', 'kanishka9885@gmail.com', '(070) 302-9782', '7th Lane,Reglandestate, Boyagane, Kurunegala.', '', 'male', '', '2020-01-29', 2000),
(464, 'A.M.J.B.S. ABEKOON', '-', '977990521V', 'jayathrishamindi3@gmail.com', '(072) 565-5133', 'Anusha, gurumada, Madukotanarawa,Badalkumbura.', '', 'female', '', '2020-01-29', 2000),
(465, 'A. THUVARAHAN', '-', '952650165V', 'thuvarahan@yahoo.com', '(077) 659-8800', '34,Vivekananda Road, Wellawatte, Colombo 06', '', 'male', '', '2020-01-11', 2000),
(466, 'A.H.M.M. HAMEED', '-', '911403013V', 'muhas91@gmail.com', '(077) 500-0186', '174, Hospital Road, Nintavur-15', '', 'male', '', '2020-01-25', 2000),
(467, 'S.U. NANAYAKKARA', '-', '916430361V', 'upashanishameeka@gmail.com', '(071) 523-8592', '24/c, Polgasdeniya rd, Peradeniya', '', 'female', '', '2020-01-23', 2000),
(468, 'R.A.H.M. ABAYARATHNE', '-', '861360113V', 'hmilinda86@gmail.com', '(077) 927-2324', 'No:46/13, Kandewatta rd, Kegalle.', '', 'male', '', '2020-01-22', 2000),
(469, 'A.U. JAYASEKARA', '-', '198709303479', 'arunijayasekara@gmail.com', '(071) 240-7462', 'No:215, Opema. Galagededara.', '', 'male', '', '2020-01-23', 2000),
(470, 'H.Y.B. RANASINGHE', '-', '198430201000', 'yohan.buddika@yahoo.com', '(071) 794-3796', 'Lot 247, Herman State, 1st Satge, Dodangoda.', '', 'male', '', '2020-01-17', 2000),
(471, 'G.V.D. PRIYADARSHANI', '-', '956041589V', 'dinushapriyadarshani1995@gmail.com', '(071) 347-9595', 'deepika, Bambaralla, Meegahathanna.', '', 'male', '', '2020-01-17', 2000),
(472, 'M.Y.R. MOHAMED', '-', '981083040V', 'mymrazi123@gmail.com', '(077) 576-2046', '43/6, kurugoda, Akurana', '', 'male', '', '2020-09-06', 2000),
(473, 'RANDIKA WIJENAYAKE', '-', '972741078V', 'randika.wijenayake@gmail.con', '(077) 853-0797', '32/50 , sarvodaya mawatha , kesbewa , piliyandala', '', 'male', '', '2020-06-16', 2000),
(474, 'G.N.P. SILVA', '-', '830710345V', 'gnpsilva@yahoo.com', '(076) 509-1966', '55/5 WATTAWA ROAD,AMANDOLUWA,SEEDUWA', '', 'male', '', '2020-06-16', 2000),
(475, 'D. ABILASHINI', '-', '948450666V', 'abilashinii687@gmail.com', '(077) 280-9038', 'No. 24/28, R. H. Gunawardhana Mawatha, Badulla', '', 'female', '', '2020-06-18', 2000),
(476, 'A. MOHAMED THASLEEM', '-', '822430686V', 'thasleemaboo1982@gmail.com', '(077) 035-1143', '42 naduuteevu mutur 07 trinco ', '', 'male', '', '2020-06-19', 2000),
(477, 'N.MOHAMED HUSSAIN', '-', '199408503346', 'hussain19940325@gmail.com', '(076) 905-2478', 'M35 hijra nager pottuvil 26', '', 'male', '', '2020-06-20', 2000),
(478, 'KUNASEKARAM JANATTRAJ', '-', '972292117V', 'janattrajkrkm@gmail.com', '(077) 898-4193', '3rd cross, Cheddiyar road, Kurukkalmadam, Batticaloa ', '', 'male', '', '2020-06-20', 2000),
(479, 'M.N. ASHANE PRAMUKA WAAS', '-', '199935710268', 'waasashane@gmail.com', '(077) 707-6393', '371/C, West Nainamadama, Nainamadama', '', 'male', '', '2020-07-20', 2000),
(480, 'H.R. ISURU ASINTHA', '-', '953310201V', 'isuruasin@gmail.com', '(070) 265-5975', 'New colony, Gamagoda, Kalutara', '', '', '', '2020-07-21', 2000),
(481, 'M. MADUSHANKA SILVA', '-', '910612166V', 'menaka155@gmail.com', '(071) 162-7927', '771/D , Polhena Road, Kohalwila,Kelaniya', '', 'male', '', '2020-07-21', 2000),
(482, 'K.G. CHARITH JEEWANTHA KAPUMULLA', '-', '932962535V', 'jeewanthakapumulla@gmail.com', '(077) 589-4078', 'Palliyawatta, Delvita, Rideegama', '', 'male', '', '2020-08-01', 2000),
(483, 'UDARI MOHOTTI-', '-', '937852142V', 'uam093@gmail.com', '(071) 084-5358', '59, Uda Eriyagama, Peradeniya ', '', 'female', '', '2020-08-01', 2000),
(484, 'GAMAGE SAMEEN', '-', '933662772V', 'gamagesameens47@gmail.com', '(070) 217-7934', 'No 07, Ellewela, Hakmana', '', 'male', '', '2020-08-02', 2000),
(485, 'R.A.S. ASANKA', '-', '813662795V', 'sumudu.ramanayake@yahoo.com', '(077) 478-5428', '54/5A, Nimal R Pieris Mawatha , Thalawathugoda', '', 'male', '', '2020-08-07', 2000),
(486, 'G.H.M.D.C. SAMPATH KUMARA', '-', '921362242V', 'chathuras@live.com', '(145) 226-0515', 'Kukulala watta, Ginimellagaha.', '', 'male', '', '2020-08-08', 2000),
(487, 'K. RANDIKA FERNANDO', ' COMESTER', '852352078V', 'rcomester@gmail.com', '(141) 028-0661', '19 Straun Road Mickleham 3064 Australia ', '', 'male', '', '2020-08-08', 2000),
(488, 'T.A.A. HANSANI ALWIS', '-', '896570919V', 'rhl.hansi@gmail.com', '(077) 510-9072', 'Elpitiya rd; Angagoda , Bentota .', '', 'female', '', '2020-08-09', 2000),
(489, 'NIRMALENDRAN NEROOSHAN', '-', '841302753V', 'neroosh84@gmail.com', '(896) 224-5___', 'D8- 204, Rimba Estate', '', 'male', '', '2020-06-02', 2000),
(490, 'K.B. PERERA BOGODAGE', '-', '199413510014', 'kusalperera1994@gmail.com', '(074) 033-2129', '65B Vijayanganee lane, sarathchandra Dias Mw Pamunuwila Gonawala Sri Lanka', '', 'male', '', '2020-10-14', 2000),
(491, 'D. PRASHANTHAN', '-', '850120250V', 'dprasanthan@gmail.com', '(077) 222-8820', 'No298-3/1,R A De Mel Mawatha, Colombo 03', '', 'male', '', '2020-10-15', 2000),
(492, 'J. WEERAKOON', '-', '938590400V', 'jayendraweerakoon@gmail.com', '(076) 499-9641', 'No 274, Galle road, Kalutara south.', '', 'male', '', '2020-10-16', 2000),
(493, 'SHAMIL AHAMED', '-', '981711769V', 'shamilahamed1998@gmail.com', '(075) 813-8139', 'No.20 neerottumuni vellaimanal chainabay', '', 'male', '', '2020-10-22', 2000),
(494, 'B.A.T.N. BAMUNUSINGHE', '-', '923593381V', 'tharindubamunusinha@gmail.com', '(076) 863-2883', '1/200, ILLUKGODAROAD, GALDUDUPITA, RAGAMA', '', 'male', '', '2020-10-23', 2000),
(495, 'ASELA ATHTHANAYAKE', '-', '820943732V', 'aselapvt@gmail.com', '(077) 803-8449', '137/1, Poorwarama Road, Kirulapona, colombo 05.', '', 'male', '', '2020-10-27', 2000),
(496, 'NIMESHA NANAYAKKARA', '-', '938473528V', 'nanayakkaranimesha@gmail.com', '(077) 033-4900', '400/16, Sapugahawaththa, Dodangoda, Kalutara', '', 'male', '', '2020-09-12', 2000),
(497, 'R. IMESH FERNANDO', '-', '893030875V', 'ruvinfernando@gmail.com', '(077) 272-6603', 'No:63,Samudrasanna Rd, Mt. Lavania.', '', 'male', '', '2020-09-04', 2000),
(498, 'M.C. HASUN MALDENIYA', '-', '960892810V', 'chanakahsu@gmail.com', '(071) 971-2117', 'No:16/A, Pushparama mawatha, Dunagaha.', '', 'male', '', '2020-08-30', 2000),
(499, 'G.V. JANITHA DILRUKASHA', '-', '900534701V', 'janithadilruksha@gmail.com', '(071) 701-2949', '584/1/4, sagabo mawatha, Maxola North, Makola', '', 'male', '', '2020-08-16', 2000),
(500, 'R.M. LAHIRU SANDAKELUM', 'RATHNAYAKE', '891310030V', 'lahirumc@ymail.com', '(076) 532-5882', '28/1 A, Polwatta, Panniyapitiya', '', 'male', '', '2020-08-16', 2000),
(501, 'S. THISAL GAMALATHGE', '-', '960710681V', 'sanurathisal123@gmail.com', '(075) 719-9040', '623/2/c, Kendaliyadda Paluwa, Thewatta, Ragama.', '', 'male', '', '2020-08-17', 2000),
(502, 'R. LAHIRU GIMHANA', '-', '199727201476', 'lgimhana0928@gmail.com', '(078) 625-1146', '25, wedawaththa Rd, Meetiyagoda.', '', 'male', '', '2020-08-22', 2000),
(503, 'E.A.I.E. EKANAYAKE', '-', '717222873V', '', '(071) 846-4302', '396 1/G, NAGAHA MAWATHA, PELANWATTA, PANNIPITIYA.', '', 'male', '', '2020-07-02', 2000),
(504, 'H.B. MEKALA ANJALEE', '-', '976091418V', 'mekalaanjalee@gmail.com', '(071) 531-6617', 'Danwatta Kade, Ranthagoda', '', 'female', '', '2020-03-07', 2000),
(505, 'S. MANDISHA RUWANPATHIRANA', '-', '977920515V', 'sandalimandisha@gmail.com', '(076) 585-4033', 'sandasi, Borollegedara, hewagewatta, Kekanadura, Matara.', '', 'female', '', '2020-03-07', 2000),
(506, 'D.L.D. KUMUDITHA KALHAN', '-', '199603200271', 'kumudithakalhan95@gmail.com', '(071) 545-9198', 'nahalla, naboda', '', 'male', '', '2020-03-07', 2000),
(507, 'D.W. VISHMI KAUSHALYA', '-', '985302995V', 'vishmikaushalya98@gmail.com', '(070) 299-4072', 'palawaththa, madiha east, matara', '', 'female', '', '2020-03-07', 2000),
(508, 'S.S. LOKU GAMAGE', '-', '967690139V', 'sandunisitharalokugamage@gmail.com', '(070) 316-5921', 'Isuru, Wathumulla Rd, Modarawana, Beliatta.', '', 'male', '', '2020-03-07', 2000),
(509, 'D.M.W.A.W. BANDARA SENARATHNE', '-', '972111392V', 'anuradhasenarathne97@gmail.com', '(078) 737-5299', 'walakulpola, kurunegala.', '', 'male', '', '2020-03-07', 2000),
(510, 'S.D. BADUNI RUWANTHIKA', 'CHANDRASOMA', '976450671V', 'baduniruwanthika@gmail.com', '(078) 207-7522', '374/1, wewagedara, Hindagolla.', '', 'male', '', '2020-12-01', 2000),
(511, 'H.L. SOORIYAARACHCHI', '-', '966971096V', 'harshanilakmali037@gmail.com', '(070) 534-0342', 'No:53, Kandangamuwa, Lokuwagoda', '', 'female', '', '2020-03-08', 2000),
(512, 'H.H.I. MADHAWA FERNANDO', '-', '970921095V', 'isurumadhuwasony@gmail.com', '(076) 729-4948', 'Isuru, Maha Yala, Anguruwathota.', '', 'male', '', '2020-03-08', 2000),
(513, 'G.M. AATHEEF', '-', '993142026V', 'mohammedaatheef2@gmail.com', '(077) 658-5914', '141/1, vilinayadiy 02, sammanthurani', '', 'male', '', '2020-03-10', 2000),
(514, 'C. DILSHAN WIJETHUNGA', '-', '982201357V', 'chamindudilshan1289@gmail.com', '(077) 144-3938', 'Chamindu, Jayasekara mawatha, Puwakdandawa Beliatta.', '', 'male', '', '2020-03-14', 2000),
(515, 'K. RAVEENDRANATHAN', '-', '200252610129', 'rkrishni02lyc@gmail.com', '(071) 271-3002', '198/12', '0198-12-01', 'male', '', '2020-02-01', 2000),
(516, 'B.H.N.N. THARANGA FERNANDO', '-', '965170901V', 'natasha.nayanatharanga@gmail.com', '(071) 263-4452', 'No:09, Angampitiya East, Waikkala.', '', 'male', '', '2020-02-01', 2000),
(517, 'A.S. MUHAMMEDH AKBAR', '-', '199832410375', 'muhammedhakbar98@gmail.com', '(076) 732-3778', '2B, Charles Place, Dehiwala.', '', 'male', '', '2020-02-02', 2000),
(518, 'K.B.M.K.T. BANDARA', '-', '200029301872', 'kusalb50@gmail.com', '(071) 425-6955', '109/B, Walpola, Ragama.', '', 'male', '', '2020-02-02', 2000),
(519, 'I.S. NELUSHA AMARASEKERA', '-', '200068302712', 'seminiama@gmail.com', '(077) 726-4408', '15/14 A, 1st Lane, Madawelikada Rd, Rajagiriya.', '', 'female', '', '2020-02-05', 2000),
(520, 'K. CHINTHAKA KUMBUKAGE', '-', '733191996V', 'kumbukage@yahoo.com', '(077) 726-0629', '117, Kumguka North, Gonapola.', '', 'male', '', '2020-02-07', 2000),
(521, 'MALITH ', 'HEWAVITHARANA', '923020438V', 'malithahewavitharana92@gmail.com', '(071) 099-9248', '117/9, sadahm mawatha, walpola, angoda.', '', 'male', '', '2020-02-08', 2000),
(522, 'A.R. MOHAMED USAMA', '-', '983151892V', 'usamarilah1998@gmail.com', '(077) 606-5053', '22/3B, Nakeem Haijar Palace, china fort, Beruwala', '', 'male', '', '2020-02-09', 2000),
(523, 'M.O. VIMUKTHI UDAYANGANA', '-', '200400512826', 'oshadhavimukti1234@gmail.com', '(077) 348-7972', '155/4, Ugglla rd, padukka', '', 'male', '', '2020-02-09', 2000),
(524, 'T.Y. SENANAYAKE', '-', '972191051V', 'thevindu.senanayake@gmail.com', '(071) 541-3533', '50/5B, siripa rd, colombo 5', '', 'male', '', '2020-02-09', 2000),
(525, 'P.K.G.M. kANISHKA ABEYWARDENA', '-', '982801923V', 'glenne2000@gmail.com', '(077) 637-5269', '141, demel rd, laxapathiya, Moratuwa.', '', 'female', '', '2020-02-10', 2000),
(526, 'K.R.S. YAPA GUNAWARDANA', '-', '973042793V', 'rashminada97@gmail.com', '(070) 292-1378', '7/1, gunarathana Rd, panadura.', '', 'male', '', '2020-02-10', 2000),
(527, 'H.P.C. NIWANKA ', 'HEWASINGHA', '992330333V', 'chamithniwanka99@gmail.com', '(071) 601-2275', '17, maithree mawatha, banduragoda rd, veyangoda,', '', 'male', '', '2020-02-11', 2000),
(528, 'B.A. ISHAMI BUDDHIKA', '-', '935480337V', 'balasuriya.isha@gmail.com', '(076) 634-6888', 'No:36/2, jayapura, jayamawatha, kottawa, pannipitiya', '', 'female', '', '2020-02-15', 2000),
(529, 'JACKSON KANTHASAMY', '-', '943143412V', 'jacksonleema9@gmail.com', '(077) 482-8745', 'main street, kandawalai, kilinochchi', '', 'male', '', '2020-02-20', 2000),
(530, 'S.D. RUWAN CHAMARA', '-', '903031026V', 'sdr.chamara@gmail.com', '(076) 554-5050', '10th post, udugama, yagirala', '', 'male', '', '2020-02-16', 2000),
(531, 'RAMANAN SHANAARTHANAN', '-', '993311839V', 'evashan1999@gmail.com', '(076) 610-1388', 'No. 244, dockyard Road, Trincomalee', '', 'male', '', '2020-02-20', 2000),
(532, 'A.M.N. MOHAMED', '-', '950963450V', 'abdulmalik1nm@gmail.com', '(077) 479-4643', '32, ampara rd, pattiyadipitty, akkarapattu', '', 'male', '', '2020-02-16', 2000),
(533, 'W.I. CHARITH DISSANAYAKE', '-', '199701603697', 'wisurucd@gmail.com', '(071) 726-4881', '486/11, debagalawatta, millawa', '', 'male', '', '2020-02-22', 2000),
(534, 'K. CHAMAL DINUSHA', '-', '901791481V', 'lchamaldinusha@gmail.com', '(071) 897-3756', 'Isuru, GanegodaKaragoda, Uyangoda, Matara', '', 'male', '', '2020-02-20', 2000),
(535, 'N. DANANAJAYA AMARASINGHE', '-', '911630567V', 'ndananjaya22@gmail.com', '(077) 153-1828', '38/2, hekitta Rd, wattala', '', 'male', '', '2020-02-20', 2000),
(536, 'G.M.U. KATHARI DE SILVA', '-', '967020451V', 'ureshakathari2@gmail.com', '(076) 646-4316', 'pothuwagonna, kul thambagalla', '', 'female', '', '2020-02-22', 2000),
(537, 'G.K.C.D. KUMARASIRI', '-', '771480160V', 'kumarasiri2010@yahoo.com', '(077) 234-7884', 'No:17/16A, Bomaluwa waththa rd, Polwatta Pannipitiya.', '', 'male', '', '2020-02-27', 2000),
(538, 'B.M.C. DHAMMIKA SARATHCHANDRA', '-', '743363515V', 'bmcdsara@yahoo.com', '(076) 855-7749', '10/8, kubukgoda pokuna rd, udahamulla nugegoda.', '', 'male', '', '2020-02-27', 2000),
(539, 'M.K. NAOMI FERNANDO', '-', '866373574V', 'xtkeshi@gmail.com', '(077) 284-4916', '5/2, weerakoon gardens, kandy', '', 'female', '', '2020-02-24', 2000),
(540, 'W.A. THIVODYA SUPUNI', '-', '978393403V', 'thivodyasupuni1997tk@icloud.com', '(070) 453-4728', '73/J, Temple Rd, Ganemulla.', '', 'male', '', '2020-02-24', 2000),
(541, 'K.G.S. KELUM JAYARATHNA', '-', '821551668V', 'sanjeewa63@gmail.com', '(077) 645-6850', 'No:261/K/1, Doranagoda West, Udugampola.', '', 'male', '', '2020-12-01', 2000),
(542, 'W.M.S. PARINDA', '-', '881891948V', 'parinda1988@gmail.com', '(077) 349-5334', 'No:73, Vijayaraja mawatha, Dangolle, Kandy.', '', 'male', '', '2020-12-01', 2000),
(543, 'W.A. RASHMILA FERNANDO', '-', '200067502042', 'rush2himidiyas@gmail.com', '(071) 215-7604', '2/24, egidawatta rd, sea beach , chillaw', '', 'female', '', '2020-02-28', 2000),
(544, 'S.M.D. NIRMANI CHANDULA', '-', '200071301475', 'rush2himidiyas@gmail.com', '(076) 464-5873', 'No.04 st marys rd, bandarawatta, kakkapalliya', '', 'male', '', '2020-02-28', 2000),
(545, 'D.I.R. DE SILVA', '-', '913272609V', 'ishanranga@gmail.com', '(077) 716-8833', '744, pannipitya rd, battaramulla', '', 'male', '', '2020-02-27', 2000),
(546, 'K.G. SHAINI THARAKA', '-', '975100782V', 'kgs.tharaka@gmail.com', '(071) 176-1333', '12/A, delhenard, Ginigathhena', '', 'female', '', '2020-02-29', 2000),
(547, 'V. SOORIYAKANTHA', '-', '912991580V', 'sooriyakantha25@gmail.com', '(077) 885-6029', 'Ampan. kusaththani, jaffna', '', 'male', '', '2020-02-29', 2000),
(548, 'NAVISHKA NIRMAN', '-', '992621141V', '', '(070) 217-0225', '101, Thibirigaskatuwa, Negombo.', '', 'male', '', '2020-12-01', 2000),
(549, 'L. LUSHANTHAN', '-', '922871990V', 'lushanth@gmail.com', '(076) 530-8200', '59, Lower s. Andrews Place, colombo 05', '', 'male', '', '2020-03-07', 2000),
(550, 'R. NADEEJAYA SILVA', '-', '199918600215', 'ravindumsc1999@gmail.com', '(077) 953-8034', '25/182 Runmal Place, Base Line Rd, Thibirigaskatuwa', '', 'male', '', '2020-03-02', 2000),
(551, 'MAHENDRAM AMRAM', '-', '199331703283', 'amrammahendiram@gmail.com', '(077) 117-6711', '478 Poiddy achelu, neervely, valikamam koay, jaffana', '', 'male', '', '2020-12-01', 2000),
(552, 'H.D. UPUL INDRAJITH', '-', '197208600708', 'upuli@accessengsl.com', '(077) 300-2076', '273/A, Gunasekara Mawatha, Kamburugamuwa.', '', 'male', '', '2020-03-01', 2000),
(553, 'A.R. SUGATH KUSUMTHILAKA', '-', '198409000940', 'ardjayakoditha@gmail.com', '(077) 780-0308', '110,250, polwagajanapadaya, Ampara.', '', 'male', '', '2020-03-01', 2000),
(554, 'S.P. SANDARUWAN SANDANAYAKA', '-', '971301813V', 'prasadsadaruwan860@gmail.com', '(071) 258-3254', '332, Delkanda Kelawara, Paragasthota.', '', 'male', '', '2020-03-01', 2000),
(555, 'U. IROSHAN DISSANAYAKE', '-', '972162817V', 'udeshdissanayake83@gmail.com', '(070) 482-1264', '301/7, Prison rd, Meligama, ragama.', '', 'male', '', '2020-03-01', 2000),
(556, 'K.W.C.D. AMARASENA', '-', '199366303420', 'dinithikohiliyadde@gmail.com', '(071) 757-8847', 'Navoda, yatigalagewaththa, Angulmaduwa.', '', 'male', '', '2020-01-05', 2000),
(557, 'H.D.V. METHSARA ', 'PATHIRANA', '199831700161', 'hdvmpathirana@gmail.com', '(077) 866-2497', '1060/c, wendeai watta, dambuwa , ragama', '', 'male', '', '2020-01-08', 2000),
(558, 'T. PRAVEENA GODAKANDA', '-', '966511214V', 'tharushipraveena96@gmail.com', '(076) 917-9030', '156/c/2, palmgrove estate, veyangoda.', '', 'female', '', '2020-01-08', 2000),
(559, 'G.D.D. NIWANTHA GALAGEDARA', '-', '943643334V', 'dhanukagalagedra@gmail.com', '(071) 368-5568', '108/4, vijithavabshrama rd, dedigamuwa.', '', 'male', '', '2020-01-08', 2000),
(560, 'VISHVA OPANAYAKA', '-', '971023945V', 'hdcishva@gmail.com', '(071) 386-8968', '1/5,wattabuge, hiran, panadura', '', 'male', '', '2020-01-08', 2000),
(561, 'P. ANUTHTHARA ARAMPOLA', '-', '958110545V', 'anuththaraprasadi95@gmail.com', '(071) 167-2075', 'No.683, stage II, Anuradhapura', '', 'male', '', '2020-01-08', 2000);

-- --------------------------------------------------------

--
-- Table structure for table `student_branch`
--

CREATE TABLE `student_branch` (
  `std_id` varchar(50) NOT NULL,
  `branch_id` varchar(50) NOT NULL
) ENGINE=MyISAM DEFAULT CHARSET=latin1;

--
-- Dumping data for table `student_branch`
--

INSERT INTO `student_branch` (`std_id`, `branch_id`) VALUES
('1', '202'),
('2', '202'),
('3', '202'),
('4', '202'),
('5', '202'),
('6', '202'),
('7', '202'),
('8', '202'),
('9', '202'),
('10', '202'),
('11', '202'),
('12', '202'),
('13', '202'),
('14', '202'),
('15', '202'),
('16', '202'),
('17', '202'),
('18', '202'),
('19', '202'),
('20', '202'),
('21', '202'),
('22', '202'),
('23', '202'),
('24', '202'),
('25', '202'),
('26', '202'),
('27', '202'),
('28', '202'),
('29', '202'),
('30', '202'),
('31', '202'),
('32', '202'),
('33', '202'),
('34', '202'),
('35', '202'),
('36', '202'),
('37', '202'),
('38', '202'),
('39', '202'),
('40', '202'),
('41', '202'),
('42', '202'),
('43', '202'),
('44', '202'),
('45', '202'),
('46', '202'),
('47', '202'),
('48', '202'),
('49', '202'),
('50', '202'),
('51', '202'),
('52', '202'),
('53', '202'),
('54', '202'),
('55', '202'),
('56', '202'),
('57', '202'),
('58', '202'),
('59', '202'),
('60', '202'),
('61', '202'),
('62', '202'),
('63', '202'),
('64', '202'),
('65', '202'),
('66', '202'),
('67', '202'),
('68', '202'),
('69', '202'),
('70', '202'),
('71', '202'),
('72', '202'),
('73', '202'),
('74', '202'),
('75', '202'),
('76', '202'),
('77', '201'),
('78', '201'),
('79', '201'),
('80', '201'),
('81', '201'),
('82', '201'),
('83', '201'),
('84', '201'),
('85', '201'),
('86', '201'),
('87', '201'),
('88', '201'),
('89', '201'),
('90', '202'),
('91', '202'),
('92', '202'),
('93', '202'),
('95', '202'),
('96', '202'),
('97', '202'),
('98', '202'),
('99', '202'),
('100', '200'),
('101', '202'),
('102', '202'),
('103', '202'),
('104', '202'),
('105', '202'),
('106', '202'),
('107', '202'),
('108', '202'),
('109', '202'),
('110', '201'),
('111', '201'),
('112', '201'),
('113', '201'),
('114', '201'),
('115', '201'),
('116', '201'),
('117', '201'),
('118', '200'),
('119', '200'),
('120', '200'),
('121', '200'),
('122', '200'),
('123', '200'),
('124', '200'),
('125', '200'),
('126', '200'),
('127', '200'),
('128', '200'),
('129', '200'),
('130', '200'),
('131', '200'),
('132', '200'),
('133', '200'),
('134', '200'),
('135', '200'),
('136', '200'),
('137', '200'),
('138', '200'),
('139', '200'),
('140', '200'),
('141', '200'),
('142', '200'),
('143', '200'),
('144', '200'),
('145', '200'),
('146', '200'),
('147', '200'),
('148', '200'),
('149', '200'),
('150', '200'),
('151', '200'),
('152', '200'),
('153', '200'),
('154', '202'),
('155', '200'),
('156', '200'),
('157', '200'),
('158', '200'),
('159', '200'),
('160', '200'),
('161', '200'),
('162', '200'),
('163', '200'),
('164', '200'),
('165', '200'),
('166', '200'),
('167', '200'),
('168', '200'),
('169', '200'),
('170', '200'),
('171', '200'),
('172', '200'),
('173', '200'),
('174', '200'),
('175', '200'),
('176', '200'),
('177', '200'),
('178', '200'),
('179', '200'),
('180', '200'),
('181', '202'),
('182', '202'),
('183', '202'),
('184', '202'),
('185', '202'),
('186', '202'),
('187', '202'),
('188', '202'),
('189', '202'),
('190', '200'),
('191', '200'),
('192', '200'),
('193', '200'),
('194', '200'),
('195', '200'),
('196', '200'),
('197', '202'),
('198', '201'),
('199', '201'),
('200', '201'),
('201', '201'),
('202', '201'),
('203', '201'),
('204', '201'),
('205', '202'),
('206', '202'),
('207', '202'),
('208', '202'),
('209', '202'),
('210', '202'),
('211', '202'),
('212', '200'),
('213', '200'),
('214', '200'),
('215', '200'),
('216', '200'),
('217', '200'),
('218', '200'),
('219', '200'),
('220', '200'),
('221', '200'),
('222', '200'),
('223', '200'),
('224', '200'),
('225', '200'),
('226', '200'),
('227', '200'),
('228', '200'),
('229', '200'),
('230', '200'),
('231', '200'),
('232', '200'),
('233', '200'),
('234', '200'),
('235', '200'),
('236', '200'),
('237', '200'),
('238', '200'),
('239', '200'),
('240', '200'),
('241', '200'),
('242', '200'),
('243', '200'),
('244', '200'),
('245', '200'),
('246', '200'),
('247', '200'),
('248', '202'),
('249', '202'),
('250', '202'),
('251', '202'),
('252', '202'),
('253', '202'),
('254', '202'),
('255', '202'),
('256', '202'),
('257', '202'),
('258', '202'),
('259', '202'),
('260', '202'),
('261', '202'),
('262', '202'),
('263', '202'),
('264', '202'),
('265', '202'),
('266', '202'),
('267', '202'),
('268', '202'),
('269', '202'),
('270', '202'),
('271', '202'),
('272', '202'),
('273', '202'),
('274', '202'),
('275', '202'),
('276', '202'),
('277', '202'),
('278', '202'),
('279', '202'),
('280', '202'),
('281', '202'),
('282', '202'),
('283', '202'),
('284', '202'),
('285', '202'),
('286', '202'),
('287', '202'),
('288', '202'),
('289', '202'),
('290', '202'),
('291', '202'),
('292', '202'),
('293', '202'),
('294', '202'),
('295', '202'),
('296', '202'),
('297', '202'),
('298', '202'),
('299', '202'),
('300', '202'),
('301', '202'),
('302', '202'),
('303', '202'),
('304', '202'),
('305', '202'),
('306', '202'),
('307', '202'),
('308', '201'),
('309', '202'),
('310', '202'),
('311', '202'),
('312', '202'),
('313', '202'),
('314', '202'),
('315', '202'),
('316', '202'),
('317', '202'),
('318', '202'),
('319', '202'),
('320', '202'),
('321', '202'),
('322', '202'),
('323', '202'),
('324', '201'),
('325', '201'),
('326', '201'),
('327', '201'),
('328', '201'),
('329', '201'),
('330', '201'),
('331', '201'),
('332', '201'),
('333', '201'),
('334', '201'),
('335', '201'),
('336', '201'),
('337', '210'),
('338', '210'),
('339', '210'),
('340', '210'),
('341', '210'),
('342', '210'),
('343', '210'),
('344', '210'),
('345', '210'),
('346', '210'),
('347', '210'),
('348', '210'),
('349', '210'),
('350', '210'),
('351', '210'),
('352', '210'),
('353', '210'),
('354', '210'),
('355', '210'),
('356', '210'),
('357', '210'),
('358', '210'),
('359', '210'),
('360', '210'),
('361', '210'),
('362', '210'),
('363', '210'),
('364', '210'),
('365', '210'),
('366', '210'),
('367', '210'),
('368', '210'),
('369', '210'),
('370', '210'),
('371', '210'),
('372', '210'),
('373', '210'),
('374', '210'),
('375', '210'),
('376', '210'),
('377', '210'),
('378', '210'),
('379', '210'),
('380', '210'),
('381', '210'),
('382', '210'),
('383', '210'),
('384', '210'),
('385', '210'),
('386', '210'),
('387', '210'),
('388', '210'),
('389', '210'),
('390', '210'),
('391', '210'),
('392', '210'),
('393', '210'),
('394', '210'),
('395', '210'),
('396', '210'),
('397', '210'),
('398', '210'),
('399', '210'),
('400', '210'),
('401', '210'),
('402', '210'),
('403', '210'),
('404', '210'),
('405', '210'),
('406', '210'),
('407', '210'),
('408', '210'),
('409', '210'),
('410', '210'),
('411', '210'),
('412', '210'),
('413', '210'),
('414', '210'),
('415', '210'),
('416', '210'),
('417', '210'),
('418', '210'),
('419', '210'),
('420', '210'),
('421', '210'),
('422', '210'),
('423', '210'),
('424', '210'),
('425', '210'),
('426', '210'),
('427', '210'),
('428', '210'),
('429', '210'),
('430', '210'),
('431', '210'),
('432', '210'),
('433', '210'),
('434', '210'),
('435', '210'),
('436', '210'),
('437', '210'),
('438', '210'),
('439', '210'),
('440', '210'),
('441', '210'),
('442', '210'),
('443', '210'),
('444', '210'),
('445', '210'),
('446', '210'),
('447', '210'),
('448', '210'),
('449', '210'),
('450', '210'),
('451', '210'),
('452', '210'),
('453', '210'),
('454', '210'),
('455', '210'),
('456', '210'),
('457', '210'),
('458', '210'),
('459', '210'),
('460', '210'),
('461', '210'),
('462', '210'),
('463', '210'),
('464', '210'),
('465', '210'),
('466', '210'),
('467', '210'),
('468', '210'),
('469', '210'),
('470', '210'),
('471', '210'),
('472', '210'),
('473', '210'),
('474', '210'),
('475', '210'),
('476', '210'),
('477', '210'),
('478', '210'),
('479', '210'),
('480', '210'),
('481', '210'),
('482', '210'),
('483', '210'),
('484', '210'),
('485', '210'),
('486', '210'),
('487', '210'),
('488', '210'),
('489', '210'),
('490', '210'),
('491', '210'),
('492', '210'),
('493', '210'),
('494', '210'),
('495', '210'),
('496', '210'),
('497', '210'),
('498', '210'),
('499', '210'),
('500', '210'),
('501', '210'),
('502', '210'),
('503', '210'),
('504', '210'),
('505', '210'),
('506', '210'),
('507', '210'),
('508', '210'),
('509', '210'),
('510', '210'),
('511', '210'),
('512', '210'),
('513', '210'),
('514', '210'),
('515', '210'),
('516', '210'),
('517', '210'),
('518', '210'),
('519', '210'),
('520', '210'),
('521', '210'),
('522', '210'),
('523', '210'),
('524', '210'),
('525', '210'),
('526', '210'),
('527', '210'),
('528', '210'),
('529', '210'),
('530', '210'),
('531', '210'),
('532', '210'),
('533', '210'),
('534', '210'),
('535', '210'),
('536', '210'),
('537', '210'),
('538', '210'),
('539', '210'),
('540', '210'),
('541', '210'),
('542', '210'),
('543', '210'),
('544', '210'),
('545', '210'),
('546', '210'),
('547', '210'),
('548', '210'),
('549', '210'),
('550', '210'),
('551', '210'),
('552', '210'),
('553', '210'),
('554', '210'),
('555', '210'),
('556', '210'),
('557', '210'),
('558', '210'),
('559', '210'),
('560', '210'),
('561', '210');

-- --------------------------------------------------------

--
-- Table structure for table `student_course`
--

CREATE TABLE `student_course` (
  `std_course_id` int(50) NOT NULL,
  `std_id` int(200) NOT NULL,
  `course_id` int(200) NOT NULL,
  `sc_date` varchar(100) DEFAULT NULL,
  `course_dur` varchar(10) DEFAULT NULL
) ENGINE=MyISAM DEFAULT CHARSET=latin1;

--
-- Dumping data for table `student_course`
--

INSERT INTO `student_course` (`std_course_id`, `std_id`, `course_id`, `sc_date`, `course_dur`) VALUES
(1, 1, 9, '2017-10-02', '2'),
(2, 2, 9, '2017-10-02', '2'),
(3, 3, 1, '2017-10-03', '4'),
(4, 4, 1, '2017-10-03', '4'),
(5, 5, 13, '2017-10-03', '3'),
(6, 6, 13, '2017-10-03', '3'),
(7, 7, 3, '2017-10-03', '2.5'),
(8, 8, 1, '2017-10-03', '4'),
(9, 9, 1, '2017-10-03', '4'),
(10, 10, 13, '2017-09-17', '3'),
(11, 11, 7, '2017-09-17', '3'),
(12, 12, 7, '2017-09-17', '3'),
(13, 13, 7, '2017-09-17', '3'),
(14, 14, 4, '2017-09-24', '2.5'),
(15, 9, 12, '2017-10-04', '3'),
(16, 9, 3, '2017-10-04', '2.5'),
(17, 8, 3, '2017-10-04', '2.5'),
(18, 6, 4, '2017-10-04', '2.5'),
(19, 15, 12, '2017-10-07', '3'),
(20, 16, 1, '2017-02-03', '4'),
(21, 17, 1, '2017-02-11', '4'),
(22, 18, 5, '2017-02-17', '8'),
(23, 19, 3, '2017-02-18', '2.5'),
(24, 20, 3, '2017-02-18', '2.5'),
(25, 21, 3, '2017-02-18', '2.5'),
(26, 22, 1, '2017-02-26', '4'),
(27, 23, 1, '2017-02-26', '4'),
(28, 24, 3, '2017-03-04', '2.5'),
(29, 25, 3, '2017-03-11', '2.5'),
(30, 26, 1, '2017-03-19', '4'),
(31, 18, 7, '2017-10-11', '3'),
(32, 27, 7, '2017-03-20', '3'),
(33, 28, 7, '2017-03-26', '3'),
(34, 29, 3, '2017-02-18', '2.5'),
(35, 30, 3, '2017-04-01', '2.5'),
(36, 31, 7, '2017-04-30', '3'),
(37, 32, 9, '2017-05-04', '2.5'),
(38, 33, 9, '2017-05-06', '2.5'),
(39, 34, 5, '2017-05-06', '8'),
(40, 35, 13, '2017-05-06', '3'),
(41, 36, 13, '2017-05-06', '3'),
(42, 37, 15, '2017-05-12', '4'),
(43, 38, 15, '2017-05-12', '4'),
(44, 39, 15, '2017-05-12', '4'),
(45, 40, 13, '2017-05-06', '3'),
(46, 41, 1, '2017-05-13', '4'),
(47, 42, 13, '2017-05-13', '3'),
(48, 43, 13, '2017-05-13', '3'),
(49, 44, 13, '2017-05-13', '3'),
(50, 45, 13, '2017-05-13', '3'),
(51, 46, 13, '2017-05-13', '3'),
(52, 47, 7, '2017-05-14', '3'),
(53, 48, 7, '2017-05-14', '3'),
(54, 49, 3, '2017-05-21', '2.5'),
(55, 50, 13, '2017-05-23', '3'),
(56, 51, 13, '2017-05-23', '3'),
(57, 52, 13, '2017-05-23', '3'),
(58, 53, 1, '2017-06-01', '4'),
(59, 54, 5, '2017-06-03', '8'),
(60, 55, 13, '2017-06-03', '3'),
(61, 56, 13, '2017-06-03', '3'),
(62, 57, 13, '2017-06-03', '3'),
(63, 58, 3, '2017-06-04', '2.5'),
(64, 46, 3, '2017-10-16', '2.5'),
(65, 6, 3, '2017-10-16', '2.5'),
(66, 59, 1, '2017-06-25', '4'),
(67, 60, 1, '2017-06-25', '4'),
(68, 61, 1, '2017-06-25', '4'),
(69, 62, 1, '2017-06-25', '4'),
(70, 63, 1, '2017-06-25', '4'),
(71, 64, 1, '2017-07-02', '4'),
(72, 65, 1, '2017-07-02', '4'),
(73, 66, 1, '2017-07-02', '4'),
(74, 67, 1, '2017-07-02', '4'),
(75, 68, 1, '2017-07-02', '4'),
(76, 69, 3, '2017-07-02', '2.5'),
(77, 70, 3, '2017-07-15', '2.5'),
(78, 71, 3, '2017-07-15', '2.5'),
(79, 72, 3, '2017-07-15', '2.5'),
(80, 73, 1, '2017-07-16', '4'),
(81, 74, 1, '2017-07-23', '4'),
(82, 75, 1, '2017-07-29', '4'),
(83, 76, 9, '2017-07-30', '2.5'),
(84, 77, 1, '2017-09-17', '4'),
(85, 78, 1, '2017-09-24', '4'),
(86, 79, 1, '2017-09-24', '4'),
(87, 80, 1, '2017-09-24', '4'),
(88, 81, 1, '2017-09-04', '4'),
(89, 82, 1, '2017-09-04', '4'),
(90, 83, 1, '2017-09-30', '4'),
(91, 84, 9, '2017-10-15', '2.5'),
(92, 85, 9, '2017-10-15', '2.5'),
(93, 86, 9, '2017-10-15', '2.5'),
(94, 87, 9, '2017-10-15', '2.5'),
(95, 88, 9, '2017-10-15', '2.5'),
(96, 89, 1, '2017-10-13', '4'),
(97, 90, 12, '2017-10-07', '3'),
(98, 91, 25, '2017-10-22', '2.5'),
(99, 92, 25, '2017-10-22', '2.5'),
(100, 93, 25, '2017-10-22', '2.5'),
(101, 41, 7, '2017-11-05', '3'),
(103, 95, 1, '2017-11-12', '4'),
(104, 96, 1, '2017-11-12', '4'),
(105, 97, 1, '2017-11-12', '4'),
(106, 98, 1, '2017-11-12', '4'),
(107, 99, 1, '2017-11-12', '4'),
(108, 100, 1, '2017-11-22', '4'),
(109, 101, 1, '2017-01-27', '4'),
(110, 102, 7, '2017-01-28', '3'),
(111, 103, 1, '2017-03-04', '4'),
(112, 104, 13, '2017-05-27', '3'),
(113, 105, 7, '2017-06-20', '3'),
(114, 106, 1, '2017-03-05', '4'),
(115, 107, 1, '2017-11-18', '4'),
(116, 108, 1, '2017-11-18', '4'),
(117, 109, 3, '2017-10-18', '2.5'),
(118, 110, 3, '2017-11-05', '2.5'),
(119, 111, 3, '2017-11-05', '2.5'),
(120, 112, 3, '2017-11-12', '2.5'),
(121, 113, 3, '2017-11-12', '2.5'),
(122, 114, 3, '2017-11-05', '2.5'),
(123, 115, 3, '2017-11-19', '2.5'),
(124, 116, 3, '2017-11-19', '2.5'),
(125, 117, 3, '2017-11-19', '2.5'),
(126, 118, 1, '2017-11-22', '4'),
(127, 119, 1, '2017-11-22', '2'),
(128, 120, 1, '2017-11-22', '2'),
(129, 121, 1, '2017-11-22', '2'),
(130, 122, 1, '2017-11-22', '2'),
(131, 123, 1, '2017-11-29', '4'),
(132, 124, 1, '2017-11-13', '4'),
(133, 125, 1, '2017-11-13', '4'),
(134, 126, 1, '2017-11-13', '4'),
(135, 127, 1, '2017-11-13', '4'),
(136, 128, 1, '2017-11-13', '4'),
(137, 129, 1, '2017-11-13', '4'),
(138, 130, 1, '2017-11-13', '4'),
(139, 131, 1, '2017-11-17', '4'),
(140, 132, 1, '2017-11-13', '4'),
(141, 133, 1, '2017-11-13', '4'),
(142, 134, 1, '2017-11-13', '4'),
(143, 135, 1, '2017-11-13', '4'),
(144, 136, 1, '2017-11-13', '4'),
(145, 137, 1, '2017-11-15', '4'),
(146, 138, 1, '2017-11-30', '4'),
(147, 139, 1, '2017-11-30', '4'),
(148, 140, 1, '2017-11-12', '4'),
(149, 138, 3, '2017-11-19', '2.5'),
(150, 141, 1, '2017-11-26', '4'),
(151, 142, 1, '2017-11-30', '4'),
(152, 143, 1, '2017-11-30', '4'),
(153, 144, 1, '2017-11-30', '4'),
(154, 145, 13, '2017-11-19', '3'),
(155, 146, 13, '2017-11-19', '3'),
(156, 147, 13, '2017-11-19', '3'),
(157, 148, 1, '2017-11-11', '4'),
(158, 149, 1, '2017-11-11', '4'),
(159, 150, 1, '2017-11-11', '4'),
(160, 151, 1, '2017-11-11', '4'),
(161, 152, 1, '2017-11-11', '4'),
(162, 153, 1, '2017-11-11', '4'),
(163, 154, 12, '2017-11-16', '3'),
(164, 155, 1, '2017-11-11', '4'),
(165, 156, 1, '2017-11-11', '4'),
(166, 157, 1, '2017-11-11', '4'),
(167, 158, 1, '2017-11-11', '4'),
(168, 141, 13, '2017-11-19', '3'),
(169, 142, 13, '2017-11-19', '3'),
(170, 143, 13, '2017-11-19', '3'),
(171, 144, 13, '2017-11-19', '3'),
(172, 137, 3, '2017-11-19', '2.5'),
(173, 139, 3, '2017-11-19', '2.5'),
(174, 140, 3, '2017-11-19', '2.5'),
(175, 159, 1, '2017-11-13', '4'),
(176, 160, 1, '2017-12-06', '4'),
(177, 161, 1, '2017-12-06', '4'),
(178, 162, 1, '2017-12-06', '4'),
(179, 163, 1, '2017-12-06', '4'),
(180, 164, 1, '2017-12-06', '4'),
(181, 165, 1, '2017-12-06', '4'),
(182, 166, 1, '2017-12-06', '4'),
(183, 167, 1, '2017-12-06', '4'),
(184, 168, 1, '2017-12-06', '4'),
(185, 169, 1, '2017-12-12', '4'),
(186, 170, 1, '2017-12-12', '4'),
(187, 171, 1, '2017-12-12', '4'),
(188, 172, 2, '2017-12-08', '2.5'),
(189, 173, 1, '2017-12-12', '4'),
(190, 174, 1, '2017-12-12', '4'),
(191, 175, 1, '2017-12-12', '4'),
(192, 172, 1, '2017-12-12', '4'),
(193, 176, 1, '2017-12-12', '4'),
(194, 177, 1, '2017-12-12', '4'),
(195, 178, 1, '2017-12-12', '4'),
(196, 179, 1, '2017-12-12', '4'),
(197, 180, 1, '2017-12-12', '4'),
(198, 181, 3, '2017-12-02', '2.5'),
(199, 182, 1, '2017-12-04', '4'),
(200, 183, 1, '2017-12-04', '4'),
(201, 184, 1, '2017-12-04', '4'),
(202, 185, 1, '2017-12-09', '4'),
(203, 186, 3, '2017-12-09', '2.5'),
(204, 187, 7, '2017-12-09', '3'),
(205, 188, 1, '2017-12-11', '4'),
(206, 189, 1, '2017-12-11', '4'),
(207, 190, 1, '2017-12-06', '4'),
(208, 191, 1, '2017-12-06', '4'),
(209, 192, 1, '2017-12-06', '4'),
(210, 193, 1, '2017-12-06', '4'),
(211, 194, 1, '2017-12-06', '4'),
(212, 195, 1, '2017-12-06', '4'),
(213, 196, 1, '2017-12-06', '4'),
(214, 197, 1, '2017-12-16', '4'),
(215, 198, 3, '2017-12-10', '2.5'),
(216, 199, 3, '2017-12-10', '2.5'),
(217, 200, 3, '2017-12-17', '2.5'),
(218, 201, 5, '2017-12-16', '8'),
(219, 202, 5, '2017-12-16', '8'),
(220, 203, 5, '2017-12-23', '8'),
(221, 204, 5, '2017-12-15', '8'),
(222, 108, 3, '2017-12-30', '2.5'),
(223, 107, 3, '2017-12-30', '2.5'),
(224, 205, 3, '2017-12-30', '2.5'),
(225, 206, 1, '2018-01-13', '4'),
(226, 207, 3, '2018-01-13', '2.5'),
(227, 208, 9, '2018-01-14', '2.5'),
(228, 209, 9, '2018-01-14', '2.5'),
(229, 210, 1, '2018-01-20', '4'),
(230, 211, 9, '2018-01-21', '2.5'),
(231, 212, 13, '2017-11-19', '3'),
(232, 213, 3, '2018-01-18', '2.5'),
(233, 214, 3, '2018-01-18', '2.5'),
(234, 215, 3, '2018-01-18', '2.5'),
(235, 216, 3, '2018-01-18', '2.5'),
(236, 217, 3, '2018-01-18', '2.5'),
(237, 218, 3, '2018-01-18', '2.5'),
(238, 219, 3, '2018-01-18', '2.5'),
(239, 220, 3, '2018-01-22', '2.5'),
(240, 221, 1, '2018-01-13', '4'),
(241, 222, 1, '2018-01-13', '4'),
(242, 223, 1, '2018-01-13', '4'),
(243, 224, 1, '2018-01-13', '4'),
(244, 225, 1, '2018-01-13', '4'),
(245, 226, 1, '2018-01-13', '4'),
(246, 227, 1, '2018-01-13', '4'),
(247, 220, 1, '2018-01-13', '4'),
(248, 228, 1, '2018-01-07', '4'),
(249, 229, 1, '2018-01-07', '4'),
(250, 230, 1, '2018-01-07', '4'),
(251, 231, 1, '2018-01-07', '4'),
(252, 232, 1, '2018-01-07', '4'),
(253, 233, 1, '2018-01-07', '4'),
(254, 234, 1, '2018-01-07', '4'),
(255, 235, 1, '2018-01-07', '4'),
(256, 236, 1, '2018-01-07', '4'),
(257, 237, 1, '2018-01-07', '4'),
(258, 238, 1, '2018-01-07', '4'),
(259, 239, 1, '2018-01-07', '4'),
(260, 240, 1, '2018-01-07', '4'),
(261, 214, 1, '2018-01-07', '4'),
(262, 241, 1, '2018-01-07', '4'),
(263, 242, 1, '2018-01-07', '4'),
(264, 243, 1, '2018-01-07', '4'),
(265, 244, 1, '2018-01-07', '4'),
(266, 213, 1, '2018-01-07', '4'),
(267, 123, 15, '2018-01-04', '4'),
(268, 245, 14, '2018-01-05', '2.5'),
(269, 246, 14, '2018-01-05', '2.5'),
(270, 247, 14, '2018-01-05', '2.5'),
(271, 248, 1, '2018-01-27', '4'),
(272, 249, 1, '2018-01-27', '4'),
(273, 250, 9, '2018-01-28', '2.5'),
(274, 251, 3, '2018-02-10', '2.5'),
(275, 252, 5, '2018-02-10', '8'),
(276, 253, 1, '2018-02-17', '4'),
(277, 254, 7, '2018-02-27', '3'),
(278, 255, 1, '2018-03-10', '4'),
(279, 256, 1, '2018-03-17', '4'),
(280, 257, 7, '2018-03-18', '3'),
(281, 258, 23, '2018-03-25', '2.5'),
(282, 259, 23, '2018-03-25', '2.5'),
(283, 260, 23, '2018-03-25', '2.5'),
(284, 261, 23, '2018-03-25', '2.5'),
(285, 107, 7, '2018-04-07', '3'),
(286, 262, 13, '2018-04-08', '3'),
(287, 263, 13, '2018-04-08', '3'),
(288, 264, 13, '2018-04-08', '3'),
(289, 265, 13, '2018-04-08', '3'),
(290, 266, 13, '2018-04-08', '3'),
(291, 267, 23, '2018-04-11', '2.5'),
(292, 268, 3, '2018-04-21', '2.5'),
(293, 269, 3, '2018-04-21', '2.5'),
(294, 270, 3, '2018-04-21', '2.5'),
(295, 271, 1, '2018-04-21', '4'),
(296, 34, 3, '2018-05-05', '2.5'),
(297, 272, 1, '2018-05-12', '4'),
(298, 34, 1, '2018-05-12', '4'),
(299, 273, 1, '2018-05-26', '4'),
(300, 274, 3, '2018-05-27', '2.5'),
(301, 275, 3, '2018-05-27', '2.5'),
(302, 276, 3, '2018-05-27', '2.5'),
(303, 277, 3, '2018-05-27', '2.5'),
(304, 278, 3, '2018-05-27', '2.5'),
(305, 279, 3, '2018-05-27', '2.5'),
(306, 280, 3, '2018-05-26', '2.5'),
(307, 281, 3, '2018-06-03', '2.5'),
(308, 282, 3, '2018-06-09', '2.5'),
(309, 283, 3, '2018-06-10', '2.5'),
(310, 284, 3, '2018-06-10', '2.5'),
(311, 285, 3, '2018-06-10', '2.5'),
(312, 286, 3, '2018-06-17', '2.5'),
(313, 287, 1, '2018-06-23', '4'),
(314, 288, 3, '2018-07-08', '2.5'),
(315, 289, 7, '2018-07-18', '3'),
(316, 290, 7, '2018-07-22', '3'),
(317, 291, 3, '2018-07-22', '2.5'),
(318, 292, 3, '2018-07-22', '2.5'),
(319, 293, 3, '2018-07-22', '2.5'),
(320, 294, 23, '2018-07-22', '2.5'),
(321, 295, 23, '2018-07-23', '2.5'),
(322, 296, 7, '2018-07-25', '3'),
(323, 297, 23, '2018-08-05', '2.5'),
(324, 298, 23, '2018-08-05', '2.5'),
(325, 299, 23, '2018-08-05', '2.5'),
(326, 295, 0, '2018-07-23', ''),
(327, 300, 23, '2018-08-05', '2.5'),
(328, 301, 1, '2018-09-08', '3'),
(329, 302, 1, '2018-09-08', '3'),
(330, 303, 1, '2018-09-08', '3'),
(331, 304, 1, '2018-09-08', '3'),
(332, 305, 1, '2018-09-08', '4'),
(333, 306, 1, '2018-10-01', '4'),
(334, 307, 1, '2018-10-01', '4'),
(335, 308, 1, '2020-09-20', '3'),
(336, 309, 1, '2020-08-23', '4'),
(337, 310, 1, '2020-08-23', '4'),
(338, 311, 1, '2020-08-23', '4'),
(339, 312, 1, '2020-08-23', '4'),
(340, 313, 1, '2020-08-23', '4'),
(341, 314, 1, '2020-09-12', '4'),
(342, 315, 1, '2020-09-12', '4'),
(343, 316, 32, '2020-09-13', '4'),
(344, 317, 32, '2020-09-26', '4'),
(345, 318, 32, '2020-09-26', '4'),
(346, 319, 32, '2020-09-29', '4'),
(347, 320, 32, '2020-09-26', '4'),
(348, 321, 32, '2020-09-26', '4'),
(349, 322, 32, '2020-09-26', '4'),
(350, 323, 32, '2020-09-27', '4'),
(351, 324, 32, '2020-09-16', '4'),
(352, 325, 32, '2020-09-16', '4'),
(353, 326, 32, '2020-09-16', '4'),
(354, 327, 32, '2020-09-16', '4'),
(355, 328, 32, '2020-09-23', '4'),
(356, 329, 36, '2020-01-19', '12'),
(357, 330, 36, '2020-01-19', '12'),
(358, 331, 36, '2020-01-19', '12'),
(359, 332, 36, '2020-01-19', '12'),
(360, 333, 35, '2019-12-03', '8'),
(361, 334, 35, '2019-12-03', '8'),
(362, 335, 35, '2019-12-03', '8'),
(363, 200, 35, '2019-12-03', '8'),
(364, 336, 35, '2019-12-03', '8'),
(365, 337, 45, '2020-11-14', '4'),
(366, 338, 32, '2020-11-17', '4'),
(367, 339, 32, '2020-11-18', '4'),
(368, 340, 32, '2020-11-18', '4'),
(369, 341, 32, '2020-11-18', '4'),
(370, 342, 37, '2020-11-18', '3'),
(371, 343, 37, '2020-11-18', '3'),
(372, 344, 32, '2020-11-18', '4'),
(373, 345, 39, '2020-11-18', '2.5'),
(374, 346, 45, '2020-10-04', '4'),
(375, 347, 45, '2020-08-19', '4'),
(376, 348, 45, '2020-08-22', '4'),
(377, 349, 45, '2020-11-19', '4'),
(378, 350, 32, '2020-10-04', '4'),
(379, 351, 33, '2020-10-02', '2.5'),
(380, 352, 33, '2020-11-19', '2.5'),
(381, 353, 32, '2020-09-14', '4'),
(382, 354, 32, '2020-09-27', '4'),
(383, 355, 32, '2020-09-27', '4'),
(384, 356, 32, '2020-09-27', '4'),
(385, 357, 33, '2020-09-27', '2.5'),
(386, 357, 32, '2020-09-20', '4'),
(387, 358, 33, '2020-09-18', '2.5'),
(388, 359, 33, '2020-09-18', '2.5'),
(389, 360, 44, '2020-09-13', '3'),
(390, 361, 32, '2020-09-12', '4'),
(391, 362, 32, '2020-09-10', '4'),
(392, 363, 32, '2020-09-07', '4'),
(393, 363, 40, '2020-09-06', '4'),
(394, 364, 32, '2020-09-09', '4'),
(395, 365, 32, '2020-09-05', '4'),
(396, 366, 32, '2020-09-05', '4'),
(397, 367, 54, '2020-09-04', '2.5'),
(398, 368, 32, '2020-09-04', '4'),
(399, 369, 32, '2020-09-04', '4'),
(400, 370, 32, '2020-09-04', '4'),
(401, 371, 32, '2020-11-20', '4'),
(402, 372, 32, '2020-08-13', '4'),
(403, 373, 37, '2020-08-29', '3'),
(404, 374, 37, '2020-08-29', '3'),
(405, 375, 37, '2020-08-29', '3'),
(406, 376, 32, '2020-08-29', '4'),
(407, 377, 32, '2020-11-20', '4'),
(408, 378, 32, '2020-08-29', '4'),
(409, 379, 32, '2020-08-29', '4'),
(410, 380, 32, '2020-08-29', '4'),
(411, 381, 33, '2020-08-26', '2.5'),
(412, 382, 54, '2020-08-14', '2.5'),
(413, 383, 54, '2020-08-14', '2.5'),
(414, 384, 54, '2020-08-14', '2.5'),
(415, 385, 54, '2020-08-14', '2.5'),
(416, 386, 54, '2020-08-14', '2.5'),
(417, 387, 32, '2020-08-24', '4'),
(418, 388, 32, '2020-08-24', '4'),
(419, 389, 32, '2020-01-22', '4'),
(420, 390, 32, '2020-08-19', '4'),
(421, 391, 32, '2020-08-19', '4'),
(422, 392, 32, '2020-08-17', '4'),
(423, 393, 40, '2020-08-16', '4'),
(424, 394, 40, '2020-08-16', '4'),
(425, 395, 40, '2020-08-16', '4'),
(426, 396, 32, '2020-08-15', '4'),
(427, 397, 32, '2020-08-15', '4'),
(428, 397, 32, '2020-08-10', '4'),
(429, 398, 32, '2020-08-12', '4'),
(430, 399, 32, '2020-08-12', '4'),
(431, 400, 32, '2020-08-12', '4'),
(432, 401, 32, '2020-11-20', '4'),
(433, 402, 32, '2020-08-12', '4'),
(434, 403, 32, '2020-08-12', '4'),
(435, 404, 32, '2020-08-12', '4'),
(436, 405, 32, '2020-08-12', '4'),
(437, 406, 54, '2020-08-09', '2.5'),
(438, 407, 54, '2020-07-19', '2.5'),
(439, 408, 32, '2020-07-29', '4'),
(440, 409, 32, '2020-07-27', '4'),
(441, 410, 32, '2020-07-29', '4'),
(442, 411, 52, '2020-07-18', '2.5'),
(443, 412, 52, '2020-07-14', '2.5'),
(444, 413, 54, '2020-07-12', '2.5'),
(445, 414, 54, '2020-07-12', '2.5'),
(446, 415, 33, '2020-11-23', '2.5'),
(447, 416, 33, '2020-07-10', '2.5'),
(448, 417, 33, '2020-07-23', '2.5'),
(449, 418, 54, '2020-07-06', '2.5'),
(450, 419, 54, '2020-07-24', '2.5'),
(451, 420, 54, '2020-07-06', '2.5'),
(452, 421, 54, '2020-07-06', '2.5'),
(453, 422, 54, '2020-07-06', '2.5'),
(454, 423, 33, '2020-07-03', '2.5'),
(455, 424, 33, '2020-07-02', '2.5'),
(456, 425, 32, '2020-06-22', '4'),
(457, 426, 32, '2020-03-01', '4'),
(458, 427, 54, '2020-03-07', '2.5'),
(459, 428, 54, '2020-03-07', '2.5'),
(460, 429, 42, '2020-02-29', '3'),
(461, 430, 32, '2020-02-23', '4'),
(462, 431, 32, '2020-02-23', '4'),
(463, 432, 39, '2020-02-23', '2.5'),
(464, 433, 32, '2020-02-23', '4'),
(465, 434, 32, '2020-02-22', '4'),
(466, 435, 39, '2020-02-20', '2.5'),
(467, 436, 37, '2020-02-15', '3'),
(468, 437, 32, '2020-02-15', '4'),
(469, 438, 32, '2020-02-11', '4'),
(470, 439, 32, '2020-02-10', '4'),
(471, 440, 48, '2020-11-24', '1'),
(472, 441, 32, '2020-11-24', '4'),
(473, 442, 54, '2020-03-07', '2.5'),
(474, 443, 54, '2020-03-07', '2.5'),
(475, 444, 54, '2020-03-07', '2.5'),
(476, 445, 54, '2020-03-07', '2.5'),
(477, 446, 54, '2020-03-07', '2.5'),
(478, 447, 54, '2020-03-07', '2.5'),
(479, 448, 54, '2020-03-07', '2.5'),
(480, 449, 54, '2020-03-07', '2.5'),
(481, 450, 54, '2020-03-07', '2.5'),
(482, 451, 54, '2020-03-07', '2.5'),
(483, 452, 33, '2020-01-14', '2.5'),
(484, 453, 33, '2020-01-14', '2.5'),
(485, 454, 32, '2020-01-12', '4'),
(486, 455, 32, '2020-01-12', '4'),
(487, 456, 32, '2020-01-12', '4'),
(488, 457, 32, '2020-01-12', '4'),
(489, 458, 32, '2020-01-11', '4'),
(490, 459, 32, '2020-01-09', '4'),
(491, 460, 32, '2020-01-09', '4'),
(492, 461, 32, '2020-01-05', '4'),
(493, 462, 32, '2020-01-29', '4'),
(494, 463, 32, '2020-01-29', '4'),
(495, 464, 32, '2020-01-29', '4'),
(496, 465, 33, '2020-01-11', '2.5'),
(497, 466, 47, '2020-01-25', '2.5'),
(498, 467, 33, '2020-01-23', '2.5'),
(499, 468, 33, '2020-01-22', '2.5'),
(500, 469, 33, '2020-01-23', '2.5'),
(501, 470, 32, '2020-01-17', '4'),
(502, 471, 34, '2020-01-17', '2.5'),
(503, 472, 32, '2020-09-06', '4'),
(504, 473, 32, '2020-06-16', '4'),
(505, 474, 33, '2020-06-16', '2.5'),
(506, 475, 52, '2020-06-18', '2.5'),
(507, 476, 32, '2020-06-19', '4'),
(508, 477, 32, '2020-06-20', '4'),
(509, 478, 32, '2020-06-20', '4'),
(510, 479, 32, '2020-07-20', '4'),
(511, 480, 54, '2020-07-21', '2.5'),
(512, 481, 54, '2020-07-21', '2.5'),
(513, 482, 32, '2020-08-01', '4'),
(514, 483, 32, '2020-11-26', '4'),
(515, 484, 32, '2020-08-02', '4'),
(516, 485, 32, '2020-08-07', '4'),
(517, 486, 32, '2020-08-08', '4'),
(518, 487, 32, '2020-08-08', '4'),
(519, 488, 32, '2020-08-09', '4'),
(520, 489, 32, '2020-06-02', '4'),
(521, 490, 37, '2020-10-14', '3'),
(522, 491, 33, '2020-10-15', '2.5'),
(523, 492, 37, '2020-10-16', '3'),
(524, 493, 33, '2020-10-22', '2.5'),
(525, 494, 32, '2020-10-23', '4'),
(526, 495, 33, '2020-10-27', '2.5'),
(527, 496, 37, '2020-09-12', '3'),
(528, 497, 32, '2020-09-04', '4'),
(529, 498, 33, '2020-08-30', '2.5'),
(530, 499, 40, '2020-08-16', '4'),
(531, 500, 32, '2020-08-16', '4'),
(532, 501, 32, '2020-08-17', '4'),
(533, 502, 32, '2020-08-22', '4'),
(534, 503, 33, '2020-07-02', '2.5'),
(535, 504, 54, '2020-03-07', '2.5'),
(536, 505, 54, '2020-03-07', '2.5'),
(537, 506, 54, '2020-03-07', '2.5'),
(538, 507, 54, '2020-03-07', '2.5'),
(539, 508, 54, '2020-03-07', '2.5'),
(540, 509, 54, '2020-03-07', '2.5'),
(541, 510, 54, '2020-12-01', '2.5'),
(542, 511, 32, '2020-03-08', '4'),
(543, 512, 32, '2020-03-08', '4'),
(544, 513, 32, '2020-03-10', '4'),
(545, 514, 32, '2020-03-14', '4'),
(546, 515, 32, '2020-02-01', '4'),
(547, 516, 37, '2020-02-01', '3'),
(548, 517, 32, '2020-02-02', '4'),
(549, 518, 32, '2020-02-02', '4'),
(550, 519, 42, '2020-02-05', '3'),
(551, 520, 32, '2020-02-07', '4'),
(552, 521, 32, '2020-02-08', '4'),
(553, 522, 39, '2020-02-09', '2.5'),
(554, 523, 32, '2020-02-09', '4'),
(555, 524, 32, '2020-02-09', '4'),
(556, 525, 32, '2020-02-10', '4'),
(557, 526, 32, '2020-02-10', '4'),
(558, 527, 32, '2020-02-11', '4'),
(559, 528, 32, '2020-02-15', '4'),
(560, 529, 39, '2020-02-20', '2.5'),
(561, 530, 34, '2020-02-16', '2.5'),
(562, 531, 32, '2020-02-20', '4'),
(563, 532, 39, '2020-02-16', '2.5'),
(564, 533, 32, '2020-02-22', '4'),
(565, 534, 32, '2020-02-20', '4'),
(566, 535, 39, '2020-02-20', '2.5'),
(567, 536, 32, '2020-02-22', '4'),
(568, 537, 33, '2020-02-27', '2.5'),
(569, 538, 33, '2020-02-27', '2.5'),
(570, 539, 51, '2020-02-24', '1'),
(571, 540, 32, '2020-02-24', '4'),
(572, 541, 33, '2020-12-01', '2.5'),
(573, 542, 33, '2020-12-01', '2.5'),
(574, 543, 32, '2020-02-28', '4'),
(575, 544, 32, '2020-02-28', '4'),
(576, 545, 32, '2020-02-27', '4'),
(577, 546, 32, '2020-02-29', '4'),
(578, 547, 42, '2020-02-29', '3'),
(579, 548, 32, '2020-12-01', '4'),
(580, 549, 37, '2020-03-07', '3'),
(581, 550, 32, '2020-03-02', '4'),
(582, 551, 43, '2020-12-01', '2.5'),
(583, 552, 39, '2020-03-01', '2.5'),
(584, 553, 32, '2020-03-01', '4'),
(585, 554, 32, '2020-03-01', '4'),
(586, 555, 32, '2020-03-01', '4'),
(587, 556, 33, '2020-01-05', '2.5'),
(588, 557, 32, '2020-01-08', '4'),
(589, 558, 33, '2020-01-08', '2.5'),
(590, 559, 33, '2020-01-08', '2.5'),
(591, 560, 33, '2020-01-08', '2.5'),
(592, 561, 33, '2020-01-08', '2.5');

-- --------------------------------------------------------

--
-- Table structure for table `student_course_batch`
--

CREATE TABLE `student_course_batch` (
  `scb_aid` int(255) NOT NULL,
  `scb_branch_id` varchar(50) NOT NULL,
  `scb_course_id` int(200) NOT NULL,
  `batch_start_date` varchar(100) DEFAULT NULL,
  `batch_end_date` varchar(100) DEFAULT NULL,
  `batch_remarks` varchar(500) DEFAULT NULL,
  `batch_state` varchar(100) DEFAULT NULL,
  `scb_created_date` varchar(100) DEFAULT NULL,
  `scb_other` varchar(500) DEFAULT NULL
) ENGINE=MyISAM DEFAULT CHARSET=latin1;

--
-- Dumping data for table `student_course_batch`
--

INSERT INTO `student_course_batch` (`scb_aid`, `scb_branch_id`, `scb_course_id`, `batch_start_date`, `batch_end_date`, `batch_remarks`, `batch_state`, `scb_created_date`, `scb_other`) VALUES
(1, '200', 1, '2017-11-22', '', 'FCADD-22-NOV-2017-WED-FULL', 'Ongoing', '2017-11-18', 'Batch got Edited by Malabe DataEntry on 2017-11-21'),
(2, '200', 1, '2017-11-11', '2018-03-03', 'FCADD-11-NOV-2017-SAT-AFT', 'Ongoing', '2017-11-30', NULL),
(3, '200', 13, '2017-11-19', '2018-03-11', 'CIVIL 3D-19-NOV-2017-SUN-AFT', 'Ongoing', '2017-11-30', NULL),
(4, '200', 3, '2017-11-19', '2018-02-11', 'REVIT-19-NOV-2017-SUN-AFT', 'Ongoing', '2017-11-30', NULL),
(5, '200', 1, '2017-11-13', '2018-01-16', 'FCDD-13-NOV-2017-TUE-LATE', 'Ongoing', '2017-11-30', NULL),
(6, '200', 1, '2017-12-06', '', 'FCADD-07-DEC-2017-THU-FULL(GAMPHA)', 'Ongoing', '2017-12-06', 'Batch got Edited by Malabe DataEntry on 2017-12-16'),
(7, '200', 1, '2017-12-12', '', 'FCADD-12-DEC-2017-TUE-FULL (GODAGAMA)', 'Ongoing', '2017-12-09', NULL),
(8, '200', 3, '2018-01-18', '2018-03-23', 'REVIT-20-JAN-2018-SAT-MOR', 'Ongoing', '2018-01-22', NULL),
(9, '200', 1, '2018-01-13', '', 'FCADD-13-JAN-2018-SAT-MOR', 'Ongoing', '2018-01-23', NULL),
(10, '200', 1, '2018-01-07', '', 'FCADD-07-JAN-2018-SUN-MOR', 'Ongoing', '2018-01-23', NULL),
(11, '200', 15, '2018-01-04', '', 'SOLID WORKS-04-JAN-2018-THU-CASH ', 'Ongoing', '2018-01-23', NULL),
(12, '200', 14, '2018-01-05', '2018-01-24', 'STAAD PRO-05-JAN-2018-FRI-CRASH', 'Ongoing', '2018-01-24', 'Batch got Edited by Malabe DataEntry on 2018-01-24'),
(13, '201', 1, '2020-09-20', '2021-01-10', 'Batch 43', 'Ongoing', '2020-09-20', NULL),
(14, '202', 1, '2020-08-23', '', 'Sunday 01.00pm-4.00pm', 'Ongoing', '2020-09-25', 'Batch got Edited by Co_Kurunagala on 2020-09-26'),
(15, '202', 1, '2020-09-12', '', 'Saturday 1.00pm-4.00pm ', 'Ongoing', '2020-09-26', NULL),
(16, '201', 32, '2020-09-16', '2021-01-10', 'Batch 41', 'Ongoing', '2020-10-04', NULL),
(17, '201', 35, '2019-12-14', '2020-12-04', 'Batch 29', 'Ongoing', '2020-10-04', NULL),
(18, '201', 35, '2019-12-03', '2020-12-04', 'Batch 28', 'Ongoing', '2020-10-04', NULL),
(19, '201', 36, '2020-01-19', '2021-10-10', 'Batch 01', 'Ongoing', '2020-10-04', NULL),
(20, '201', 32, '2020-09-23', '2020-09-27', 'Batch 42 Individual', 'Ongoing', '2020-10-04', NULL),
(21, '', 33, '2020-09-27', '2021-01-24', 'Batch 19', 'Ongoing', '2020-10-04', NULL);

-- --------------------------------------------------------

--
-- Table structure for table `student_course_batch_info`
--

CREATE TABLE `student_course_batch_info` (
  `sbi_aid` int(255) NOT NULL,
  `batch_id` varchar(100) NOT NULL,
  `bi_std_id` varchar(100) NOT NULL,
  `bi_added_date` varchar(100) DEFAULT NULL,
  `bi_other` varchar(500) DEFAULT NULL
) ENGINE=MyISAM DEFAULT CHARSET=latin1;

--
-- Dumping data for table `student_course_batch_info`
--

INSERT INTO `student_course_batch_info` (`sbi_aid`, `batch_id`, `bi_std_id`, `bi_added_date`, `bi_other`) VALUES
(2, '1', '118', '2017-11-21', NULL),
(3, '1', '119', '2017-11-21', NULL),
(4, '1', '120', '2017-11-21', NULL),
(5, '1', '121', '2017-11-21', NULL),
(6, '1', '122', '2017-11-21', NULL),
(7, '2', '148', '2017-11-30', NULL),
(8, '2', '149', '2017-11-30', NULL),
(9, '2', '150', '2017-11-30', NULL),
(10, '2', '151', '2017-11-30', NULL),
(11, '2', '152', '2017-11-30', NULL),
(12, '2', '153', '2017-11-30', NULL),
(13, '2', '155', '2017-11-30', NULL),
(14, '2', '156', '2017-11-30', NULL),
(15, '2', '157', '2017-11-30', NULL),
(16, '2', '158', '2017-11-30', NULL),
(17, '3', '141', '2017-11-30', NULL),
(18, '3', '142', '2017-11-30', NULL),
(19, '3', '143', '2017-11-30', NULL),
(20, '3', '144', '2017-11-30', NULL),
(21, '3', '145', '2017-11-30', NULL),
(22, '3', '146', '2017-11-30', NULL),
(23, '3', '147', '2017-11-30', NULL),
(24, '4', '138', '2017-11-30', NULL),
(25, '4', '137', '2017-11-30', NULL),
(26, '4', '139', '2017-11-30', NULL),
(27, '4', '140', '2017-11-30', NULL),
(28, '5', '124', '2017-11-30', NULL),
(29, '5', '125', '2017-11-30', NULL),
(30, '5', '126', '2017-11-30', NULL),
(31, '5', '127', '2017-11-30', NULL),
(32, '5', '128', '2017-11-30', NULL),
(33, '5', '129', '2017-11-30', NULL),
(34, '5', '130', '2017-11-30', NULL),
(35, '5', '159', '2017-11-30', NULL),
(36, '5', '132', '2017-11-30', NULL),
(37, '5', '133', '2017-11-30', NULL),
(38, '5', '134', '2017-11-30', NULL),
(39, '5', '135', '2017-11-30', NULL),
(40, '5', '136', '2017-11-30', NULL),
(41, '6', '168', '2017-12-06', NULL),
(42, '6', '166', '2017-12-06', NULL),
(43, '6', '165', '2017-12-06', NULL),
(44, '6', '164', '2017-12-06', NULL),
(45, '6', '163', '2017-12-06', NULL),
(46, '6', '162', '2017-12-06', NULL),
(47, '6', '161', '2017-12-06', NULL),
(48, '6', '160', '2017-12-06', NULL),
(49, '7', '175', '2017-12-09', NULL),
(50, '7', '174', '2017-12-09', NULL),
(51, '7', '173', '2017-12-09', NULL),
(52, '7', '171', '2017-12-09', NULL),
(53, '7', '170', '2017-12-09', NULL),
(54, '7', '169', '2017-12-09', NULL),
(55, '7', '172', '2017-12-09', NULL),
(56, '7', '176', '2017-12-09', NULL),
(57, '7', '179', '2017-12-11', NULL),
(58, '7', '178', '2017-12-11', NULL),
(59, '7', '177', '2017-12-11', NULL),
(60, '7', '180', '2017-12-11', NULL),
(61, '6', '190', '2017-12-16', NULL),
(62, '6', '191', '2017-12-16', NULL),
(63, '6', '192', '2017-12-16', NULL),
(64, '6', '193', '2017-12-16', NULL),
(65, '6', '194', '2017-12-16', NULL),
(66, '6', '195', '2017-12-16', NULL),
(67, '6', '196', '2017-12-16', NULL),
(68, '3', '212', '2018-01-22', NULL),
(69, '8', '213', '2018-01-22', NULL),
(70, '8', '214', '2018-01-22', NULL),
(71, '8', '215', '2018-01-22', NULL),
(72, '8', '216', '2018-01-22', NULL),
(73, '8', '217', '2018-01-22', NULL),
(74, '8', '218', '2018-01-22', NULL),
(75, '8', '219', '2018-01-22', NULL),
(76, '9', '220', '2018-01-23', NULL),
(77, '9', '221', '2018-01-23', NULL),
(78, '9', '222', '2018-01-23', NULL),
(79, '9', '223', '2018-01-23', NULL),
(80, '9', '224', '2018-01-23', NULL),
(81, '9', '225', '2018-01-23', NULL),
(82, '9', '226', '2018-01-23', NULL),
(83, '9', '227', '2018-01-23', NULL),
(84, '10', '228', '2018-01-23', NULL),
(85, '10', '229', '2018-01-23', NULL),
(86, '10', '230', '2018-01-23', NULL),
(87, '10', '231', '2018-01-23', NULL),
(88, '10', '232', '2018-01-23', NULL),
(89, '10', '233', '2018-01-23', NULL),
(90, '10', '234', '2018-01-23', NULL),
(91, '10', '235', '2018-01-23', NULL),
(92, '10', '236', '2018-01-23', NULL),
(93, '10', '237', '2018-01-23', NULL),
(94, '10', '213', '2018-01-23', NULL),
(95, '10', '238', '2018-01-23', NULL),
(96, '10', '239', '2018-01-23', NULL),
(97, '10', '240', '2018-01-23', NULL),
(98, '10', '214', '2018-01-23', NULL),
(99, '10', '241', '2018-01-23', NULL),
(100, '10', '242', '2018-01-23', NULL),
(101, '10', '243', '2018-01-23', NULL),
(102, '10', '244', '2018-01-23', NULL),
(103, '11', '123', '2018-01-23', NULL),
(104, '12', '245', '2018-01-24', NULL),
(105, '12', '246', '2018-01-24', NULL),
(106, '12', '247', '2018-01-24', NULL),
(107, '13', '308', '2020-09-20', NULL),
(108, '14', '310', '2020-09-26', NULL),
(115, '14', '309', '2020-09-29', NULL),
(110, '14', '311', '2020-09-26', NULL),
(111, '14', '312', '2020-09-26', NULL),
(112, '14', '313', '2020-09-26', NULL),
(113, '15', '314', '2020-09-26', NULL),
(114, '15', '315', '2020-09-26', NULL),
(116, '16', '324', '2020-10-04', NULL),
(117, '16', '325', '2020-10-04', NULL),
(118, '16', '326', '2020-10-04', NULL),
(119, '16', '327', '2020-10-04', NULL),
(120, '20', '328', '2020-10-04', NULL),
(121, '19', '329', '2020-10-04', NULL),
(122, '19', '330', '2020-10-04', NULL),
(123, '19', '331', '2020-10-04', NULL),
(124, '19', '332', '2020-10-04', NULL),
(125, '18', '333', '2020-10-04', NULL),
(126, '18', '334', '2020-10-04', NULL),
(127, '18', '335', '2020-10-04', NULL),
(128, '18', '200', '2020-10-04', NULL),
(129, '18', '336', '2020-10-04', NULL);

-- --------------------------------------------------------

--
-- Table structure for table `student_group`
--

CREATE TABLE `student_group` (
  `id` int(150) NOT NULL,
  `group_id` varchar(100) DEFAULT NULL,
  `course_id` int(50) NOT NULL,
  `std_id` int(50) NOT NULL,
  `addedDate` varchar(150) DEFAULT NULL
) ENGINE=MyISAM DEFAULT CHARSET=latin1;

-- --------------------------------------------------------

--
-- Table structure for table `student_group_tot`
--

CREATE TABLE `student_group_tot` (
  `group_id` int(150) NOT NULL,
  `g_course_id` int(100) NOT NULL,
  `numMembers` int(50) NOT NULL,
  `g_branch_id` varchar(50) DEFAULT NULL,
  `dateCreate` varchar(150) DEFAULT NULL
) ENGINE=MyISAM DEFAULT CHARSET=latin1;

--
-- Dumping data for table `student_group_tot`
--

INSERT INTO `student_group_tot` (`group_id`, `g_course_id`, `numMembers`, `g_branch_id`, `dateCreate`) VALUES
(2, 2, 0, '201', 'Tuesday 3rd of October 2017 08:51:13 AM'),
(3, 0, 0, '', 'Wednesday 8th of November 2017 02:15:18 AM'),
(6, 0, 0, '', 'Monday 22nd of January 2018 11:29:27 PM');

-- --------------------------------------------------------

--
-- Table structure for table `student_phone`
--

CREATE TABLE `student_phone` (
  `sp_id` int(100) NOT NULL,
  `student_id` varchar(50) NOT NULL,
  `phone` varchar(20) DEFAULT NULL
) ENGINE=MyISAM DEFAULT CHARSET=latin1;

--
-- Dumping data for table `student_phone`
--

INSERT INTO `student_phone` (`sp_id`, `student_id`, `phone`) VALUES
(1, '1', '(076) 703-6046'),
(2, '2', '(077) 265-9976'),
(3, '3', '(077) 980-0115'),
(4, '4', '(077) 236-1935'),
(5, '5', '(077) 757-8182'),
(6, '6', '(077) 768-8105'),
(7, '7', '(071) 496-1828'),
(8, '8', '(076) 724-0321'),
(9, '9', '(071) 966-4098'),
(10, '10', '(077) 387-1803'),
(11, '11', '(077) 032-9309'),
(12, '12', '(075) 402-7185'),
(13, '13', '(071) 707-1571'),
(14, '14', '(071) 309-6670'),
(15, '15', '(077) 347-4374'),
(16, '16', '(076) 372-5420'),
(17, '17', '(071) 264-2580'),
(18, '18', '(077) 102-5223'),
(19, '19', '(077) 904-4527'),
(20, '20', '(078) 870-7700'),
(21, '21', '(077) 722-8780'),
(22, '22', '(075) 492-8215'),
(23, '23', '(076) 614-7930'),
(24, '24', '(071) 443-2482'),
(25, '25', '(077) 747-9604'),
(26, '26', '(071) 632-4903'),
(27, '27', '(071) 727-8650'),
(28, '28', '(077) 844-6029'),
(29, '29', '(077) 373-6255'),
(30, '30', '(077) 567-3704'),
(31, '31', '(071) 315-2568'),
(32, '32', '(071) 535-1548'),
(33, '33', '(071) 602-0461'),
(34, '34', '(071) 363-2250'),
(35, '35', '(077) 345-0276'),
(36, '36', '(071) 829-8237'),
(37, '37', '(077) 605-0768'),
(38, '38', '(077) 670-6278'),
(39, '39', '(077) 919-9141'),
(40, '40', '(071) 649-0057'),
(41, '41', '(077) 716-8268'),
(42, '42', '(071) 603-5423'),
(43, '43', '(077) 387-5265'),
(44, '44', '(076) 370-7006'),
(45, '45', '(071) 992-6308'),
(46, '46', '(071) 689-6580'),
(47, '47', '(070) 257-8421'),
(48, '48', '(077) 177-1514'),
(49, '49', '(071) 934-9286'),
(50, '50', '(078) 252-2533'),
(51, '51', '(075) 912-5262'),
(52, '52', '(071) 715-4134'),
(53, '53', '(071) 234-2281'),
(54, '54', '(071) 945-0635'),
(55, '55', '(077) 543-4341'),
(56, '56', '(077) 125-4627'),
(57, '57', '(071) 663-8129'),
(58, '58', '(071) 124-1372'),
(59, '59', '(071) 495-0272'),
(60, '60', '(071) 717-5427'),
(61, '61', '(071) 954-7276'),
(62, '62', '(071) 407-5675'),
(63, '63', '(076) 909-1533'),
(64, '64', '(071) 397-0280'),
(65, '65', '(071) 425-7149'),
(66, '66', '(071) 776-9670'),
(67, '67', '(071) 140-3589'),
(68, '68', '(071) 168-7695'),
(69, '69', '(071) 869-5161'),
(70, '70', '(071) 988-4909'),
(71, '71', '(077) 200-0508'),
(72, '72', '(071) 803-3231'),
(73, '73', '(077) 896-1992'),
(74, '74', '(071) 490-5062'),
(75, '75', '(077) 607-2402'),
(76, '76', '(071) 618-3132'),
(77, '77', '(071) 132-2397'),
(78, '78', '(071) 467-6985'),
(79, '79', '(077) 344-5676'),
(80, '80', '(072) 200-8360'),
(81, '81', '(071) 210-3671'),
(82, '82', '(077) 810-6305'),
(83, '83', '(071) 565-3987'),
(84, '84', '(077) 348-4357'),
(85, '85', '(071) 095-1953'),
(86, '86', '(071) 727-8650'),
(87, '87', '(071) 325-4696'),
(88, '88', '(077) 102-5223'),
(89, '89', '(077) 644-3191'),
(90, '90', '(077) 347-4374'),
(91, '91', '(071) 773-7966'),
(92, '92', '(070) 330-0591'),
(93, '93', '(071) 534-3743'),
(94, '94', '(071) 496-1828'),
(95, '94', '(071) 049-9084'),
(96, '96', '(076) 665-9127'),
(97, '97', '(077) 532-9206'),
(98, '98', '(071) 620-6993'),
(99, '99', '(077) 176-3968'),
(100, '100', '(077) 072-5489'),
(101, '101', '(071) 766-5929'),
(102, '102', '(078) 475-6681'),
(103, '103', '(071) 127-8903'),
(104, '104', '(071) 976-1556'),
(105, '105', '(071) 242-9363'),
(106, '106', '(078) 462-4321'),
(107, '107', '(071) 867-8165'),
(108, '108', '(071) 419-0199'),
(109, '109', '(077) 040-1729'),
(110, '110', '(076) 662-7479'),
(111, '111', '(071) 093-5832'),
(112, '112', '(071) 668-1358'),
(113, '113', '(071) 312-7804'),
(114, '114', '(071) 294-3537'),
(115, '115', '(077) 123-4034'),
(116, '116', '(076) 658-8000'),
(117, '117', '(071) 054-6176'),
(118, '118', '(071) 048-9083'),
(119, '119', '(071) 630-5795'),
(120, '120', '(070) 208-6069'),
(121, '121', '(077) 832-4848'),
(122, '122', '(077) 647-8343'),
(123, '123', '(071) 854-6235'),
(124, '124', '(033) 222-4745'),
(125, '125', '(071) 777-6821'),
(126, '126', '(077) 843-9380'),
(127, '127', '(076) 973-5396'),
(128, '128', '(070) 206-4201'),
(129, '129', '(077) 656-6215'),
(130, '130', '(077) 034-1859'),
(131, '131', '(077) 155-7808'),
(132, '132', '(071) 265-1640'),
(133, '133', '(071) 348-7691'),
(134, '134', '(071) 051-8864'),
(135, '135', '(077) 617-0098'),
(136, '136', '(071) 987-5904'),
(137, '137', '(071) 321-1368'),
(138, '138', '(071) 580-8450'),
(139, '139', '(071) 569-5152'),
(140, '140', '(071) 346-8667'),
(141, '141', '(077) 773-5484'),
(142, '142', '(071) 326-2364'),
(143, '143', '(071) 251-2329'),
(144, '144', '(077) 722-2533'),
(145, '145', '(071) 915-7047'),
(146, '146', '(071) 273-3678'),
(147, '147', '(071) 741-7471'),
(148, '148', '(071) 179-1274'),
(149, '149', '(071) 132-5518'),
(150, '150', '(077) 284-8174'),
(151, '151', '(077) 894-9543'),
(152, '152', '(071) 484-9984'),
(153, '153', '(071) 566-2663'),
(154, '153', '(077) 970-5709'),
(155, '154', '(077) 243-5090'),
(156, '156', '(070) 261-6088'),
(157, '157', '(071) 400-4227'),
(158, '158', '(071) 968-0113'),
(159, '159', '(077) 155-7808'),
(160, '160', '(077) 676-0341'),
(161, '161', '(071) 795-4018'),
(162, '162', '(071) 310-5734'),
(163, '163', '(071) 350-7604'),
(164, '164', '(071) 157-2857'),
(165, '165', '(076) 312-7755'),
(166, '166', '(077) 558-0315'),
(167, '167', '(076) 697-1318'),
(168, '168', '(076) 697-1318'),
(169, '169', '(071) 156-3692'),
(170, '170', '(071) 126-4231'),
(171, '171', '(075) 271-4243'),
(172, '172', '(071) 342-4441'),
(173, '173', '(077) 720-7036'),
(174, '174', '(075) 508-8071'),
(175, '175', '(072) 521-427_'),
(176, '176', '(076) 414-6963'),
(177, '177', '(076) 351-7363'),
(178, '178', '(071) 639-2625'),
(179, '179', '(077) 546-7186'),
(180, '180', '(075) 727-8001'),
(181, '181', '(075) 546-3193'),
(182, '182', '(071) 953-1140'),
(183, '183', '(071) 534-2869'),
(184, '184', '(071) 834-0752'),
(185, '185', '(071) 087-8380'),
(186, '186', '(072) 344-1520'),
(187, '187', '(077) 172-2953'),
(188, '188', '(077) 230-6528'),
(189, '189', '(071) 290-6534'),
(190, '190', '(076) 758-9203'),
(191, '191', '(076) 368-8896'),
(192, '192', '(075) 217-2796'),
(193, '193', '(071) 963-7033'),
(194, '194', '(070) 382-1046'),
(195, '195', '(075) 805-3717'),
(196, '196', '(076) 367-6799'),
(197, '197', '(077) 189-6525'),
(198, '198', '(077) 506-0517'),
(199, '199', '(071) 998-9969'),
(200, '200', '(075) 836-7904'),
(201, '201', '(077) 076-5720'),
(202, '202', '(076) 689-2852'),
(203, '203', '(075) 802-9804'),
(204, '204', '(077) 766-6868'),
(205, '205', '(071) 229-0497'),
(206, '206', '(077) 368-7991'),
(207, '207', '(071) 725-0221'),
(208, '208', '(077) 655-7228'),
(209, '209', '(071) 338-2402'),
(210, '210', '(071) 777-3262'),
(211, '211', '(071) 577-7915'),
(212, '212', '(076) 738-0081'),
(213, '213', '(071) 393-2537'),
(214, '214', '(076) 923-7526'),
(215, '215', '(075) 670-8755'),
(216, '216', '(071) 327-6068'),
(217, '217', '(071) 964-6247'),
(218, '218', '(071) 153-7476'),
(219, '219', '(071) 956-4475'),
(220, '220', '(071) 722-0665'),
(221, '221', '(071) 985-1962'),
(222, '222', '(076) 545-3936'),
(223, '223', '(076) 363-0019'),
(224, '224', '(071) 932-4995'),
(225, '225', '(076) 868-1441'),
(226, '226', '(076) 698-2250'),
(227, '227', '(076) 936-6582'),
(228, '228', '(077) 713-7719'),
(229, '229', '(077) 832-0920'),
(230, '230', '(075) 685-5281'),
(231, '231', '(011) 218-9649'),
(232, '232', '(077) 272-1480'),
(233, '233', '(011) 218-8508'),
(234, '234', '(071) 217-1083'),
(235, '235', '(071) 563-1899'),
(236, '236', '(071) 557-5191'),
(237, '237', '(076) 310-0540'),
(238, '238', '(075) 808-3389'),
(239, '239', '(070) 233-8765'),
(240, '240', '(077) 170-1997'),
(241, '241', '(071) 993-8838'),
(242, '242', '(077) 429-6152'),
(243, '243', '(071) 140-0130'),
(244, '244', '(077) 711-2175'),
(245, '245', '(071) 124-9918'),
(246, '246', '(077) 609-5823'),
(247, '247', '(071) 442-0542'),
(248, '248', '(077) 769-5652'),
(249, '249', '(071) 719-8963'),
(250, '250', '(071) 627-6551'),
(251, '251', '(071) 539-0126'),
(252, '252', '(071) 314-9960'),
(253, '253', '(071) 460-2801'),
(254, '254', '(071) 739-2458'),
(255, '255', '(076) 381-7520'),
(256, '256', '(071) 120-3522'),
(257, '257', '(077) 854-9637'),
(258, '258', '(071) 588-0072'),
(259, '259', '(077) 194-0112'),
(260, '260', '(078) 291-9100'),
(261, '261', '(071) 864-2856'),
(262, '262', '(071) 227-4848'),
(263, '263', '(077) 940-5543'),
(264, '264', '(076) 789-5192'),
(265, '265', '(071) 059-9270'),
(266, '266', '(077) 027-0160'),
(267, '267', '(077) 805-6303'),
(268, '268', '(077) 376-0436'),
(269, '269', '(071) 907-9782'),
(270, '270', '(075) 612-2527'),
(271, '271', '(071) 390-8052'),
(272, '272', '(071) 522-7187'),
(273, '273', '(078) 525-2260'),
(274, '274', '(076) 770-9034'),
(275, '275', '(071) 477-9280'),
(276, '276', '(071) 956-0285'),
(277, '277', '(071) 061-2023'),
(278, '278', '(071) 054-8693'),
(279, '279', '(076) 556-3643'),
(280, '280', '(071) 555-8197'),
(281, '281', '(077) 998-6465'),
(282, '282', '(071) 455-9735'),
(283, '283', '(071) 710-5834'),
(284, '284', '(071) 337-6711'),
(285, '285', '(078) 623-6983'),
(286, '286', '(071) 804-1721'),
(287, '287', '(071) 629-5895'),
(288, '288', '(071) 466-2633'),
(289, '289', '(071) 253-5045'),
(290, '290', '(071) 280-3016'),
(291, '291', '(077) 942-7104'),
(292, '292', '(077) 691-6700'),
(293, '293', '(077) 868-5041'),
(294, '294', '(071) 303-8369'),
(295, '295', '(071) 656-4620'),
(296, '296', '(078) 940-2351'),
(297, '297', '(076) 732-4142'),
(298, '298', '(071) 961-9373'),
(299, '299', '(071) 169-3202'),
(300, '300', '(071) 618-2199'),
(301, '301', '(071) 458-5585'),
(302, '302', '(076) 346-8117'),
(303, '303', '(077) 011-4963'),
(304, '304', '(071) 321-5252'),
(305, '305', '(071) 950-8301'),
(306, '306', '(071) 098-8373'),
(307, '307', '(071) 294-4954'),
(308, '308', '(075) 586-6359'),
(309, '309', '(077) 635-3834'),
(310, '310', '(076) 753-0597'),
(311, '311', '(077) 735-0338'),
(312, '312', '(078) 807-4480'),
(313, '313', '(071) 247-8329'),
(314, '314', '(076) 450-5698'),
(315, '315', '(071) 754-4351'),
(316, '316', '(071) 036-2030'),
(317, '317', '(071) 793-3018'),
(318, '318', '(077) 102-5275'),
(319, '319', '(070) 391-6113'),
(320, '320', '(077) 907-9704'),
(321, '321', '(077) 028-0518'),
(322, '322', '(076) 761-9553'),
(323, '323', '(077) 224-4542'),
(324, '324', '(076) 703-8614'),
(325, '325', '(076) 275-2622'),
(326, '326', '(071) 528-4132'),
(327, '327', '(071) 040-0639'),
(328, '328', '(077) 639-8789'),
(329, '329', '(076) 793-7379'),
(330, '330', '(077) 982-3674'),
(331, '331', '(070) 233-6122'),
(332, '332', '(070) 263-4847'),
(333, '333', '(076) 747-0190'),
(334, '334', '(077) 202-0804'),
(335, '335', '(075) 725-5733'),
(336, '336', '(071) 951-0560'),
(337, '337', '(077) 219-7597'),
(338, '338', '(078) 580-8495'),
(339, '339', '(076) 941-6915'),
(340, '340', '(071) 286-9231'),
(341, '341', '(071) 922-3053'),
(342, '342', '(076) 540-6027'),
(343, '343', '(076) 027-3322'),
(344, '344', '(077) 761-7281'),
(345, '345', '(077) 614-2043'),
(346, '346', '(077) 704-6243'),
(347, '347', '(077) 143-3555'),
(348, '348', '(077) 405-7344'),
(349, '349', '(077) 599-5562'),
(350, '350', '(071) 160-9341'),
(351, '351', '(071) 645-6489'),
(352, '352', '(070) 208-5405'),
(353, '353', '(076) 715-0230'),
(354, '354', '(071) 150-2846'),
(355, '355', '(076) 236-7947'),
(356, '356', '(071) 961-2886'),
(357, '357', '(077) 926-6143'),
(358, '358', '(077) 367-8383'),
(359, '358', '(076) 688-2192'),
(360, '359', '(071) 875-9677'),
(361, '360', '(077) 852-8856'),
(362, '361', '(076) 212-1831'),
(363, '362', '(076) 019-7333'),
(364, '363', '(077) 241-2030'),
(365, '364', '(077) 276-0053'),
(366, '364', '(071) 803-3827'),
(367, '365', '(070) 507-6779'),
(368, '366', '(076) 409-6088'),
(369, '367', '(076) 812-2215'),
(370, '368', '(071) 775-7644'),
(371, '369', '(077) 668-6940'),
(372, '370', '(071) 152-4735'),
(373, '371', '(076) 759-3170'),
(374, '372', '(077) 239-3981'),
(375, '373', '(076) 942-7767'),
(376, '374', '(076) 924-4729'),
(377, '375', '(077) 797-7168'),
(378, '376', '(077) 807-8502'),
(379, '377', '(070) 247-0697'),
(380, '378', '(071) 707-7274'),
(381, '379', '(078) 988-2045'),
(382, '380', '(077) 927-4235'),
(383, '381', '(070) 536-8899'),
(384, '382', '(071) 861-1682'),
(385, '383', '(076) 584-9199'),
(386, '384', '(077) 362-1733'),
(387, '385', '(076) 385-0595'),
(388, '386', '(076) 308-6973'),
(389, '387', '(077) 136-4810'),
(390, '388', '(077) 497-6969'),
(391, '389', '(075) 523-2198'),
(392, '390', '(076) 300-1369'),
(393, '391', '(070) 393-0007'),
(394, '392', '(071) 039-3726'),
(395, '393', '(077) 715-4369'),
(396, '394', '(077) 844-3625'),
(397, '395', '(076) 564-7418'),
(398, '396', '(076) 552-9782'),
(399, '397', '(077) 504-9855'),
(400, '398', '(075) 338-3314'),
(401, '398', '(077) 661-1986'),
(402, '399', '(077) 311-1045'),
(403, '400', '(076) 535-2483'),
(404, '401', '(071) 674-7673'),
(405, '402', '(077) 540-2810'),
(406, '403', '(077) 225-9108'),
(407, '404', '(076) 538-7743'),
(408, '405', '(077) 525-1395'),
(409, '406', '(071) 469-8255'),
(410, '407', '(076) 919-6857'),
(411, '408', '(077) 419-6649'),
(412, '409', '(077) 530-9856'),
(413, '410', '(077) 349-1105'),
(414, '411', '(077) 273-3449'),
(415, '412', '(076) 796-6229'),
(416, '413', '(071) 892-1109'),
(417, '414', '(077) 805-3423'),
(418, '415', '(077) 676-4619'),
(419, '416', '(070) 241-0911'),
(420, '417', '(077) 450-7380'),
(421, '418', '(076) 382-8166'),
(422, '419', '(076) 373-8629'),
(423, '420', '(071) 934-4120'),
(424, '421', '(070) 261-2671'),
(425, '422', '(076) 123-1875'),
(426, '423', '(071) 449-5363'),
(427, '424', '(077) 568-3450'),
(428, '425', '(077) 006-3705'),
(429, '426', '(076) 332-2617'),
(430, '427', '(077) 487-6782'),
(431, '428', '(076) 527-9985'),
(432, '429', '(077) 064-8339'),
(433, '430', '(075) 837-8339'),
(434, '431', '(075) 658-5816'),
(435, '432', '(076) 184-8955'),
(436, '433', '(077) 833-3821'),
(437, '434', '(076) 787-1228'),
(438, '435', '(077) 131-7785'),
(439, '436', '(071) 789-9880'),
(440, '437', '(076) 574-2666'),
(441, '438', '(076) 667-4922'),
(442, '439', '(071) 147-6704'),
(443, '440', '(077) 730-3846'),
(444, '441', '(076) 880-2663'),
(445, '442', '(076) 864-7636'),
(446, '443', '(070) 209-6390'),
(447, '444', '(071) 210-5976'),
(448, '445', '(071) 799-8485'),
(449, '446', '(077) 741-2075'),
(450, '447', '(071) 921-0080'),
(451, '448', '(070) 213-2111'),
(452, '449', '(076) 674-5164'),
(453, '450', '(071) 910-3494'),
(454, '451', '(070) 362-5206'),
(455, '452', '(077) 114-3255'),
(456, '453', '(076) 868-7948'),
(457, '454', '(075) 689-2888'),
(458, '455', '(077) 788-8681'),
(459, '456', '(077) 683-6310'),
(460, '457', '(070) 258-8655'),
(461, '458', '(077) 021-8486'),
(462, '459', '(076) 841-8130'),
(463, '460', '(077) 208-9361'),
(464, '461', '(075) 663-3291'),
(465, '462', '(071) 217-5763'),
(466, '463', '(070) 302-9782'),
(467, '464', '(072) 565-5133'),
(468, '465', '(077) 659-8800'),
(469, '466', '(077) 500-0186'),
(470, '467', '(071) 523-8592'),
(471, '468', '(077) 927-2324'),
(472, '469', '(071) 240-7462'),
(473, '470', '(071) 794-3796'),
(474, '471', '(071) 347-9595'),
(475, '472', '(077) 576-2046'),
(476, '473', '(077) 853-0797'),
(477, '474', '(076) 509-1966'),
(478, '475', '(077) 280-9038'),
(479, '476', '(077) 035-1143'),
(480, '477', '(076) 905-2478'),
(481, '478', '(077) 898-4193'),
(482, '479', '(077) 707-6393'),
(483, '480', '(070) 265-5975'),
(484, '481', '(071) 162-7927'),
(485, '482', '(077) 589-4078'),
(486, '483', '(071) 084-5358'),
(487, '484', '(070) 217-7934'),
(488, '485', '(077) 478-5428'),
(489, '486', '(145) 226-0515'),
(490, '487', '(141) 028-0661'),
(491, '488', '(077) 510-9072'),
(492, '489', '(896) 224-5___'),
(493, '490', '(074) 033-2129'),
(494, '491', '(077) 222-8820'),
(495, '492', '(076) 499-9641'),
(496, '493', '(075) 813-8139'),
(497, '494', '(076) 863-2883'),
(498, '495', '(077) 803-8449'),
(499, '496', '(077) 033-4900'),
(500, '497', '(077) 272-6603'),
(501, '498', '(071) 971-2117'),
(502, '499', '(071) 701-2949'),
(503, '500', '(076) 532-5882'),
(504, '501', '(075) 719-9040'),
(505, '502', '(078) 625-1146'),
(506, '503', '(071) 846-4302'),
(507, '504', '(071) 531-6617'),
(508, '505', '(076) 585-4033'),
(509, '506', '(071) 545-9198'),
(510, '507', '(070) 299-4072'),
(511, '508', '(070) 316-5921'),
(512, '509', '(078) 737-5299'),
(513, '510', '(078) 207-7522'),
(514, '511', '(070) 534-0342'),
(515, '512', '(076) 729-4948'),
(516, '513', '(077) 658-5914'),
(517, '514', '(077) 144-3938'),
(518, '515', '(071) 271-3002'),
(519, '516', '(071) 263-4452'),
(520, '517', '(076) 732-3778'),
(521, '518', '(071) 425-6955'),
(522, '519', '(077) 726-4408'),
(523, '520', '(077) 726-0629'),
(524, '521', '(071) 099-9248'),
(525, '522', '(077) 606-5053'),
(526, '523', '(077) 348-7972'),
(527, '524', '(071) 541-3533'),
(528, '525', '(077) 637-5269'),
(529, '526', '(070) 292-1378'),
(530, '527', '(071) 601-2275'),
(531, '528', '(076) 634-6888'),
(532, '529', '(077) 482-8745'),
(533, '530', '(076) 554-5050'),
(534, '531', '(076) 610-1388'),
(535, '532', '(077) 479-4643'),
(536, '533', '(071) 726-4881'),
(537, '534', '(071) 897-3756'),
(538, '535', '(077) 153-1828'),
(539, '536', '(076) 646-4316'),
(540, '537', '(077) 234-7884'),
(541, '538', '(076) 855-7749'),
(542, '539', '(077) 284-4916'),
(543, '540', '(070) 453-4728'),
(544, '541', '(077) 645-6850'),
(545, '542', '(077) 349-5334'),
(546, '543', '(071) 215-7604'),
(547, '544', '(076) 464-5873'),
(548, '545', '(077) 716-8833'),
(549, '546', '(071) 176-1333'),
(550, '547', '(077) 885-6029'),
(551, '548', '(070) 217-0225'),
(552, '549', '(076) 530-8200'),
(553, '550', '(077) 953-8034'),
(554, '551', '(077) 117-6711'),
(555, '552', '(077) 300-2076'),
(556, '553', '(077) 780-0308'),
(557, '554', '(071) 258-3254'),
(558, '555', '(070) 482-1264'),
(559, '556', '(071) 757-8847'),
(560, '557', '(077) 866-2497'),
(561, '558', '(076) 917-9030'),
(562, '559', '(071) 368-5568'),
(563, '560', '(071) 386-8968'),
(564, '561', '(071) 167-2075');

-- --------------------------------------------------------

--
-- Table structure for table `student_pre_course`
--

CREATE TABLE `student_pre_course` (
  `id` int(100) NOT NULL,
  `nic` varchar(15) NOT NULL,
  `last_course_id` int(50) DEFAULT NULL,
  `count_course` int(50) NOT NULL DEFAULT 1
) ENGINE=MyISAM DEFAULT CHARSET=latin1;

--
-- Dumping data for table `student_pre_course`
--

INSERT INTO `student_pre_course` (`id`, `nic`, `last_course_id`, `count_course`) VALUES
(1, '941681581V', 9, 1),
(2, '946132616V', 9, 1),
(3, '983242677V', 1, 1),
(4, '860971682V', 1, 1),
(5, '851683771V', 13, 1),
(6, '863630452V', 3, 3),
(7, '805212870V', 3, 2),
(8, '886370016V', 3, 2),
(9, '960832795V', 3, 3),
(10, '792990398V', 13, 1),
(11, '633520321V', 7, 1),
(12, '913024010V', 7, 1),
(13, '870861788V', 7, 1),
(14, '832754978V', 4, 1),
(15, '960190297V', 12, 2),
(16, '883442695V', 1, 1),
(17, '942673982V', 1, 1),
(18, '922013098V', 9, 3),
(19, '617521040V', 3, 1),
(20, '886790155V', 3, 1),
(21, '703102166V', 3, 1),
(22, '199981910013', 1, 1),
(23, '980043100V', 1, 1),
(24, '871311315V', 3, 1),
(25, '636290696V', 3, 1),
(26, '937864108V', 1, 1),
(27, '922174369V', 9, 2),
(28, '807322974V', 7, 1),
(29, '801732470V', 3, 1),
(30, '933023648V', 3, 1),
(31, '961282179V', 7, 1),
(32, '610965371V', 9, 1),
(33, '892353379V', 9, 1),
(34, '937651171V', 1, 3),
(35, '860661373V', 13, 1),
(36, '831410663V', 13, 1),
(37, '832020460V', 15, 1),
(38, '872473823V', 15, 1),
(39, '872961089V', 15, 1),
(40, '881601052V', 13, 1),
(41, '932744481V', 7, 2),
(42, '821910960V', 13, 1),
(43, '852743107V', 13, 1),
(44, '930762261V', 13, 1),
(45, '932503930V', 13, 1),
(46, '626532497V', 3, 2),
(47, '813260123V', 7, 1),
(48, '941032427V', 7, 1),
(49, '901930368V', 3, 1),
(50, '892171556V', 13, 1),
(51, '870991193V', 13, 1),
(52, '926273728V', 13, 1),
(53, '883480783V', 1, 1),
(54, '945650850V', 5, 1),
(55, '791230489V', 13, 1),
(56, '841600134V', 13, 1),
(57, '910720147V', 13, 1),
(58, '855053292V', 3, 1),
(59, '960043715V', 1, 1),
(60, '955400070V', 1, 1),
(61, '946370924V', 1, 1),
(62, '956870739V', 1, 1),
(63, '938221685V', 1, 1),
(64, '870841019V', 1, 1),
(65, '923521720V', 1, 1),
(66, '913320336V', 1, 1),
(67, '930793353V', 1, 1),
(68, '942081758V', 1, 1),
(69, '892140146V', 3, 1),
(70, '867470859V', 3, 1),
(71, '851914366V', 3, 1),
(72, '878283252V', 3, 1),
(73, '932012227V', 1, 1),
(74, '956160090V', 1, 1),
(75, '872703942V', 1, 1),
(76, '958144229V', 9, 1),
(77, '870611781V', 1, 1),
(78, '912241432V', 1, 1),
(79, '960081463V', 1, 1),
(80, '882534103V', 1, 1),
(81, '940023408V', 1, 1),
(82, '931052403V', 1, 1),
(83, '891971729V', 1, 1),
(84, '903520639V', 9, 1),
(85, '908272978V', 9, 1),
(86, '932402130V', 9, 1),
(87, '982282608V', 1, 1),
(88, '913090942V', 25, 1),
(89, '872603727V', 25, 1),
(90, '936530460V', 25, 1),
(91, '987062835V', 1, 1),
(92, '963271646V', 1, 1),
(93, '943362890V', 1, 1),
(94, '930430811V', 1, 1),
(95, '822380026V', 1, 1),
(96, '973540734V', 1, 1),
(97, '947162489V', 1, 1),
(98, '891630492V', 7, 1),
(99, '941570275V', 1, 1),
(100, '910960300V', 13, 1),
(101, '923014659V', 7, 1),
(102, '936834094V', 1, 1),
(103, '755322652V', 7, 3),
(104, '876370590V', 3, 2),
(105, '841390288V', 3, 1),
(106, '946080810V', 3, 1),
(107, '953413493V', 3, 1),
(108, '198412602018', 3, 1),
(109, '832011827V', 3, 1),
(110, '905792180V', 3, 1),
(111, '871941548V', 3, 1),
(112, '970730907V', 3, 1),
(113, '800010047V', 3, 1),
(114, '982431328V', 1, 1),
(115, '956432391V', 1, 1),
(116, '199918210283', 1, 1),
(117, '976860136V', 1, 1),
(118, '770234654V', 1, 1),
(119, '973394282V', 15, 2),
(120, '958260237V', 1, 1),
(121, '953083523v', 1, 1),
(122, '967932302v', 1, 1),
(123, '956241936V', 1, 1),
(124, '970313800V', 1, 1),
(125, '961082030V', 1, 1),
(126, '961163617V', 1, 1),
(127, '690700740V', 1, 1),
(128, '961940281V', 1, 1),
(129, '951780405V', 1, 1),
(130, '950382813V', 1, 1),
(131, '963193742v', 1, 1),
(132, '957830046V', 1, 1),
(133, '956351456V', 3, 2),
(134, '841653980V', 3, 2),
(135, '930212474v', 3, 2),
(136, '861172546V', 3, 2),
(137, '675191077V', 13, 2),
(138, '970160400V', 13, 2),
(139, '196924602610', 13, 2),
(140, '862150104V', 13, 2),
(141, '830960392V', 13, 1),
(142, '895381853V', 13, 1),
(143, '897960320V', 13, 1),
(144, '946830429V', 1, 1),
(145, '968031058V', 1, 1),
(146, '961440041V', 1, 1),
(147, '961222834V', 1, 1),
(148, '941482643V', 1, 1),
(149, '610764649V', 1, 1),
(150, '913421264V', 12, 1),
(151, '870182945V', 1, 1),
(152, '832221910V', 1, 1),
(153, '967452033V', 1, 1),
(154, '963254350V', 1, 1),
(155, '960700740V', 1, 1),
(156, '962931898V', 1, 1),
(157, '963372809V', 1, 1),
(158, '961731143V', 1, 1),
(159, '960861264V', 1, 1),
(160, '951470937V', 1, 1),
(161, '966551500V', 1, 1),
(162, '966301023V', 1, 1),
(163, '698050605V', 1, 1),
(164, '968050605V', 1, 1),
(165, '960320980V', 1, 1),
(166, '953133253V', 1, 1),
(167, '962682049V', 1, 1),
(168, '951300519V', 1, 2),
(169, '947411055V', 1, 1),
(170, '956451353V', 1, 1),
(171, '951381624V', 1, 1),
(172, '961022681V', 1, 1),
(173, '953071690V', 1, 1),
(174, '948562375V', 1, 1),
(175, '965392360V', 1, 1),
(176, '942121059V', 1, 1),
(177, '960581954V', 3, 1),
(178, '947321781V', 1, 1),
(179, '937161735V', 1, 1),
(180, '963654375V', 1, 1),
(181, '946672882V', 1, 1),
(182, '196503210053', 3, 1),
(183, '872383450V', 7, 1),
(184, '958420862V', 1, 1),
(185, '938643261V', 1, 1),
(186, '951341223V', 1, 1),
(187, '972742570V', 1, 1),
(188, '958063989V', 1, 1),
(189, '956373000V', 1, 1),
(190, '957502024V', 1, 1),
(191, '962621651V', 1, 1),
(192, '957460810V', 1, 1),
(193, '973404067V', 1, 1),
(194, '947379413V', 3, 1),
(195, '552910419V', 3, 1),
(196, '952273256V', 35, 2),
(197, '990220077v', 5, 1),
(198, '987213272v', 5, 1),
(199, '866463816v', 5, 1),
(200, '966454326v', 5, 1),
(201, '861470610V', 3, 1),
(202, '943570477V', 1, 1),
(203, '768590400V', 3, 1),
(204, '870021828V', 9, 1),
(205, '911910748V', 9, 1),
(206, '901752460V', 1, 1),
(207, '901460213V', 9, 1),
(208, '823154645V', 13, 1),
(209, '981270851V', 1, 2),
(210, '983161316V', 1, 2),
(211, '892671192V', 3, 1),
(212, '915992048V', 3, 1),
(213, '932430258V', 3, 1),
(214, '881003821V', 3, 1),
(215, '199553500995', 3, 1),
(216, '976561481V', 1, 2),
(217, '966092297V', 1, 1),
(218, '977663520V', 1, 1),
(219, '950741627V', 1, 1),
(220, '961662133V', 1, 1),
(221, '966311754V', 1, 1),
(222, '975811158V', 1, 1),
(223, '976840151v', 1, 1),
(224, '916433328V', 1, 1),
(225, '982852382V', 1, 1),
(226, '977471206V', 1, 1),
(227, '962060064v', 1, 1),
(228, '960980166V', 1, 1),
(229, '973391526V', 1, 1),
(230, '199814600588', 1, 1),
(231, '892530114V', 1, 1),
(232, '972673536V', 1, 1),
(233, '978370209V', 1, 1),
(234, '982821789V', 1, 1),
(235, '931732811V', 1, 1),
(236, '935972264V', 1, 1),
(237, '920581145V', 1, 1),
(238, '861780015V', 1, 1),
(239, '932200600V', 1, 1),
(240, '712143465V', 1, 1),
(241, '872233032V', 14, 1),
(242, '803250022V', 14, 1),
(243, '700562638V', 14, 1),
(244, '818394233V', 1, 1),
(245, '912261590V', 1, 1),
(246, '863022738V', 9, 1),
(247, '852550945V', 3, 1),
(248, '198314900918', 5, 1),
(249, '957261906V', 1, 1),
(250, '910163345V', 7, 1),
(251, '992922958V', 1, 1),
(252, '921640676V', 1, 1),
(253, '742861902V', 7, 1),
(254, '850691088V', 23, 1),
(255, '892154015V', 23, 1),
(256, '953301792V', 23, 1),
(257, '895083801V', 23, 1),
(258, '931701037V', 13, 1),
(259, '922994226V', 13, 1),
(260, '922190828V', 13, 1),
(261, '941700578V', 13, 1),
(262, '927642956V', 13, 1),
(263, '940411009V', 23, 1),
(264, '885141102V', 3, 1),
(265, '940292794V', 3, 1),
(266, '962322573V', 3, 1),
(267, '977852072V', 1, 1),
(268, '875201395V', 1, 1),
(269, '200019500458', 1, 1),
(270, '925531294V', 3, 1),
(271, '945522810V', 3, 1),
(272, '952180665V', 3, 1),
(273, '905331710V', 3, 1),
(274, '882620123V', 3, 1),
(275, '907030687V', 3, 1),
(276, '965433775V', 3, 1),
(277, '911570092V', 3, 1),
(278, '870680260V', 3, 1),
(279, '921150105V', 3, 1),
(280, '941181996V', 3, 1),
(281, '932191628V', 3, 1),
(282, '770512387V', 3, 1),
(283, '942972482V', 1, 1),
(284, '960522346V', 3, 1),
(285, '927810859V', 7, 1),
(286, '920070523V', 7, 1),
(287, '790640000V', 3, 1),
(288, '843060420V', 3, 1),
(289, '198408101077', 3, 1),
(290, '951410853V', 23, 1),
(291, '930694029V', 0, 2),
(292, '917481679V', 7, 1),
(293, '890350054V', 23, 1),
(294, '953002477V', 23, 1),
(295, '931532758V', 23, 1),
(296, '950751584V', 23, 1),
(297, '951251151v', 1, 1),
(298, '973303538V', 1, 1),
(299, '891460864V', 1, 1),
(300, '882643960V', 1, 1),
(301, '872161465V', 1, 1),
(302, '917292701v', 1, 1),
(303, '922431256v', 1, 1),
(304, '200022500760', 1, 1),
(305, '199333204494', 1, 1),
(306, '981382200v', 1, 1),
(307, '931080458v', 1, 1),
(308, '932571170v', 1, 1),
(309, '946960489v', 1, 1),
(310, '960020570v', 1, 1),
(311, '938172994v', 1, 1),
(312, '961132592v', 32, 1),
(313, '968302086v', 32, 1),
(314, '947360272v', 32, 1),
(315, '966991445v', 32, 1),
(316, '968244027v', 32, 1),
(317, '970382488v', 32, 1),
(318, '973100688v', 32, 1),
(319, '672641250v', 32, 1),
(320, '200129704561', 32, 1),
(321, '200263510059', 32, 1),
(322, '200133503609', 32, 1),
(323, '967942758V', 32, 1),
(324, '992185880V', 32, 1),
(325, '890191096V', 36, 1),
(326, '985220930V', 36, 1),
(327, '930263230V', 36, 1),
(328, '918663657V', 36, 1),
(329, '995831937V', 35, 1),
(330, '992972670V', 35, 1),
(331, '811593796V', 35, 1),
(332, '926561065V', 35, 1),
(333, '199718203240', 45, 1),
(334, '200112002182', 32, 1),
(335, '200032701507', 32, 1),
(336, '200135502857', 32, 1),
(337, '200111902578', 32, 1),
(338, '933240010V', 37, 1),
(339, '968052411V', 37, 1),
(340, '920561888V', 32, 1),
(341, '901950830V', 39, 1),
(342, '199014802268', 45, 1),
(343, '960802209V', 45, 1),
(344, '963271387V', 45, 1),
(345, '199229900077', 45, 1),
(346, '991963324V', 32, 1),
(347, '946011401V', 33, 1),
(348, '932160854V', 33, 1),
(349, '962260942V', 32, 1),
(350, '200067402888', 32, 1),
(351, '956750172V', 32, 1),
(352, '200025203880', 32, 1),
(353, '896243500V', 33, 1),
(354, '199610601865', 32, 1),
(355, '983011721V', 33, 1),
(356, '199417000667', 33, 1),
(357, '802150580V', 44, 1),
(358, '990631344V', 32, 1),
(359, '930530212V', 32, 1),
(360, '971790628V', 32, 1),
(361, '199728810038', 40, 1),
(362, '863472784V', 32, 1),
(363, '199851102169', 32, 1),
(364, '200001503554', 32, 1),
(365, '972422215V', 54, 1),
(366, '943310700V', 32, 1),
(367, '199626802642', 32, 1),
(368, '990872333V', 32, 1),
(369, '200014402720', 32, 1),
(370, '200082904084', 32, 1),
(371, '199710901525', 37, 1),
(372, '977593727V', 37, 1),
(373, '970702920V', 37, 1),
(374, '200307411097', 32, 1),
(375, '896360540V', 32, 1),
(376, '977460816V', 32, 1),
(377, '977590213V', 32, 1),
(378, '199935210104', 32, 1),
(379, '956981743V', 33, 1),
(380, '750251692V', 54, 1),
(381, '891850620V', 54, 1),
(382, '822291503V', 54, 1),
(383, '910281682V', 54, 1),
(384, '753431888V', 54, 1),
(385, '901470111V', 32, 1),
(386, '952970763V', 32, 1),
(387, '940143411V', 32, 1),
(388, '199677402066', 32, 1),
(389, '200017802946', 32, 1),
(390, '983010270V', 32, 1),
(391, '199933110070', 40, 1),
(392, '200002903208', 40, 1),
(393, '982944082V', 40, 1),
(394, '928250466V', 32, 1),
(395, '886530609V', 32, 1),
(396, '200035002231', 32, 1),
(397, '861152006V', 32, 1),
(398, '910803360V', 32, 1),
(399, '200026802465', 32, 1),
(400, '958650388V', 32, 1),
(401, '199826601250', 32, 1),
(402, '200024403983', 32, 1),
(403, '200112203988', 32, 1),
(404, '863162319V', 32, 1),
(405, '953343100V', 54, 1),
(406, '197932104030', 54, 1),
(407, '983530680V', 32, 1),
(408, '199813603515', 32, 1),
(409, '199855901792', 32, 1),
(410, '925842702V', 52, 1),
(411, '962291848V', 52, 1),
(412, '936060226V', 54, 1),
(413, '961822750V', 54, 1),
(414, '942921160V', 33, 1),
(415, '972551716V', 33, 1),
(416, '936001190V', 33, 1),
(417, '199736203273', 54, 1),
(418, '961740037V', 54, 1),
(419, '961271886V', 54, 1),
(420, '951810770V', 54, 1),
(421, '978303617V', 54, 1),
(422, '667690870V', 33, 1),
(423, '868302577V', 33, 1),
(424, '200383000240', 32, 1),
(425, '200036602182', 32, 1),
(426, '965303014V', 54, 1),
(427, '975042499V', 54, 1),
(428, '950902353V', 42, 1),
(429, '199923701501', 32, 1),
(430, '991543090V', 32, 1),
(431, '930331066V', 39, 1),
(432, '990802122V', 32, 1),
(433, '911100665V', 32, 1),
(434, '883363736V', 39, 1),
(435, '199312901742', 37, 1),
(436, '951504017V', 32, 1),
(437, '992410108V', 32, 1),
(438, '947700073V', 32, 1),
(439, '940652812V', 48, 1),
(440, '200322212917', 32, 1),
(441, '199709301144', 54, 1),
(442, '963334478V', 54, 1),
(443, '972401390V', 54, 1),
(444, '977844274V', 54, 1),
(445, '962570070V', 54, 1),
(446, '978500684V', 54, 1),
(447, '970203540V', 54, 1),
(448, '977131073V', 54, 1),
(449, '962692737V', 54, 1),
(450, '972610950V', 54, 1),
(451, '200111402236', 33, 1),
(452, '200027503168', 33, 1),
(453, '987270373V', 32, 1),
(454, '763161110V', 32, 1),
(455, '940310709V', 32, 1),
(456, '980081354V', 32, 1),
(457, '200050301104', 32, 1),
(458, '941062342V', 32, 1),
(459, '923061975V', 32, 1),
(460, '973083040V', 32, 1),
(461, '971610115V', 32, 1),
(462, '988570494V', 32, 1),
(463, '977990521V', 32, 1),
(464, '952650165V', 33, 1),
(465, '911403013V', 47, 1),
(466, '916430361V', 33, 1),
(467, '861360113V', 33, 1),
(468, '198709303479', 33, 1),
(469, '198430201000', 32, 1),
(470, '956041589V', 34, 1),
(471, '981083040V', 32, 1),
(472, '972741078V', 32, 1),
(473, '830710345V', 33, 1),
(474, '948450666V', 52, 1),
(475, '822430686V', 32, 1),
(476, '199408503346', 32, 1),
(477, '972292117V', 32, 1),
(478, '199935710268', 32, 1),
(479, '953310201V', 54, 1),
(480, '910612166V', 54, 1),
(481, '932962535V', 32, 1),
(482, '937852142V', 32, 1),
(483, '933662772V', 32, 1),
(484, '813662795V', 32, 1),
(485, '921362242V', 32, 1),
(486, '852352078V', 32, 1),
(487, '896570919V', 32, 1),
(488, '841302753V', 32, 1),
(489, '199413510014', 37, 1),
(490, '850120250V', 33, 1),
(491, '938590400V', 37, 1),
(492, '981711769V', 33, 1),
(493, '923593381V', 32, 1),
(494, '820943732V', 33, 1),
(495, '938473528V', 37, 1),
(496, '893030875V', 32, 1),
(497, '960892810V', 33, 1),
(498, '900534701V', 40, 1),
(499, '891310030V', 32, 1),
(500, '960710681V', 32, 1),
(501, '199727201476', 32, 1),
(502, '717222873V', 33, 1),
(503, '976091418V', 54, 1),
(504, '977920515V', 54, 1),
(505, '199603200271', 54, 1),
(506, '985302995V', 54, 1),
(507, '967690139V', 54, 1),
(508, '972111392V', 54, 1),
(509, '976450671V', 54, 1),
(510, '966971096V', 32, 1),
(511, '970921095V', 32, 1),
(512, '993142026V', 32, 1),
(513, '982201357V', 32, 1),
(514, '200252610129', 32, 1),
(515, '965170901V', 37, 1),
(516, '199832410375', 32, 1),
(517, '200029301872', 32, 1),
(518, '200068302712', 42, 1),
(519, '733191996V', 32, 1),
(520, '923020438V', 32, 1),
(521, '983151892V', 39, 1),
(522, '200400512826', 32, 1),
(523, '972191051V', 32, 1),
(524, '982801923V', 32, 1),
(525, '973042793V', 32, 1),
(526, '992330333V', 32, 1),
(527, '935480337V', 32, 1),
(528, '943143412V', 39, 1),
(529, '903031026V', 34, 1),
(530, '993311839V', 32, 1),
(531, '950963450V', 39, 1),
(532, '199701603697', 32, 1),
(533, '901791481V', 32, 1),
(534, '911630567V', 39, 1),
(535, '967020451V', 32, 1),
(536, '771480160V', 33, 1),
(537, '743363515V', 33, 1),
(538, '866373574V', 51, 1),
(539, '978393403V', 32, 1),
(540, '821551668V', 33, 1),
(541, '881891948V', 33, 1),
(542, '200067502042', 32, 1),
(543, '200071301475', 32, 1),
(544, '913272609V', 32, 1),
(545, '975100782V', 32, 1),
(546, '912991580V', 42, 1),
(547, '992621141V', 32, 1),
(548, '922871990V', 37, 1),
(549, '199918600215', 32, 1),
(550, '199331703283', 43, 1),
(551, '197208600708', 39, 1),
(552, '198409000940', 32, 1),
(553, '971301813V', 32, 1),
(554, '972162817V', 32, 1),
(555, '199366303420', 33, 1),
(556, '199831700161', 32, 1),
(557, '966511214V', 33, 1),
(558, '943643334V', 33, 1),
(559, '971023945V', 33, 1),
(560, '958110545V', 33, 1);

-- --------------------------------------------------------

--
-- Table structure for table `t_time`
--

CREATE TABLE `t_time` (
  `id` int(11) NOT NULL,
  `le_name` varchar(100) NOT NULL,
  `co_name` varchar(100) NOT NULL,
  `s_time` time NOT NULL,
  `e_time` time NOT NULL,
  `to_time` time NOT NULL,
  `coverage` varchar(500) NOT NULL,
  `approval` text NOT NULL DEFAULT 'Not Approved',
  `f_approval` text NOT NULL,
  `g_approval` text NOT NULL DEFAULT 'Not Approved',
  `sy_time` timestamp NOT NULL DEFAULT current_timestamp(),
  `pay_confirm` varchar(10) NOT NULL,
  `rdate` date DEFAULT NULL,
  `pay` int(10) NOT NULL,
  `as_id` int(11) NOT NULL
) ENGINE=InnoDB DEFAULT CHARSET=utf8mb4;

--
-- Indexes for dumped tables
--

--
-- Indexes for table `admin`
--
ALTER TABLE `admin`
  ADD PRIMARY KEY (`admin_id`),
  ADD UNIQUE KEY `username` (`username`);

--
-- Indexes for table `branch`
--
ALTER TABLE `branch`
  ADD PRIMARY KEY (`branch_id`);

--
-- Indexes for table `branch_per`
--
ALTER TABLE `branch_per`
  ADD PRIMARY KEY (`branch_per_id`);

--
-- Indexes for table `course`
--
ALTER TABLE `course`
  ADD PRIMARY KEY (`course_id`);

--
-- Indexes for table `course_installment`
--
ALTER TABLE `course_installment`
  ADD PRIMARY KEY (`course_id`);

--
-- Indexes for table `c_assign`
--
ALTER TABLE `c_assign`
  ADD PRIMARY KEY (`id`);

--
-- Indexes for table `discount_group`
--
ALTER TABLE `discount_group`
  ADD PRIMARY KEY (`id`);

--
-- Indexes for table `discount_member`
--
ALTER TABLE `discount_member`
  ADD PRIMARY KEY (`id`);

--
-- Indexes for table `lecture_reg`
--
ALTER TABLE `lecture_reg`
  ADD PRIMARY KEY (`id`);

--
-- Indexes for table `lec_pay`
--
ALTER TABLE `lec_pay`
  ADD PRIMARY KEY (`id`);

--
-- Indexes for table `log`
--
ALTER TABLE `log`
  ADD PRIMARY KEY (`log_id`);

--
-- Indexes for table `payment`
--
ALTER TABLE `payment`
  ADD PRIMARY KEY (`pay_id`);

--
-- Indexes for table `payment_installment`
--
ALTER TABLE `payment_installment`
  ADD PRIMARY KEY (`ins_id`);

--
-- Indexes for table `payment_receipt`
--
ALTER TABLE `payment_receipt`
  ADD PRIMARY KEY (`pr_id`);

--
-- Indexes for table `payment_receipt_refund_log`
--
ALTER TABLE `payment_receipt_refund_log`
  ADD PRIMARY KEY (`rrid`);

--
-- Indexes for table `payment_refund_log`
--
ALTER TABLE `payment_refund_log`
  ADD PRIMARY KEY (`refund_id`);

--
-- Indexes for table `student`
--
ALTER TABLE `student`
  ADD PRIMARY KEY (`std_id`);

--
-- Indexes for table `student_branch`
--
ALTER TABLE `student_branch`
  ADD PRIMARY KEY (`std_id`);

--
-- Indexes for table `student_course`
--
ALTER TABLE `student_course`
  ADD PRIMARY KEY (`std_course_id`);

--
-- Indexes for table `student_course_batch`
--
ALTER TABLE `student_course_batch`
  ADD PRIMARY KEY (`scb_aid`);

--
-- Indexes for table `student_course_batch_info`
--
ALTER TABLE `student_course_batch_info`
  ADD PRIMARY KEY (`sbi_aid`);

--
-- Indexes for table `student_group`
--
ALTER TABLE `student_group`
  ADD PRIMARY KEY (`id`);

--
-- Indexes for table `student_group_tot`
--
ALTER TABLE `student_group_tot`
  ADD PRIMARY KEY (`group_id`);

--
-- Indexes for table `student_phone`
--
ALTER TABLE `student_phone`
  ADD PRIMARY KEY (`sp_id`);

--
-- Indexes for table `student_pre_course`
--
ALTER TABLE `student_pre_course`
  ADD PRIMARY KEY (`id`);

--
-- Indexes for table `t_time`
--
ALTER TABLE `t_time`
  ADD PRIMARY KEY (`id`);

--
-- AUTO_INCREMENT for dumped tables
--

--
-- AUTO_INCREMENT for table `admin`
--
ALTER TABLE `admin`
  MODIFY `admin_id` int(50) NOT NULL AUTO_INCREMENT, AUTO_INCREMENT=135;

--
-- AUTO_INCREMENT for table `branch`
--
ALTER TABLE `branch`
  MODIFY `branch_id` int(50) NOT NULL AUTO_INCREMENT, AUTO_INCREMENT=211;

--
-- AUTO_INCREMENT for table `course`
--
ALTER TABLE `course`
  MODIFY `course_id` int(200) NOT NULL AUTO_INCREMENT, AUTO_INCREMENT=58;

--
-- AUTO_INCREMENT for table `c_assign`
--
ALTER TABLE `c_assign`
  MODIFY `id` int(11) NOT NULL AUTO_INCREMENT, AUTO_INCREMENT=134;

--
-- AUTO_INCREMENT for table `discount_group`
--
ALTER TABLE `discount_group`
  MODIFY `id` int(50) NOT NULL AUTO_INCREMENT, AUTO_INCREMENT=34;

--
-- AUTO_INCREMENT for table `discount_member`
--
ALTER TABLE `discount_member`
  MODIFY `id` int(50) NOT NULL AUTO_INCREMENT, AUTO_INCREMENT=7;

--
-- AUTO_INCREMENT for table `lecture_reg`
--
ALTER TABLE `lecture_reg`
  MODIFY `id` int(11) NOT NULL AUTO_INCREMENT, AUTO_INCREMENT=17;

--
-- AUTO_INCREMENT for table `lec_pay`
--
ALTER TABLE `lec_pay`
  MODIFY `id` int(8) NOT NULL AUTO_INCREMENT, AUTO_INCREMENT=23;

--
-- AUTO_INCREMENT for table `log`
--
ALTER TABLE `log`
  MODIFY `log_id` int(255) NOT NULL AUTO_INCREMENT, AUTO_INCREMENT=660;

--
-- AUTO_INCREMENT for table `payment`
--
ALTER TABLE `payment`
  MODIFY `pay_id` int(250) NOT NULL AUTO_INCREMENT, AUTO_INCREMENT=250;

--
-- AUTO_INCREMENT for table `payment_installment`
--
ALTER TABLE `payment_installment`
  MODIFY `ins_id` int(150) NOT NULL AUTO_INCREMENT, AUTO_INCREMENT=140;

--
-- AUTO_INCREMENT for table `payment_receipt`
--
ALTER TABLE `payment_receipt`
  MODIFY `pr_id` int(250) NOT NULL AUTO_INCREMENT, AUTO_INCREMENT=469;

--
-- AUTO_INCREMENT for table `payment_receipt_refund_log`
--
ALTER TABLE `payment_receipt_refund_log`
  MODIFY `rrid` int(250) NOT NULL AUTO_INCREMENT, AUTO_INCREMENT=3;

--
-- AUTO_INCREMENT for table `payment_refund_log`
--
ALTER TABLE `payment_refund_log`
  MODIFY `refund_id` int(250) NOT NULL AUTO_INCREMENT;

--
-- AUTO_INCREMENT for table `student`
--
ALTER TABLE `student`
  MODIFY `std_id` int(200) NOT NULL AUTO_INCREMENT, AUTO_INCREMENT=562;

--
-- AUTO_INCREMENT for table `student_course`
--
ALTER TABLE `student_course`
  MODIFY `std_course_id` int(50) NOT NULL AUTO_INCREMENT, AUTO_INCREMENT=593;

--
-- AUTO_INCREMENT for table `student_course_batch_info`
--
ALTER TABLE `student_course_batch_info`
  MODIFY `sbi_aid` int(255) NOT NULL AUTO_INCREMENT, AUTO_INCREMENT=130;

--
-- AUTO_INCREMENT for table `student_group`
--
ALTER TABLE `student_group`
  MODIFY `id` int(150) NOT NULL AUTO_INCREMENT, AUTO_INCREMENT=20;

--
-- AUTO_INCREMENT for table `student_phone`
--
ALTER TABLE `student_phone`
  MODIFY `sp_id` int(100) NOT NULL AUTO_INCREMENT, AUTO_INCREMENT=565;

--
-- AUTO_INCREMENT for table `student_pre_course`
--
ALTER TABLE `student_pre_course`
  MODIFY `id` int(100) NOT NULL AUTO_INCREMENT, AUTO_INCREMENT=561;

--
-- AUTO_INCREMENT for table `t_time`
--
ALTER TABLE `t_time`
  MODIFY `id` int(11) NOT NULL AUTO_INCREMENT, AUTO_INCREMENT=150;
COMMIT;

/*!40101 SET CHARACTER_SET_CLIENT=@OLD_CHARACTER_SET_CLIENT */;
/*!40101 SET CHARACTER_SET_RESULTS=@OLD_CHARACTER_SET_RESULTS */;
/*!40101 SET COLLATION_CONNECTION=@OLD_COLLATION_CONNECTION */;
